{
    "SiteRep": {
        "Wx": {
            "Param": [
                {
                    "name": "G",
                    "units": "mph",
                    "$": "Wind Gust"
                },
                {
                    "name": "T",
                    "units": "C",
                    "$": "Temperature"
                },
                {
                    "name": "V",
                    "units": "m",
                    "$": "Visibility"
                },
                {
                    "name": "D",
                    "units": "compass",
                    "$": "Wind Direction"
                },
                {
                    "name": "S",
                    "units": "mph",
                    "$": "Wind Speed"
                },
                {
                    "name": "W",
                    "units": "",
                    "$": "Weather Type"
                },
                {
                    "name": "P",
                    "units": "hpa",
                    "$": "Pressure"
                },
                {
                    "name": "Pt",
                    "units": "Pa/s",
                    "$": "Pressure Tendency"
                },
                {
                    "name": "Dp",
                    "units": "C",
                    "$": "Dew Point"
                },
                {
                    "name": "H",
                    "units": "%",
                    "$": "Screen Relative Humidity"
                }
            ]
        },
        "DV": {
            "dataDate": "2023-12-31T16:00:00Z",
            "type": "Obs",
            "Location": {
                "i": "3772",
                "lat": "51.479",
                "lon": "-0.449",
                "name": "HEATHROW",
                "country": "ENGLAND",
                "continent": "EUROPE",
                "elevation": "25.0",
                "Period": [
                    {
                        "type": "Day",
                        "value": "2023-12-30Z",
                        "Rep": [
                            {
                                "D": "S",
                                "G": "29",
                                "H": "81.8",
                                "P": "1001",
                                "S": "16",
                                "T": "11.6",
                                "V": "28000",
                                "W": "8",
                                "Pt": "F",
                                "Dp": "8.6",
                                "$": "960"
                            },
                            {
                                "D": "S",
                                "G": "28",
                                "H": "88.6",
                                "P": "1000",
                                "S": "17",
                                "T": "11.2",
                                "V": "8000",
                                "W": "11",
                                "Pt": "F",
                                "Dp": "9.4",
                                "$": "1020"
                            },
                            {
                                "D": "S",
                                "G": "30",
                                "H": "92.3",
                                "P": "999",
                                "S": "16",
                                "T": "11.1",
                                "V": "11000",
                                "W": "8",
                                "Pt": "F",
                                "Dp": "9.9",
                                "$": "1080"
                            },
                            {
                                "D": "S",
                                "G": "30",
                                "H": "85.8",
                                "P": "997",
                                "S": "17",
                                "T": "11.7",
                                "V": "25000",
                                "W": "8",
                                "Pt": "F",
                                "Dp": "9.4",
                                "$": "1140"
                            },
                            {
                                "D": "S",
                                "G": "34",
                                "H": "85.3",
                                "P": "996",
                                "S": "19",
                                "T": "11.6",
                                "V": "30000",
                                "W": "8",
                                "Pt": "F",
                                "Dp": "9.2",
                                "$": "1200"
                            },
                            {
                                "D": "S",
                                "G": "36",
                                "H": "82.4",
                                "P": "995",
                                "S": "18",
                                "T": "11.8",
                                "V": "29000",
                                "W": "8",
                                "Pt": "F",
                                "Dp": "8.9",
                                "$": "1260"
                            },
                            {
                                "D": "S",
                                "G": "40",
                                "H": "80.3",
                                "P": "993",
                                "S": "23",
                                "T": "12.0",
                                "V": "35000",
                                "W": "12",
                                "Pt": "F",
                                "Dp": "8.7",
                                "$": "1320"
                            },
                            {
                                "D": "SSE",
                                "G": "41",
                                "H": "82.5",
                                "P": "991",
                                "S": "25",
                                "T": "11.8",
                                "V": "35000",
                                "W": "8",
                                "Pt": "F",
                                "Dp": "8.9",
                                "$": "1380"
                            }
                        ]
                    },
                    {
                        "type": "Day",
                        "value": "2023-12-31Z",
                        "Rep": [
                            {
                                "D": "SSE",
                                "G": "60",
                                "H": "85.8",
                                "P": "989",
                                "S": "25",
                                "T": "11.1",
                                "V": "2900",
                                "W": "12",
                                "Pt": "F",
                                "Dp": "8.8",
                                "$": "0"
                            },
                            {
                                "D": "S",
                                "G": "46",
                                "H": "91.0",
                                "P": "989",
                                "S": "14",
                                "T": "8.5",
                                "V": "20000",
                                "W": "12",
                                "Pt": "F",
                                "Dp": "7.1",
                                "$": "60"
                            },
                            {
                                "D": "S",
                                "G": "21",
                                "H": "94.7",
                                "P": "988",
                                "S": "11",
                                "T": "7.9",
                                "V": "11000",
                                "W": "12",
                                "Pt": "F",
                                "Dp": "7.1",
                                "$": "120"
                            },
                            {
                                "D": "SSE",
                                "G": "18",
                                "H": "94.7",
                                "P": "987",
                                "S": "10",
                                "T": "8.2",
                                "V": "7000",
                                "W": "12",
                                "Pt": "F",
                                "Dp": "7.4",
                                "$": "180"
                            },
                            {
                                "D": "SSE",
                                "G": "24",
                                "H": "94.2",
                                "P": "986",
                                "S": "14",
                                "T": "8.3",
                                "V": "5000",
                                "W": "12",
                                "Pt": "F",
                                "Dp": "7.4",
                                "$": "240"
                            },
                            {
                                "D": "SSW",
                                "G": "33",
                                "H": "88.5",
                                "P": "985",
                                "S": "23",
                                "T": "8.1",
                                "V": "30000",
                                "W": "12",
                                "Pt": "F",
                                "Dp": "6.3",
                                "$": "300"
                            },
                            {
                                "D": "SW",
                                "G": "33",
                                "H": "88.9",
                                "P": "987",
                                "S": "17",
                                "T": "6.6",
                                "V": "75000",
                                "W": "8",
                                "Pt": "F",
                                "Dp": "4.9",
                                "$": "360"
                            },
                            {
                                "D": "SSW",
                                "G": "21",
                                "H": "87.7",
                                "P": "987",
                                "S": "10",
                                "T": "6.0",
                                "V": "65000",
                                "W": "0",
                                "Pt": "R",
                                "Dp": "4.1",
                                "$": "420"
                            },
                            {
                                "D": "S",
                                "G": "19",
                                "H": "88.9",
                                "P": "988",
                                "S": "8",
                                "T": "5.9",
                                "V": "50000",
                                "W": "2",
                                "Pt": "R",
                                "Dp": "4.2",
                                "$": "480"
                            },
                            {
                                "D": "S",
                                "G": "17",
                                "H": "90.1",
                                "P": "987",
                                "S": "11",
                                "T": "6.4",
                                "V": "30000",
                                "W": "3",
                                "Pt": "R",
                                "Dp": "4.9",
                                "$": "540"
                            },
                            {
                                "D": "S",
                                "G": "19",
                                "H": "84.2",
                                "P": "987",
                                "S": "14",
                                "T": "7.9",
                                "V": "24000",
                                "W": "7",
                                "Pt": "R",
                                "Dp": "5.4",
                                "$": "600"
                            },
                            {
                                "D": "S",
                                "G": "26",
                                "H": "85.5",
                                "P": "987",
                                "S": "16",
                                "T": "8.3",
                                "V": "30000",
                                "W": "8",
                                "Pt": "F",
                                "Dp": "6.0",
                                "$": "660"
                            },
                            {
                                "D": "SW",
                                "G": "28",
                                "H": "78.9",
                                "P": "987",
                                "S": "18",
                                "T": "9.2",
                                "V": "35000",
                                "W": "8",
                                "Pt": "F",
                                "Dp": "5.7",
                                "$": "720"
                            },
                            {
                                "D": "SW",
                                "G": "32",
                                "H": "74.3",
                                "P": "987",
                                "S": "19",
                                "T": "9.9",
                                "V": "27000",
                                "W": "8",
                                "Pt": "S",
                                "Dp": "5.5",
                                "$": "780"
                            },
                            {
                                "D": "SW",
                                "G": "32",
                                "H": "71.7",
                                "P": "987",
                                "S": "17",
                                "T": "10.1",
                                "V": "24000",
                                "W": "8",
                                "Pt": "S",
                                "Dp": "5.2",
                                "$": "840"
                            },
                            {
                                "D": "SW",
                                "G": "31",
                                "H": "70.8",
                                "P": "988",
                                "S": "19",
                                "T": "10.2",
                                "V": "23000",
                                "W": "12",
                                "Pt": "R",
                                "Dp": "5.1",
                                "$": "900"
                            },
                            {
                                "D": "SW",
                                "G": "39",
                                "H": "86.7",
                                "P": "989",
                                "S": "14",
                                "T": "8.0",
                                "V": "10000",
                                "W": "12",
                                "Pt": "R",
                                "Dp": "5.9",
                                "$": "960"
                            }
                        ]
                    }
                ]
            }
        }
    }
}