{
    "SiteRep": {
        "Wx": {
            "Param": [
                {
                    "name": "G",
                    "units": "mph",
                    "$": "Wind Gust"
                },
                {
                    "name": "T",
                    "units": "C",
                    "$": "Temperature"
                },
                {
                    "name": "V",
                    "units": "m",
                    "$": "Visibility"
                },
                {
                    "name": "D",
                    "units": "compass",
                    "$": "Wind Direction"
                },
                {
                    "name": "S",
                    "units": "mph",
                    "$": "Wind Speed"
                },
                {
                    "name": "W",
                    "units": "",
                    "$": "Weather Type"
                },
                {
                    "name": "P",
                    "units": "hpa",
                    "$": "Pressure"
                },
                {
                    "name": "Pt",
                    "units": "Pa/s",
                    "$": "Pressure Tendency"
                },
                {
                    "name": "Dp",
                    "units": "C",
                    "$": "Dew Point"
                },
                {
                    "name": "H",
                    "units": "%",
                    "$": "Screen Relative Humidity"
                }
            ]
        },
        "DV": {
            "dataDate": "2023-12-30T16:00:00Z",
            "type": "Obs",
            "Location": {
                "i": "3772",
                "lat": "51.479",
                "lon": "-0.449",
                "name": "HEATHROW",
                "country": "ENGLAND",
                "continent": "EUROPE",
                "elevation": "25.0",
                "Period": [
                    {
                        "type": "Day",
                        "value": "2023-12-29Z",
                        "Rep": [
                            {
                                "D": "WSW",
                                "G": "34",
                                "H": "70.9",
                                "P": "1006",
                                "S": "18",
                                "T": "10.1",
                                "V": "60000",
                                "W": "8",
                                "Pt": "R",
                                "Dp": "5.1",
                                "$": "960"
                            },
                            {
                                "D": "WSW",
                                "G": "30",
                                "H": "71.8",
                                "P": "1007",
                                "S": "17",
                                "T": "9.5",
                                "V": "55000",
                                "W": "7",
                                "Pt": "R",
                                "Dp": "4.7",
                                "$": "1020"
                            },
                            {
                                "D": "WSW",
                                "G": "31",
                                "H": "71.8",
                                "P": "1008",
                                "S": "17",
                                "T": "9.0",
                                "V": "50000",
                                "W": "2",
                                "Pt": "R",
                                "Dp": "4.2",
                                "$": "1080"
                            },
                            {
                                "D": "WSW",
                                "G": "23",
                                "H": "76.8",
                                "P": "1008",
                                "S": "16",
                                "T": "8.0",
                                "V": "50000",
                                "W": "0",
                                "Pt": "R",
                                "Dp": "4.2",
                                "$": "1140"
                            },
                            {
                                "D": "SW",
                                "G": "22",
                                "H": "78.4",
                                "P": "1009",
                                "S": "15",
                                "T": "7.8",
                                "V": "40000",
                                "W": "0",
                                "Pt": "R",
                                "Dp": "4.3",
                                "$": "1200"
                            },
                            {
                                "D": "SW",
                                "G": "22",
                                "H": "81.7",
                                "P": "1010",
                                "S": "14",
                                "T": "7.3",
                                "V": "45000",
                                "W": "0",
                                "Pt": "R",
                                "Dp": "4.4",
                                "$": "1260"
                            },
                            {
                                "D": "WSW",
                                "G": "21",
                                "H": "83.4",
                                "P": "1010",
                                "S": "11",
                                "T": "7.1",
                                "V": "45000",
                                "W": "2",
                                "Pt": "R",
                                "Dp": "4.5",
                                "$": "1320"
                            },
                            {
                                "D": "SW",
                                "G": "19",
                                "H": "84.6",
                                "P": "1010",
                                "S": "11",
                                "T": "6.8",
                                "V": "40000",
                                "W": "0",
                                "Pt": "R",
                                "Dp": "4.4",
                                "$": "1380"
                            }
                        ]
                    },
                    {
                        "type": "Day",
                        "value": "2023-12-30Z",
                        "Rep": [
                            {
                                "D": "SSW",
                                "G": "16",
                                "H": "86.9",
                                "P": "1011",
                                "S": "9",
                                "T": "6.4",
                                "V": "35000",
                                "W": "2",
                                "Pt": "R",
                                "Dp": "4.4",
                                "$": "0"
                            },
                            {
                                "D": "SW",
                                "G": "15",
                                "H": "88.2",
                                "P": "1011",
                                "S": "9",
                                "T": "6.2",
                                "V": "35000",
                                "W": "8",
                                "Pt": "R",
                                "Dp": "4.4",
                                "$": "60"
                            },
                            {
                                "D": "SSW",
                                "G": "14",
                                "H": "88.2",
                                "P": "1011",
                                "S": "9",
                                "T": "6.0",
                                "V": "30000",
                                "W": "0",
                                "Pt": "R",
                                "Dp": "4.2",
                                "$": "120"
                            },
                            {
                                "D": "SW",
                                "G": "16",
                                "H": "88.8",
                                "P": "1011",
                                "S": "10",
                                "T": "6.0",
                                "V": "29000",
                                "W": "7",
                                "Pt": "R",
                                "Dp": "4.3",
                                "$": "180"
                            },
                            {
                                "D": "SSW",
                                "G": "14",
                                "H": "86.4",
                                "P": "1011",
                                "S": "9",
                                "T": "6.5",
                                "V": "28000",
                                "W": "8",
                                "Pt": "R",
                                "Dp": "4.4",
                                "$": "240"
                            },
                            {
                                "D": "SSW",
                                "G": "14",
                                "H": "86.3",
                                "P": "1010",
                                "S": "8",
                                "T": "7.0",
                                "V": "25000",
                                "W": "8",
                                "Pt": "F",
                                "Dp": "4.9",
                                "$": "300"
                            },
                            {
                                "D": "S",
                                "G": "11",
                                "H": "85.8",
                                "P": "1010",
                                "S": "8",
                                "T": "7.2",
                                "V": "24000",
                                "W": "8",
                                "Pt": "F",
                                "Dp": "5.0",
                                "$": "360"
                            },
                            {
                                "D": "S",
                                "G": "15",
                                "H": "86.4",
                                "P": "1009",
                                "S": "8",
                                "T": "7.8",
                                "V": "20000",
                                "W": "8",
                                "Pt": "F",
                                "Dp": "5.7",
                                "$": "420"
                            },
                            {
                                "D": "S",
                                "G": "14",
                                "H": "89.1",
                                "P": "1009",
                                "S": "9",
                                "T": "9.1",
                                "V": "19000",
                                "W": "8",
                                "Pt": "F",
                                "Dp": "7.4",
                                "$": "480"
                            },
                            {
                                "D": "SSE",
                                "G": "16",
                                "H": "94.8",
                                "P": "1008",
                                "S": "10",
                                "T": "9.2",
                                "V": "9000",
                                "W": "12",
                                "Pt": "F",
                                "Dp": "8.4",
                                "$": "540"
                            },
                            {
                                "D": "S",
                                "G": "23",
                                "H": "91.6",
                                "P": "1007",
                                "S": "14",
                                "T": "10.4",
                                "V": "19000",
                                "W": "8",
                                "Pt": "F",
                                "Dp": "9.1",
                                "$": "600"
                            },
                            {
                                "D": "S",
                                "G": "23",
                                "H": "92.9",
                                "P": "1006",
                                "S": "13",
                                "T": "10.3",
                                "V": "4000",
                                "W": "12",
                                "Pt": "F",
                                "Dp": "9.2",
                                "$": "660"
                            },
                            {
                                "D": "S",
                                "G": "24",
                                "H": "88.6",
                                "P": "1005",
                                "S": "14",
                                "T": "11.0",
                                "V": "21000",
                                "W": "8",
                                "Pt": "F",
                                "Dp": "9.2",
                                "$": "720"
                            },
                            {
                                "D": "S",
                                "G": "28",
                                "H": "87.5",
                                "P": "1004",
                                "S": "16",
                                "T": "11.3",
                                "V": "24000",
                                "W": "8",
                                "Pt": "F",
                                "Dp": "9.3",
                                "$": "780"
                            },
                            {
                                "D": "S",
                                "G": "25",
                                "H": "82.4",
                                "P": "1003",
                                "S": "15",
                                "T": "11.6",
                                "V": "23000",
                                "W": "8",
                                "Pt": "F",
                                "Dp": "8.7",
                                "$": "840"
                            },
                            {
                                "D": "S",
                                "G": "25",
                                "H": "81.8",
                                "P": "1002",
                                "S": "14",
                                "T": "11.8",
                                "V": "25000",
                                "W": "8",
                                "Pt": "F",
                                "Dp": "8.8",
                                "$": "900"
                            },
                            {
                                "D": "S",
                                "G": "29",
                                "H": "81.8",
                                "P": "1001",
                                "S": "16",
                                "T": "11.6",
                                "V": "28000",
                                "W": "8",
                                "Pt": "F",
                                "Dp": "8.6",
                                "$": "960"
                            }
                        ]
                    }
                ]
            }
        }
    }
}