{
    "SiteRep": {
        "Wx": {
            "Param": [
                {
                    "name": "G",
                    "units": "mph",
                    "$": "Wind Gust"
                },
                {
                    "name": "T",
                    "units": "C",
                    "$": "Temperature"
                },
                {
                    "name": "V",
                    "units": "m",
                    "$": "Visibility"
                },
                {
                    "name": "D",
                    "units": "compass",
                    "$": "Wind Direction"
                },
                {
                    "name": "S",
                    "units": "mph",
                    "$": "Wind Speed"
                },
                {
                    "name": "W",
                    "units": "",
                    "$": "Weather Type"
                },
                {
                    "name": "P",
                    "units": "hpa",
                    "$": "Pressure"
                },
                {
                    "name": "Pt",
                    "units": "Pa/s",
                    "$": "Pressure Tendency"
                },
                {
                    "name": "Dp",
                    "units": "C",
                    "$": "Dew Point"
                },
                {
                    "name": "H",
                    "units": "%",
                    "$": "Screen Relative Humidity"
                }
            ]
        },
        "DV": {
            "dataDate": "2024-04-15T16:00:00Z",
            "type": "Obs",
            "Location": {
                "i": "3772",
                "lat": "51.479",
                "lon": "-0.449",
                "name": "HEATHROW",
                "country": "ENGLAND",
                "continent": "EUROPE",
                "elevation": "25.0",
                "Period": [
                    {
                        "type": "Day",
                        "value": "2024-04-14Z",
                        "Rep": [
                            {
                                "D": "W",
                                "G": "21",
                                "H": "46.1",
                                "P": "1020",
                                "S": "14",
                                "T": "13.5",
                                "V": "60000",
                                "W": "8",
                                "Pt": "F",
                                "Dp": "2.3",
                                "$": "960"
                            },
                            {
                                "D": "W",
                                "G": "19",
                                "H": "50.5",
                                "P": "1020",
                                "S": "14",
                                "T": "13.0",
                                "V": "55000",
                                "W": "7",
                                "Pt": "F",
                                "Dp": "3.1",
                                "$": "1020"
                            },
                            {
                                "D": "W",
                                "G": "22",
                                "H": "53.0",
                                "P": "1019",
                                "S": "13",
                                "T": "12.5",
                                "V": "60000",
                                "W": "8",
                                "Pt": "F",
                                "Dp": "3.3",
                                "$": "1080"
                            },
                            {
                                "D": "WSW",
                                "G": "21",
                                "H": "53.6",
                                "P": "1019",
                                "S": "13",
                                "T": "11.9",
                                "V": "55000",
                                "W": "8",
                                "Pt": "F",
                                "Dp": "2.9",
                                "$": "1140"
                            },
                            {
                                "D": "WSW",
                                "G": "22",
                                "H": "57.6",
                                "P": "1019",
                                "S": "15",
                                "T": "10.3",
                                "V": "55000",
                                "W": "7",
                                "Pt": "F",
                                "Dp": "2.4",
                                "$": "1200"
                            },
                            {
                                "D": "WSW",
                                "G": "25",
                                "H": "61.6",
                                "P": "1019",
                                "S": "13",
                                "T": "9.1",
                                "V": "60000",
                                "W": "0",
                                "Pt": "F",
                                "Dp": "2.2",
                                "$": "1260"
                            },
                            {
                                "D": "WSW",
                                "G": "21",
                                "H": "65.1",
                                "P": "1018",
                                "S": "14",
                                "T": "8.6",
                                "V": "60000",
                                "W": "0",
                                "Pt": "F",
                                "Dp": "2.5",
                                "$": "1320"
                            },
                            {
                                "D": "SW",
                                "G": "19",
                                "H": "72.4",
                                "P": "1017",
                                "S": "13",
                                "T": "8.0",
                                "V": "50000",
                                "W": "0",
                                "Pt": "F",
                                "Dp": "3.4",
                                "$": "1380"
                            }
                        ]
                    },
                    {
                        "type": "Day",
                        "value": "2024-04-15Z",
                        "Rep": [
                            {
                                "D": "SW",
                                "G": "19",
                                "H": "74.4",
                                "P": "1016",
                                "S": "15",
                                "T": "7.6",
                                "V": "60000",
                                "W": "0",
                                "Pt": "F",
                                "Dp": "3.4",
                                "$": "0"
                            },
                            {
                                "D": "SW",
                                "G": "19",
                                "H": "78.3",
                                "P": "1015",
                                "S": "15",
                                "T": "7.8",
                                "V": "50000",
                                "W": "8",
                                "Pt": "F",
                                "Dp": "4.3",
                                "$": "60"
                            },
                            {
                                "D": "SSW",
                                "G": "21",
                                "H": "80.5",
                                "P": "1014",
                                "S": "11",
                                "T": "7.5",
                                "V": "45000",
                                "W": "0",
                                "Pt": "F",
                                "Dp": "4.4",
                                "$": "120"
                            },
                            {
                                "D": "SW",
                                "G": "23",
                                "H": "76.8",
                                "P": "1012",
                                "S": "17",
                                "T": "8.4",
                                "V": "45000",
                                "W": "8",
                                "Pt": "F",
                                "Dp": "4.6",
                                "$": "180"
                            },
                            {
                                "D": "SSW",
                                "G": "29",
                                "H": "78.6",
                                "P": "1011",
                                "S": "18",
                                "T": "8.5",
                                "V": "45000",
                                "W": "8",
                                "Pt": "F",
                                "Dp": "5.0",
                                "$": "240"
                            },
                            {
                                "D": "SSW",
                                "G": "26",
                                "H": "79.2",
                                "P": "1009",
                                "S": "17",
                                "T": "9.0",
                                "V": "40000",
                                "W": "8",
                                "Pt": "F",
                                "Dp": "5.6",
                                "$": "300"
                            },
                            {
                                "D": "SW",
                                "G": "29",
                                "H": "78.1",
                                "P": "1007",
                                "S": "19",
                                "T": "9.5",
                                "V": "45000",
                                "W": "8",
                                "Pt": "F",
                                "Dp": "5.9",
                                "$": "360"
                            },
                            {
                                "D": "SW",
                                "G": "34",
                                "H": "73.0",
                                "P": "1006",
                                "S": "22",
                                "T": "10.0",
                                "V": "50000",
                                "W": "7",
                                "Pt": "F",
                                "Dp": "5.4",
                                "$": "420"
                            },
                            {
                                "D": "SW",
                                "G": "44",
                                "H": "78.3",
                                "P": "1004",
                                "S": "24",
                                "T": "10.4",
                                "V": "10000",
                                "W": "12",
                                "Pt": "F",
                                "Dp": "6.8",
                                "$": "480"
                            },
                            {
                                "D": "W",
                                "G": "46",
                                "H": "83.0",
                                "P": "1005",
                                "S": "28",
                                "T": "7.7",
                                "V": "6000",
                                "W": "15",
                                "Pt": "F",
                                "Dp": "5.0",
                                "$": "540"
                            },
                            {
                                "D": "WSW",
                                "G": "26",
                                "H": "81.4",
                                "P": "1005",
                                "S": "17",
                                "T": "9.2",
                                "V": "65000",
                                "W": "8",
                                "Pt": "F",
                                "Dp": "6.2",
                                "$": "600"
                            },
                            {
                                "D": "W",
                                "G": "43",
                                "H": "48.9",
                                "P": "1005",
                                "S": "28",
                                "T": "11.1",
                                "V": "75000",
                                "W": "3",
                                "Pt": "R",
                                "Dp": "0.8",
                                "$": "660"
                            },
                            {
                                "D": "W",
                                "G": "45",
                                "H": "45.0",
                                "P": "1005",
                                "S": "25",
                                "T": "11.8",
                                "V": "55000",
                                "W": "7",
                                "Pt": "R",
                                "Dp": "0.3",
                                "$": "720"
                            },
                            {
                                "D": "W",
                                "G": "47",
                                "H": "39.2",
                                "P": "1006",
                                "S": "23",
                                "T": "12.1",
                                "V": "60000",
                                "W": "3",
                                "Pt": "R",
                                "Dp": "-1.3",
                                "$": "780"
                            },
                            {
                                "D": "W",
                                "G": "43",
                                "H": "42.6",
                                "P": "1006",
                                "S": "23",
                                "T": "12.5",
                                "V": "65000",
                                "W": "3",
                                "Pt": "R",
                                "Dp": "0.2",
                                "$": "840"
                            },
                            {
                                "D": "W",
                                "G": "44",
                                "H": "42.0",
                                "P": "1006",
                                "S": "23",
                                "T": "12.5",
                                "V": "60000",
                                "W": "8",
                                "Pt": "R",
                                "Dp": "0.0",
                                "$": "900"
                            },
                            {
                                "D": "W",
                                "G": "44",
                                "H": "62.9",
                                "P": "1007",
                                "S": "17",
                                "T": "10.1",
                                "V": "50000",
                                "W": "12",
                                "Pt": "R",
                                "Dp": "3.4",
                                "$": "960"
                            }
                        ]
                    }
                ]
            }
        }
    }
}