{
    "SiteRep": {
        "Wx": {
            "Param": [
                {
                    "name": "G",
                    "units": "mph",
                    "$": "Wind Gust"
                },
                {
                    "name": "T",
                    "units": "C",
                    "$": "Temperature"
                },
                {
                    "name": "V",
                    "units": "m",
                    "$": "Visibility"
                },
                {
                    "name": "D",
                    "units": "compass",
                    "$": "Wind Direction"
                },
                {
                    "name": "S",
                    "units": "mph",
                    "$": "Wind Speed"
                },
                {
                    "name": "W",
                    "units": "",
                    "$": "Weather Type"
                },
                {
                    "name": "P",
                    "units": "hpa",
                    "$": "Pressure"
                },
                {
                    "name": "Pt",
                    "units": "Pa/s",
                    "$": "Pressure Tendency"
                },
                {
                    "name": "Dp",
                    "units": "C",
                    "$": "Dew Point"
                },
                {
                    "name": "H",
                    "units": "%",
                    "$": "Screen Relative Humidity"
                }
            ]
        },
        "DV": {
            "dataDate": "2023-10-09T16:00:00Z",
            "type": "Obs",
            "Location": {
                "i": "3772",
                "lat": "51.479",
                "lon": "-0.449",
                "name": "HEATHROW",
                "country": "ENGLAND",
                "continent": "EUROPE",
                "elevation": "25.0",
                "Period": [
                    {
                        "type": "Day",
                        "value": "2023-10-08Z",
                        "Rep": [
                            {
                                "D": "SW",
                                "G": "15",
                                "H": "45.8",
                                "P": "1023",
                                "S": "11",
                                "T": "23.6",
                                "V": "40000",
                                "W": "1",
                                "Pt": "F",
                                "Dp": "11.4",
                                "$": "960"
                            },
                            {
                                "D": "SW",
                                "G": "14",
                                "H": "55.2",
                                "P": "1022",
                                "S": "9",
                                "T": "21.9",
                                "V": "40000",
                                "W": "7",
                                "Pt": "F",
                                "Dp": "12.6",
                                "$": "1020"
                            },
                            {
                                "D": "SW",
                                "G": "14",
                                "H": "61.6",
                                "P": "1023",
                                "S": "8",
                                "T": "21.2",
                                "V": "35000",
                                "W": "8",
                                "Pt": "F",
                                "Dp": "13.6",
                                "$": "1080"
                            },
                            {
                                "D": "SW",
                                "G": "13",
                                "H": "67.6",
                                "P": "1022",
                                "S": "9",
                                "T": "19.8",
                                "V": "35000",
                                "W": "8",
                                "Pt": "F",
                                "Dp": "13.7",
                                "$": "1140"
                            },
                            {
                                "D": "SW",
                                "G": "13",
                                "H": "72.4",
                                "P": "1022",
                                "S": "8",
                                "T": "18.4",
                                "V": "29000",
                                "W": "0",
                                "Pt": "R",
                                "Dp": "13.4",
                                "$": "1200"
                            },
                            {
                                "D": "SSW",
                                "G": "13",
                                "H": "76.2",
                                "P": "1022",
                                "S": "8",
                                "T": "17.7",
                                "V": "30000",
                                "W": "0",
                                "Pt": "F",
                                "Dp": "13.5",
                                "$": "1260"
                            },
                            {
                                "D": "SW",
                                "G": "15",
                                "H": "78.7",
                                "P": "1022",
                                "S": "8",
                                "T": "17.3",
                                "V": "29000",
                                "W": "8",
                                "Pt": "F",
                                "Dp": "13.6",
                                "$": "1320"
                            },
                            {
                                "D": "SW",
                                "G": "10",
                                "H": "84.3",
                                "P": "1022",
                                "S": "3",
                                "T": "15.3",
                                "V": "25000",
                                "W": "0",
                                "Pt": "F",
                                "Dp": "12.7",
                                "$": "1380"
                            }
                        ]
                    },
                    {
                        "type": "Day",
                        "value": "2023-10-09Z",
                        "Rep": [
                            {
                                "D": "WSW",
                                "G": "5",
                                "H": "89.4",
                                "P": "1022",
                                "S": "2",
                                "T": "14.9",
                                "V": "21000",
                                "W": "2",
                                "Pt": "F",
                                "Dp": "13.2",
                                "$": "0"
                            },
                            {
                                "D": "SW",
                                "G": "3",
                                "H": "92.4",
                                "P": "1022",
                                "S": "3",
                                "T": "14.2",
                                "V": "19000",
                                "W": "0",
                                "Pt": "F",
                                "Dp": "13.0",
                                "$": "60"
                            },
                            {
                                "D": "SW",
                                "G": "3",
                                "H": "93.0",
                                "P": "1022",
                                "S": "2",
                                "T": "13.6",
                                "V": "16000",
                                "W": "8",
                                "Pt": "F",
                                "Dp": "12.5",
                                "$": "120"
                            },
                            {
                                "D": "SW",
                                "G": "6",
                                "H": "93.6",
                                "P": "1021",
                                "S": "3",
                                "T": "13.5",
                                "V": "22000",
                                "W": "2",
                                "Pt": "F",
                                "Dp": "12.5",
                                "$": "180"
                            },
                            {
                                "D": "SSW",
                                "G": "6",
                                "H": "93.0",
                                "P": "1021",
                                "S": "2",
                                "T": "13.0",
                                "V": "21000",
                                "W": "8",
                                "Pt": "F",
                                "Dp": "11.9",
                                "$": "240"
                            },
                            {
                                "D": "WSW",
                                "G": "7",
                                "H": "92.3",
                                "P": "1021",
                                "S": "3",
                                "T": "13.0",
                                "V": "22000",
                                "W": "8",
                                "Pt": "F",
                                "Dp": "11.8",
                                "$": "300"
                            },
                            {
                                "D": "WSW",
                                "G": "13",
                                "H": "87.6",
                                "P": "1021",
                                "S": "2",
                                "T": "14.0",
                                "V": "24000",
                                "W": "8",
                                "Pt": "F",
                                "Dp": "12.0",
                                "$": "360"
                            },
                            {
                                "D": "SSW",
                                "G": "7",
                                "H": "85.4",
                                "P": "1022",
                                "S": "3",
                                "T": "14.5",
                                "V": "24000",
                                "W": "3",
                                "Pt": "R",
                                "Dp": "12.1",
                                "$": "420"
                            },
                            {
                                "D": "W",
                                "G": "10",
                                "H": "83.2",
                                "P": "1022",
                                "S": "6",
                                "T": "14.9",
                                "V": "24000",
                                "W": "1",
                                "Pt": "R",
                                "Dp": "12.1",
                                "$": "480"
                            },
                            {
                                "D": "W",
                                "G": "8",
                                "H": "78.0",
                                "P": "1022",
                                "S": "5",
                                "T": "16.1",
                                "V": "24000",
                                "W": "7",
                                "Pt": "R",
                                "Dp": "12.3",
                                "$": "540"
                            },
                            {
                                "D": "W",
                                "G": "9",
                                "H": "74.2",
                                "P": "1022",
                                "S": "6",
                                "T": "17.5",
                                "V": "26000",
                                "W": "1",
                                "Pt": "R",
                                "Dp": "12.9",
                                "$": "600"
                            },
                            {
                                "D": "WSW",
                                "G": "10",
                                "H": "64.1",
                                "P": "1022",
                                "S": "6",
                                "T": "19.5",
                                "V": "29000",
                                "W": "3",
                                "Pt": "R",
                                "Dp": "12.6",
                                "$": "660"
                            },
                            {
                                "D": "W",
                                "G": "10",
                                "H": "59.7",
                                "P": "1022",
                                "S": "6",
                                "T": "21.8",
                                "V": "30000",
                                "W": "1",
                                "Pt": "F",
                                "Dp": "13.7",
                                "$": "720"
                            },
                            {
                                "D": "WSW",
                                "G": "9",
                                "H": "57.0",
                                "P": "1021",
                                "S": "5",
                                "T": "23.2",
                                "V": "28000",
                                "W": "1",
                                "Pt": "F",
                                "Dp": "14.3",
                                "$": "780"
                            },
                            {
                                "D": "WSW",
                                "G": "11",
                                "H": "54.7",
                                "P": "1021",
                                "S": "7",
                                "T": "24.2",
                                "V": "30000",
                                "W": "1",
                                "Pt": "F",
                                "Dp": "14.6",
                                "$": "840"
                            },
                            {
                                "D": "WSW",
                                "G": "11",
                                "H": "53.8",
                                "P": "1021",
                                "S": "7",
                                "T": "24.5",
                                "V": "30000",
                                "W": "1",
                                "Pt": "F",
                                "Dp": "14.6",
                                "$": "900"
                            },
                            {
                                "D": "WSW",
                                "G": "10",
                                "H": "55.7",
                                "P": "1020",
                                "S": "7",
                                "T": "24.0",
                                "V": "30000",
                                "W": "1",
                                "Pt": "F",
                                "Dp": "14.7",
                                "$": "960"
                            }
                        ]
                    }
                ]
            }
        }
    }
}