{
    "SiteRep": {
        "Wx": {
            "Param": [
                {
                    "name": "G",
                    "units": "mph",
                    "$": "Wind Gust"
                },
                {
                    "name": "T",
                    "units": "C",
                    "$": "Temperature"
                },
                {
                    "name": "V",
                    "units": "m",
                    "$": "Visibility"
                },
                {
                    "name": "D",
                    "units": "compass",
                    "$": "Wind Direction"
                },
                {
                    "name": "S",
                    "units": "mph",
                    "$": "Wind Speed"
                },
                {
                    "name": "W",
                    "units": "",
                    "$": "Weather Type"
                },
                {
                    "name": "P",
                    "units": "hpa",
                    "$": "Pressure"
                },
                {
                    "name": "Pt",
                    "units": "Pa/s",
                    "$": "Pressure Tendency"
                },
                {
                    "name": "Dp",
                    "units": "C",
                    "$": "Dew Point"
                },
                {
                    "name": "H",
                    "units": "%",
                    "$": "Screen Relative Humidity"
                }
            ]
        },
        "DV": {
            "dataDate": "2024-02-03T16:00:00Z",
            "type": "Obs",
            "Location": {
                "i": "3772",
                "lat": "51.479",
                "lon": "-0.449",
                "name": "HEATHROW",
                "country": "ENGLAND",
                "continent": "EUROPE",
                "elevation": "25.0",
                "Period": [
                    {
                        "type": "Day",
                        "value": "2024-02-02Z",
                        "Rep": [
                            {
                                "D": "WSW",
                                "G": "28",
                                "H": "79.0",
                                "P": "1028",
                                "S": "17",
                                "T": "12.3",
                                "V": "75000",
                                "W": "8",
                                "Pt": "F",
                                "Dp": "8.8",
                                "$": "960"
                            },
                            {
                                "D": "WSW",
                                "G": "31",
                                "H": "80.5",
                                "P": "1028",
                                "S": "13",
                                "T": "12.2",
                                "V": "75000",
                                "W": "8",
                                "Pt": "F",
                                "Dp": "9.0",
                                "$": "1020"
                            },
                            {
                                "D": "W",
                                "G": "26",
                                "H": "82.2",
                                "P": "1028",
                                "S": "15",
                                "T": "11.7",
                                "V": "75000",
                                "W": "8",
                                "Pt": "R",
                                "Dp": "8.8",
                                "$": "1080"
                            },
                            {
                                "D": "W",
                                "G": "28",
                                "H": "82.1",
                                "P": "1029",
                                "S": "16",
                                "T": "11.8",
                                "V": "75000",
                                "W": "8",
                                "Pt": "R",
                                "Dp": "8.9",
                                "$": "1140"
                            },
                            {
                                "D": "W",
                                "G": "26",
                                "H": "80.4",
                                "P": "1029",
                                "S": "18",
                                "T": "11.8",
                                "V": "65000",
                                "W": "8",
                                "Pt": "R",
                                "Dp": "8.6",
                                "$": "1200"
                            },
                            {
                                "D": "WSW",
                                "G": "28",
                                "H": "85.0",
                                "P": "1029",
                                "S": "14",
                                "T": "11.4",
                                "V": "24000",
                                "W": "8",
                                "Pt": "R",
                                "Dp": "9.0",
                                "$": "1260"
                            },
                            {
                                "D": "SW",
                                "G": "26",
                                "H": "86.1",
                                "P": "1028",
                                "S": "15",
                                "T": "11.3",
                                "V": "55000",
                                "W": "8",
                                "Pt": "F",
                                "Dp": "9.1",
                                "$": "1320"
                            },
                            {
                                "D": "SW",
                                "G": "23",
                                "H": "87.4",
                                "P": "1028",
                                "S": "14",
                                "T": "11.4",
                                "V": "55000",
                                "W": "8",
                                "Pt": "F",
                                "Dp": "9.4",
                                "$": "1380"
                            }
                        ]
                    },
                    {
                        "type": "Day",
                        "value": "2024-02-03Z",
                        "Rep": [
                            {
                                "D": "WSW",
                                "G": "24",
                                "H": "85.0",
                                "P": "1028",
                                "S": "16",
                                "T": "11.5",
                                "V": "65000",
                                "W": "8",
                                "Pt": "F",
                                "Dp": "9.1",
                                "$": "0"
                            },
                            {
                                "D": "WSW",
                                "G": "24",
                                "H": "89.1",
                                "P": "1028",
                                "S": "15",
                                "T": "10.6",
                                "V": "60000",
                                "W": "0",
                                "Pt": "F",
                                "Dp": "8.9",
                                "$": "60"
                            },
                            {
                                "D": "WSW",
                                "G": "26",
                                "H": "87.9",
                                "P": "1028",
                                "S": "17",
                                "T": "10.9",
                                "V": "55000",
                                "W": "7",
                                "Pt": "F",
                                "Dp": "9.0",
                                "$": "120"
                            },
                            {
                                "D": "WSW",
                                "G": "24",
                                "H": "84.3",
                                "P": "1028",
                                "S": "15",
                                "T": "10.8",
                                "V": "60000",
                                "W": "7",
                                "Pt": "F",
                                "Dp": "8.3",
                                "$": "180"
                            },
                            {
                                "D": "W",
                                "G": "26",
                                "H": "83.9",
                                "P": "1027",
                                "S": "16",
                                "T": "11.3",
                                "V": "50000",
                                "W": "8",
                                "Pt": "F",
                                "Dp": "8.7",
                                "$": "240"
                            },
                            {
                                "D": "WSW",
                                "G": "24",
                                "H": "83.9",
                                "P": "1027",
                                "S": "17",
                                "T": "11.3",
                                "V": "50000",
                                "W": "8",
                                "Pt": "F",
                                "Dp": "8.7",
                                "$": "300"
                            },
                            {
                                "D": "WSW",
                                "G": "24",
                                "H": "86.1",
                                "P": "1027",
                                "S": "17",
                                "T": "11.1",
                                "V": "55000",
                                "W": "7",
                                "Pt": "F",
                                "Dp": "8.9",
                                "$": "360"
                            },
                            {
                                "D": "W",
                                "G": "25",
                                "H": "85.6",
                                "P": "1027",
                                "S": "17",
                                "T": "11.4",
                                "V": "50000",
                                "W": "8",
                                "Pt": "F",
                                "Dp": "9.1",
                                "$": "420"
                            },
                            {
                                "D": "W",
                                "G": "23",
                                "H": "85.6",
                                "P": "1027",
                                "S": "14",
                                "T": "11.1",
                                "V": "50000",
                                "W": "8",
                                "Pt": "R",
                                "Dp": "8.8",
                                "$": "480"
                            },
                            {
                                "D": "WSW",
                                "G": "24",
                                "H": "85.0",
                                "P": "1027",
                                "S": "15",
                                "T": "11.8",
                                "V": "45000",
                                "W": "8",
                                "Pt": "R",
                                "Dp": "9.4",
                                "$": "540"
                            },
                            {
                                "D": "WSW",
                                "G": "23",
                                "H": "84.4",
                                "P": "1028",
                                "S": "16",
                                "T": "12.0",
                                "V": "45000",
                                "W": "8",
                                "Pt": "R",
                                "Dp": "9.5",
                                "$": "600"
                            },
                            {
                                "D": "WSW",
                                "G": "21",
                                "H": "85.1",
                                "P": "1028",
                                "S": "11",
                                "T": "12.4",
                                "V": "50000",
                                "W": "8",
                                "Pt": "R",
                                "Dp": "10.0",
                                "$": "660"
                            },
                            {
                                "D": "WSW",
                                "G": "18",
                                "H": "83.4",
                                "P": "1028",
                                "S": "13",
                                "T": "12.5",
                                "V": "75000",
                                "W": "8",
                                "Pt": "R",
                                "Dp": "9.8",
                                "$": "720"
                            },
                            {
                                "D": "WSW",
                                "G": "22",
                                "H": "82.3",
                                "P": "1027",
                                "S": "15",
                                "T": "12.9",
                                "V": "65000",
                                "W": "8",
                                "Pt": "F",
                                "Dp": "10.0",
                                "$": "780"
                            },
                            {
                                "D": "WSW",
                                "G": "25",
                                "H": "82.8",
                                "P": "1027",
                                "S": "16",
                                "T": "12.8",
                                "V": "75000",
                                "W": "8",
                                "Pt": "F",
                                "Dp": "10.0",
                                "$": "840"
                            },
                            {
                                "D": "WSW",
                                "G": "21",
                                "H": "82.8",
                                "P": "1027",
                                "S": "13",
                                "T": "12.8",
                                "V": "75000",
                                "W": "8",
                                "Pt": "F",
                                "Dp": "10.0",
                                "$": "900"
                            },
                            {
                                "D": "WSW",
                                "G": "23",
                                "H": "81.2",
                                "P": "1027",
                                "S": "14",
                                "T": "13.1",
                                "V": "75000",
                                "W": "8",
                                "Pt": "F",
                                "Dp": "10.0",
                                "$": "960"
                            }
                        ]
                    }
                ]
            }
        }
    }
}