{
    "SiteRep": {
        "Wx": {
            "Param": [
                {
                    "name": "G",
                    "units": "mph",
                    "$": "Wind Gust"
                },
                {
                    "name": "T",
                    "units": "C",
                    "$": "Temperature"
                },
                {
                    "name": "V",
                    "units": "m",
                    "$": "Visibility"
                },
                {
                    "name": "D",
                    "units": "compass",
                    "$": "Wind Direction"
                },
                {
                    "name": "S",
                    "units": "mph",
                    "$": "Wind Speed"
                },
                {
                    "name": "W",
                    "units": "",
                    "$": "Weather Type"
                },
                {
                    "name": "P",
                    "units": "hpa",
                    "$": "Pressure"
                },
                {
                    "name": "Pt",
                    "units": "Pa/s",
                    "$": "Pressure Tendency"
                },
                {
                    "name": "Dp",
                    "units": "C",
                    "$": "Dew Point"
                },
                {
                    "name": "H",
                    "units": "%",
                    "$": "Screen Relative Humidity"
                }
            ]
        },
        "DV": {
            "dataDate": "2024-01-03T16:00:00Z",
            "type": "Obs",
            "Location": {
                "i": "3772",
                "lat": "51.479",
                "lon": "-0.449",
                "name": "HEATHROW",
                "country": "ENGLAND",
                "continent": "EUROPE",
                "elevation": "25.0",
                "Period": [
                    {
                        "type": "Day",
                        "value": "2024-01-02Z",
                        "Rep": [
                            {
                                "D": "WSW",
                                "G": "69",
                                "H": "76.6",
                                "P": "979",
                                "S": "40",
                                "T": "11.1",
                                "V": "55000",
                                "W": "8",
                                "Pt": "F",
                                "Dp": "7.1",
                                "$": "960"
                            },
                            {
                                "D": "WSW",
                                "G": "59",
                                "H": "87.5",
                                "P": "981",
                                "S": "32",
                                "T": "9.9",
                                "V": "9000",
                                "W": "11",
                                "Pt": "R",
                                "Dp": "7.9",
                                "$": "1020"
                            },
                            {
                                "D": "WSW",
                                "G": "48",
                                "H": "81.8",
                                "P": "983",
                                "S": "28",
                                "T": "10.5",
                                "V": "35000",
                                "W": "12",
                                "Pt": "R",
                                "Dp": "7.5",
                                "$": "1080"
                            },
                            {
                                "D": "WSW",
                                "G": "44",
                                "H": "79.6",
                                "P": "984",
                                "S": "28",
                                "T": "10.5",
                                "V": "35000",
                                "W": "8",
                                "Pt": "R",
                                "Dp": "7.1",
                                "$": "1140"
                            },
                            {
                                "D": "WSW",
                                "G": "40",
                                "H": "74.5",
                                "P": "986",
                                "S": "26",
                                "T": "10.9",
                                "V": "26000",
                                "W": "8",
                                "Pt": "R",
                                "Dp": "6.5",
                                "$": "1200"
                            },
                            {
                                "D": "WSW",
                                "G": "38",
                                "H": "75.9",
                                "P": "987",
                                "S": "19",
                                "T": "10.6",
                                "V": "24000",
                                "W": "8",
                                "Pt": "R",
                                "Dp": "6.5",
                                "$": "1260"
                            },
                            {
                                "D": "WSW",
                                "G": "33",
                                "H": "77.4",
                                "P": "988",
                                "S": "22",
                                "T": "10.1",
                                "V": "21000",
                                "W": "2",
                                "Pt": "R",
                                "Dp": "6.3",
                                "$": "1320"
                            },
                            {
                                "D": "SW",
                                "G": "29",
                                "H": "79.0",
                                "P": "988",
                                "S": "21",
                                "T": "10.4",
                                "V": "23000",
                                "W": "8",
                                "Pt": "R",
                                "Dp": "6.9",
                                "$": "1380"
                            }
                        ]
                    },
                    {
                        "type": "Day",
                        "value": "2024-01-03Z",
                        "Rep": [
                            {
                                "D": "SW",
                                "G": "29",
                                "H": "79.5",
                                "P": "989",
                                "S": "18",
                                "T": "9.8",
                                "V": "25000",
                                "W": "7",
                                "Pt": "R",
                                "Dp": "6.4",
                                "$": "0"
                            },
                            {
                                "D": "SSW",
                                "G": "25",
                                "H": "81.6",
                                "P": "988",
                                "S": "11",
                                "T": "9.5",
                                "V": "23000",
                                "W": "2",
                                "Pt": "R",
                                "Dp": "6.5",
                                "$": "60"
                            },
                            {
                                "D": "SW",
                                "G": "18",
                                "H": "83.8",
                                "P": "988",
                                "S": "10",
                                "T": "9.4",
                                "V": "16000",
                                "W": "8",
                                "Pt": "R",
                                "Dp": "6.8",
                                "$": "120"
                            },
                            {
                                "D": "SSW",
                                "G": "19",
                                "H": "85.6",
                                "P": "988",
                                "S": "11",
                                "T": "9.3",
                                "V": "17000",
                                "W": "2",
                                "Pt": "F",
                                "Dp": "7.0",
                                "$": "180"
                            },
                            {
                                "D": "SW",
                                "G": "28",
                                "H": "82.8",
                                "P": "988",
                                "S": "18",
                                "T": "9.6",
                                "V": "23000",
                                "W": "8",
                                "Pt": "F",
                                "Dp": "6.8",
                                "$": "240"
                            },
                            {
                                "D": "WSW",
                                "G": "28",
                                "H": "83.8",
                                "P": "988",
                                "S": "19",
                                "T": "9.5",
                                "V": "13000",
                                "W": "12",
                                "Pt": "R",
                                "Dp": "6.9",
                                "$": "300"
                            },
                            {
                                "D": "SW",
                                "G": "26",
                                "H": "82.1",
                                "P": "989",
                                "S": "15",
                                "T": "9.0",
                                "V": "30000",
                                "W": "2",
                                "Pt": "R",
                                "Dp": "6.1",
                                "$": "360"
                            },
                            {
                                "D": "SSW",
                                "G": "21",
                                "H": "80.5",
                                "P": "989",
                                "S": "13",
                                "T": "9.2",
                                "V": "25000",
                                "W": "7",
                                "Pt": "R",
                                "Dp": "6.0",
                                "$": "420"
                            },
                            {
                                "D": "SSW",
                                "G": "18",
                                "H": "81.0",
                                "P": "989",
                                "S": "10",
                                "T": "9.3",
                                "V": "20000",
                                "W": "8",
                                "Pt": "R",
                                "Dp": "6.2",
                                "$": "480"
                            },
                            {
                                "D": "SSW",
                                "G": "18",
                                "H": "82.7",
                                "P": "989",
                                "S": "11",
                                "T": "9.2",
                                "V": "14000",
                                "W": "7",
                                "Pt": "R",
                                "Dp": "6.4",
                                "$": "540"
                            },
                            {
                                "D": "SSW",
                                "G": "18",
                                "H": "78.0",
                                "P": "989",
                                "S": "14",
                                "T": "10.6",
                                "V": "16000",
                                "W": "8",
                                "Pt": "S",
                                "Dp": "6.9",
                                "$": "600"
                            },
                            {
                                "D": "SW",
                                "G": "23",
                                "H": "74.5",
                                "P": "989",
                                "S": "14",
                                "T": "11.5",
                                "V": "23000",
                                "W": "8",
                                "Pt": "F",
                                "Dp": "7.1",
                                "$": "660"
                            },
                            {
                                "D": "W",
                                "G": "24",
                                "H": "86.2",
                                "P": "989",
                                "S": "10",
                                "T": "9.1",
                                "V": "29000",
                                "W": "11",
                                "Pt": "F",
                                "Dp": "6.9",
                                "$": "720"
                            },
                            {
                                "D": "WSW",
                                "G": "21",
                                "H": "82.9",
                                "P": "988",
                                "S": "13",
                                "T": "10.3",
                                "V": "35000",
                                "W": "8",
                                "Pt": "F",
                                "Dp": "7.5",
                                "$": "780"
                            },
                            {
                                "D": "WSW",
                                "G": "28",
                                "H": "76.4",
                                "P": "989",
                                "S": "18",
                                "T": "10.6",
                                "V": "45000",
                                "W": "3",
                                "Pt": "F",
                                "Dp": "6.6",
                                "$": "840"
                            },
                            {
                                "D": "W",
                                "G": "29",
                                "H": "78.4",
                                "P": "989",
                                "S": "16",
                                "T": "10.4",
                                "V": "35000",
                                "W": "8",
                                "Pt": "R",
                                "Dp": "6.8",
                                "$": "900"
                            },
                            {
                                "D": "WSW",
                                "G": "25",
                                "H": "83.4",
                                "P": "991",
                                "S": "13",
                                "T": "9.9",
                                "V": "40000",
                                "W": "8",
                                "Pt": "R",
                                "Dp": "7.2",
                                "$": "960"
                            }
                        ]
                    }
                ]
            }
        }
    }
}