{
    "SiteRep": {
        "Wx": {
            "Param": [
                {
                    "name": "G",
                    "units": "mph",
                    "$": "Wind Gust"
                },
                {
                    "name": "T",
                    "units": "C",
                    "$": "Temperature"
                },
                {
                    "name": "V",
                    "units": "m",
                    "$": "Visibility"
                },
                {
                    "name": "D",
                    "units": "compass",
                    "$": "Wind Direction"
                },
                {
                    "name": "S",
                    "units": "mph",
                    "$": "Wind Speed"
                },
                {
                    "name": "W",
                    "units": "",
                    "$": "Weather Type"
                },
                {
                    "name": "P",
                    "units": "hpa",
                    "$": "Pressure"
                },
                {
                    "name": "Pt",
                    "units": "Pa/s",
                    "$": "Pressure Tendency"
                },
                {
                    "name": "Dp",
                    "units": "C",
                    "$": "Dew Point"
                },
                {
                    "name": "H",
                    "units": "%",
                    "$": "Screen Relative Humidity"
                }
            ]
        },
        "DV": {
            "dataDate": "2023-10-25T16:00:00Z",
            "type": "Obs",
            "Location": {
                "i": "3772",
                "lat": "51.479",
                "lon": "-0.449",
                "name": "HEATHROW",
                "country": "ENGLAND",
                "continent": "EUROPE",
                "elevation": "25.0",
                "Period": [
                    {
                        "type": "Day",
                        "value": "2023-10-24Z",
                        "Rep": [
                            {
                                "D": "SSW",
                                "G": "15",
                                "H": "69.0",
                                "P": "1000",
                                "S": "8",
                                "T": "14.2",
                                "V": "45000",
                                "W": "12",
                                "Pt": "F",
                                "Dp": "8.6",
                                "$": "960"
                            },
                            {
                                "D": "S",
                                "G": "13",
                                "H": "76.1",
                                "P": "1000",
                                "S": "6",
                                "T": "12.6",
                                "V": "45000",
                                "W": "0",
                                "Pt": "R",
                                "Dp": "8.5",
                                "$": "1020"
                            },
                            {
                                "D": "S",
                                "G": "9",
                                "H": "82.4",
                                "P": "1000",
                                "S": "3",
                                "T": "12.0",
                                "V": "30000",
                                "W": "2",
                                "Pt": "S",
                                "Dp": "9.1",
                                "$": "1080"
                            },
                            {
                                "D": "SSE",
                                "G": "9",
                                "H": "81.3",
                                "P": "1000",
                                "S": "5",
                                "T": "11.4",
                                "V": "30000",
                                "W": "0",
                                "Pt": "F",
                                "Dp": "8.3",
                                "$": "1140"
                            },
                            {
                                "D": "SE",
                                "G": "8",
                                "H": "84.0",
                                "P": "1000",
                                "S": "3",
                                "T": "11.2",
                                "V": "24000",
                                "W": "0",
                                "Pt": "F",
                                "Dp": "8.6",
                                "$": "1200"
                            },
                            {
                                "D": "NE",
                                "G": "6",
                                "H": "90.3",
                                "P": "1000",
                                "S": "3",
                                "T": "9.9",
                                "V": "23000",
                                "W": "0",
                                "Pt": "F",
                                "Dp": "8.4",
                                "$": "1260"
                            },
                            {
                                "D": "NNE",
                                "G": "7",
                                "H": "92.2",
                                "P": "999",
                                "S": "3",
                                "T": "9.0",
                                "V": "14000",
                                "W": "2",
                                "Pt": "F",
                                "Dp": "7.8",
                                "$": "1320"
                            },
                            {
                                "D": "ENE",
                                "G": "5",
                                "H": "95.4",
                                "P": "999",
                                "S": "2",
                                "T": "9.1",
                                "V": "15000",
                                "W": "7",
                                "Pt": "F",
                                "Dp": "8.4",
                                "$": "1380"
                            }
                        ]
                    },
                    {
                        "type": "Day",
                        "value": "2023-10-25Z",
                        "Rep": [
                            {
                                "D": "E",
                                "G": "13",
                                "H": "94.1",
                                "P": "998",
                                "S": "5",
                                "T": "9.9",
                                "V": "26000",
                                "W": "8",
                                "Pt": "F",
                                "Dp": "9.0",
                                "$": "0"
                            },
                            {
                                "D": "NNE",
                                "G": "10",
                                "H": "94.1",
                                "P": "997",
                                "S": "6",
                                "T": "10.0",
                                "V": "16000",
                                "W": "12",
                                "Pt": "F",
                                "Dp": "9.1",
                                "$": "60"
                            },
                            {
                                "D": "ENE",
                                "G": "9",
                                "H": "94.1",
                                "P": "997",
                                "S": "3",
                                "T": "9.9",
                                "V": "12000",
                                "W": "12",
                                "Pt": "F",
                                "Dp": "9.0",
                                "$": "120"
                            },
                            {
                                "D": "NNE",
                                "G": "10",
                                "H": "93.5",
                                "P": "996",
                                "S": "7",
                                "T": "10.0",
                                "V": "16000",
                                "W": "12",
                                "Pt": "F",
                                "Dp": "9.0",
                                "$": "180"
                            },
                            {
                                "D": "NE",
                                "G": "9",
                                "H": "94.1",
                                "P": "996",
                                "S": "6",
                                "T": "10.0",
                                "V": "9000",
                                "W": "12",
                                "Pt": "F",
                                "Dp": "9.1",
                                "$": "240"
                            },
                            {
                                "D": "NE",
                                "G": "11",
                                "H": "95.4",
                                "P": "995",
                                "S": "7",
                                "T": "9.9",
                                "V": "13000",
                                "W": "12",
                                "Pt": "F",
                                "Dp": "9.2",
                                "$": "300"
                            },
                            {
                                "D": "NNE",
                                "G": "11",
                                "H": "95.4",
                                "P": "995",
                                "S": "7",
                                "T": "10.0",
                                "V": "9000",
                                "W": "12",
                                "Pt": "F",
                                "Dp": "9.3",
                                "$": "360"
                            },
                            {
                                "D": "NNE",
                                "G": "11",
                                "H": "95.4",
                                "P": "995",
                                "S": "7",
                                "T": "10.0",
                                "V": "12000",
                                "W": "11",
                                "Pt": "F",
                                "Dp": "9.3",
                                "$": "420"
                            },
                            {
                                "D": "NNE",
                                "G": "10",
                                "H": "92.2",
                                "P": "995",
                                "S": "6",
                                "T": "10.1",
                                "V": "14000",
                                "W": "12",
                                "Pt": "F",
                                "Dp": "8.9",
                                "$": "480"
                            },
                            {
                                "D": "NNE",
                                "G": "13",
                                "H": "86.4",
                                "P": "995",
                                "S": "7",
                                "T": "11.5",
                                "V": "20000",
                                "W": "8",
                                "Pt": "R",
                                "Dp": "9.3",
                                "$": "540"
                            },
                            {
                                "D": "N",
                                "G": "13",
                                "H": "82.5",
                                "P": "995",
                                "S": "7",
                                "T": "12.3",
                                "V": "19000",
                                "W": "8",
                                "Pt": "R",
                                "Dp": "9.4",
                                "$": "600"
                            },
                            {
                                "D": "NNE",
                                "G": "13",
                                "H": "84.1",
                                "P": "995",
                                "S": "6",
                                "T": "11.6",
                                "V": "24000",
                                "W": "8",
                                "Pt": "R",
                                "Dp": "9.0",
                                "$": "660"
                            },
                            {
                                "D": "N",
                                "G": "10",
                                "H": "79.7",
                                "P": "995",
                                "S": "6",
                                "T": "12.0",
                                "V": "30000",
                                "W": "8",
                                "Pt": "R",
                                "Dp": "8.6",
                                "$": "720"
                            },
                            {
                                "D": "NNW",
                                "G": "10",
                                "H": "73.7",
                                "P": "995",
                                "S": "3",
                                "T": "13.0",
                                "V": "35000",
                                "W": "7",
                                "Pt": "R",
                                "Dp": "8.4",
                                "$": "780"
                            },
                            {
                                "D": "N",
                                "G": "10",
                                "H": "68.1",
                                "P": "995",
                                "S": "6",
                                "T": "14.0",
                                "V": "40000",
                                "W": "1",
                                "Pt": "R",
                                "Dp": "8.2",
                                "$": "840"
                            },
                            {
                                "D": "NE",
                                "G": "9",
                                "H": "64.5",
                                "P": "995",
                                "S": "5",
                                "T": "14.2",
                                "V": "45000",
                                "W": "1",
                                "Pt": "F",
                                "Dp": "7.6",
                                "$": "900"
                            },
                            {
                                "D": "N",
                                "G": "8",
                                "H": "69.8",
                                "P": "995",
                                "S": "3",
                                "T": "13.3",
                                "V": "45000",
                                "W": "1",
                                "Pt": "F",
                                "Dp": "7.9",
                                "$": "960"
                            }
                        ]
                    }
                ]
            }
        }
    }
}