{
    "SiteRep": {
        "Wx": {
            "Param": [
                {
                    "name": "G",
                    "units": "mph",
                    "$": "Wind Gust"
                },
                {
                    "name": "T",
                    "units": "C",
                    "$": "Temperature"
                },
                {
                    "name": "V",
                    "units": "m",
                    "$": "Visibility"
                },
                {
                    "name": "D",
                    "units": "compass",
                    "$": "Wind Direction"
                },
                {
                    "name": "S",
                    "units": "mph",
                    "$": "Wind Speed"
                },
                {
                    "name": "W",
                    "units": "",
                    "$": "Weather Type"
                },
                {
                    "name": "P",
                    "units": "hpa",
                    "$": "Pressure"
                },
                {
                    "name": "Pt",
                    "units": "Pa/s",
                    "$": "Pressure Tendency"
                },
                {
                    "name": "Dp",
                    "units": "C",
                    "$": "Dew Point"
                },
                {
                    "name": "H",
                    "units": "%",
                    "$": "Screen Relative Humidity"
                }
            ]
        },
        "DV": {
            "dataDate": "2024-03-26T16:00:00Z",
            "type": "Obs",
            "Location": {
                "i": "3772",
                "lat": "51.479",
                "lon": "-0.449",
                "name": "HEATHROW",
                "country": "ENGLAND",
                "continent": "EUROPE",
                "elevation": "25.0",
                "Period": [
                    {
                        "type": "Day",
                        "value": "2024-03-25Z",
                        "Rep": [
                            {
                                "D": "SE",
                                "G": "19",
                                "H": "59.2",
                                "P": "996",
                                "S": "13",
                                "T": "11.4",
                                "V": "35000",
                                "W": "8",
                                "Pt": "F",
                                "Dp": "3.7",
                                "$": "960"
                            },
                            {
                                "D": "ESE",
                                "G": "25",
                                "H": "60.6",
                                "P": "996",
                                "S": "17",
                                "T": "10.5",
                                "V": "40000",
                                "W": "8",
                                "Pt": "F",
                                "Dp": "3.2",
                                "$": "1020"
                            },
                            {
                                "D": "ESE",
                                "G": "21",
                                "H": "60.1",
                                "P": "996",
                                "S": "13",
                                "T": "9.9",
                                "V": "40000",
                                "W": "8",
                                "Pt": "F",
                                "Dp": "2.5",
                                "$": "1080"
                            },
                            {
                                "D": "E",
                                "G": "17",
                                "H": "68.5",
                                "P": "995",
                                "S": "8",
                                "T": "9.0",
                                "V": "30000",
                                "W": "8",
                                "Pt": "F",
                                "Dp": "3.5",
                                "$": "1140"
                            },
                            {
                                "D": "E",
                                "G": "18",
                                "H": "70.5",
                                "P": "995",
                                "S": "11",
                                "T": "9.0",
                                "V": "30000",
                                "W": "8",
                                "Pt": "F",
                                "Dp": "3.9",
                                "$": "1200"
                            },
                            {
                                "D": "E",
                                "G": "18",
                                "H": "70.4",
                                "P": "994",
                                "S": "10",
                                "T": "8.9",
                                "V": "29000",
                                "W": "8",
                                "Pt": "F",
                                "Dp": "3.8",
                                "$": "1260"
                            },
                            {
                                "D": "E",
                                "G": "18",
                                "H": "73.9",
                                "P": "994",
                                "S": "11",
                                "T": "8.5",
                                "V": "29000",
                                "W": "8",
                                "Pt": "F",
                                "Dp": "4.1",
                                "$": "1320"
                            },
                            {
                                "D": "E",
                                "G": "16",
                                "H": "72.8",
                                "P": "993",
                                "S": "10",
                                "T": "8.6",
                                "V": "30000",
                                "W": "8",
                                "Pt": "F",
                                "Dp": "4.0",
                                "$": "1380"
                            }
                        ]
                    },
                    {
                        "type": "Day",
                        "value": "2024-03-26Z",
                        "Rep": [
                            {
                                "D": "E",
                                "G": "16",
                                "H": "73.3",
                                "P": "993",
                                "S": "9",
                                "T": "8.1",
                                "V": "30000",
                                "W": "8",
                                "Pt": "F",
                                "Dp": "3.6",
                                "$": "0"
                            },
                            {
                                "D": "E",
                                "G": "13",
                                "H": "74.3",
                                "P": "992",
                                "S": "9",
                                "T": "7.9",
                                "V": "35000",
                                "W": "8",
                                "Pt": "F",
                                "Dp": "3.6",
                                "$": "60"
                            },
                            {
                                "D": "E",
                                "G": "14",
                                "H": "71.8",
                                "P": "991",
                                "S": "9",
                                "T": "8.0",
                                "V": "35000",
                                "W": "8",
                                "Pt": "F",
                                "Dp": "3.2",
                                "$": "120"
                            },
                            {
                                "D": "E",
                                "G": "13",
                                "H": "72.3",
                                "P": "991",
                                "S": "6",
                                "T": "8.0",
                                "V": "40000",
                                "W": "8",
                                "Pt": "F",
                                "Dp": "3.3",
                                "$": "180"
                            },
                            {
                                "D": "NE",
                                "G": "8",
                                "H": "70.3",
                                "P": "990",
                                "S": "3",
                                "T": "8.3",
                                "V": "35000",
                                "W": "8",
                                "Pt": "F",
                                "Dp": "3.2",
                                "$": "240"
                            },
                            {
                                "D": "ENE",
                                "G": "8",
                                "H": "70.9",
                                "P": "990",
                                "S": "3",
                                "T": "8.4",
                                "V": "35000",
                                "W": "8",
                                "Pt": "F",
                                "Dp": "3.4",
                                "$": "300"
                            },
                            {
                                "D": "ENE",
                                "G": "9",
                                "H": "71.9",
                                "P": "990",
                                "S": "5",
                                "T": "8.4",
                                "V": "30000",
                                "W": "8",
                                "Pt": "F",
                                "Dp": "3.6",
                                "$": "360"
                            },
                            {
                                "D": "ENE",
                                "G": "8",
                                "H": "73.0",
                                "P": "990",
                                "S": "5",
                                "T": "8.8",
                                "V": "30000",
                                "W": "8",
                                "Pt": "F",
                                "Dp": "4.2",
                                "$": "420"
                            },
                            {
                                "D": "E",
                                "G": "13",
                                "H": "73.6",
                                "P": "989",
                                "S": "7",
                                "T": "9.5",
                                "V": "30000",
                                "W": "8",
                                "Pt": "F",
                                "Dp": "5.0",
                                "$": "480"
                            },
                            {
                                "D": "E",
                                "G": "13",
                                "H": "68.2",
                                "P": "989",
                                "S": "8",
                                "T": "11.3",
                                "V": "30000",
                                "W": "1",
                                "Pt": "F",
                                "Dp": "5.6",
                                "$": "540"
                            },
                            {
                                "D": "ESE",
                                "G": "13",
                                "H": "63.0",
                                "P": "988",
                                "S": "6",
                                "T": "12.7",
                                "V": "35000",
                                "W": "8",
                                "Pt": "F",
                                "Dp": "5.8",
                                "$": "600"
                            },
                            {
                                "D": "SE",
                                "G": "11",
                                "H": "59.7",
                                "P": "988",
                                "S": "6",
                                "T": "13.0",
                                "V": "40000",
                                "W": "8",
                                "Pt": "F",
                                "Dp": "5.3",
                                "$": "660"
                            },
                            {
                                "D": "SE",
                                "G": "17",
                                "H": "54.7",
                                "P": "987",
                                "S": "9",
                                "T": "13.4",
                                "V": "45000",
                                "W": "7",
                                "Pt": "F",
                                "Dp": "4.4",
                                "$": "720"
                            },
                            {
                                "D": "SE",
                                "G": "17",
                                "H": "56.7",
                                "P": "987",
                                "S": "11",
                                "T": "13.6",
                                "V": "45000",
                                "W": "7",
                                "Pt": "F",
                                "Dp": "5.1",
                                "$": "780"
                            },
                            {
                                "D": "SE",
                                "G": "15",
                                "H": "59.7",
                                "P": "986",
                                "S": "9",
                                "T": "13.0",
                                "V": "40000",
                                "W": "8",
                                "Pt": "F",
                                "Dp": "5.3",
                                "$": "840"
                            },
                            {
                                "D": "SSE",
                                "G": "17",
                                "H": "66.5",
                                "P": "985",
                                "S": "8",
                                "T": "12.4",
                                "V": "30000",
                                "W": "12",
                                "Pt": "F",
                                "Dp": "6.3",
                                "$": "900"
                            },
                            {
                                "D": "SE",
                                "G": "11",
                                "H": "82.3",
                                "P": "985",
                                "S": "7",
                                "T": "10.6",
                                "V": "5000",
                                "W": "12",
                                "Pt": "F",
                                "Dp": "7.7",
                                "$": "960"
                            }
                        ]
                    }
                ]
            }
        }
    }
}