{
    "SiteRep": {
        "Wx": {
            "Param": [
                {
                    "name": "G",
                    "units": "mph",
                    "$": "Wind Gust"
                },
                {
                    "name": "T",
                    "units": "C",
                    "$": "Temperature"
                },
                {
                    "name": "V",
                    "units": "m",
                    "$": "Visibility"
                },
                {
                    "name": "D",
                    "units": "compass",
                    "$": "Wind Direction"
                },
                {
                    "name": "S",
                    "units": "mph",
                    "$": "Wind Speed"
                },
                {
                    "name": "W",
                    "units": "",
                    "$": "Weather Type"
                },
                {
                    "name": "P",
                    "units": "hpa",
                    "$": "Pressure"
                },
                {
                    "name": "Pt",
                    "units": "Pa/s",
                    "$": "Pressure Tendency"
                },
                {
                    "name": "Dp",
                    "units": "C",
                    "$": "Dew Point"
                },
                {
                    "name": "H",
                    "units": "%",
                    "$": "Screen Relative Humidity"
                }
            ]
        },
        "DV": {
            "dataDate": "2024-02-02T16:00:00Z",
            "type": "Obs",
            "Location": {
                "i": "3772",
                "lat": "51.479",
                "lon": "-0.449",
                "name": "HEATHROW",
                "country": "ENGLAND",
                "continent": "EUROPE",
                "elevation": "25.0",
                "Period": [
                    {
                        "type": "Day",
                        "value": "2024-02-01Z",
                        "Rep": [
                            {
                                "D": "WSW",
                                "G": "16",
                                "H": "60.7",
                                "P": "1034",
                                "S": "8",
                                "T": "8.4",
                                "V": "30000",
                                "W": "1",
                                "Pt": "F",
                                "Dp": "1.4",
                                "$": "960"
                            },
                            {
                                "D": "W",
                                "G": "11",
                                "H": "61.4",
                                "P": "1034",
                                "S": "5",
                                "T": "8.2",
                                "V": "29000",
                                "W": "0",
                                "Pt": "F",
                                "Dp": "1.4",
                                "$": "1020"
                            },
                            {
                                "D": "SW",
                                "G": "10",
                                "H": "66.4",
                                "P": "1034",
                                "S": "7",
                                "T": "7.1",
                                "V": "27000",
                                "W": "2",
                                "Pt": "F",
                                "Dp": "1.4",
                                "$": "1080"
                            },
                            {
                                "D": "SW",
                                "G": "18",
                                "H": "70.4",
                                "P": "1034",
                                "S": "8",
                                "T": "6.5",
                                "V": "26000",
                                "W": "2",
                                "Pt": "F",
                                "Dp": "1.6",
                                "$": "1140"
                            },
                            {
                                "D": "SSW",
                                "G": "13",
                                "H": "72.3",
                                "P": "1034",
                                "S": "8",
                                "T": "6.0",
                                "V": "24000",
                                "W": "0",
                                "Pt": "F",
                                "Dp": "1.5",
                                "$": "1200"
                            },
                            {
                                "D": "SSW",
                                "G": "17",
                                "H": "77.1",
                                "P": "1033",
                                "S": "6",
                                "T": "5.2",
                                "V": "20000",
                                "W": "0",
                                "Pt": "F",
                                "Dp": "1.6",
                                "$": "1260"
                            },
                            {
                                "D": "SSW",
                                "G": "13",
                                "H": "79.4",
                                "P": "1033",
                                "S": "8",
                                "T": "4.7",
                                "V": "18000",
                                "W": "0",
                                "Pt": "F",
                                "Dp": "1.5",
                                "$": "1320"
                            },
                            {
                                "D": "SSW",
                                "G": "13",
                                "H": "81.6",
                                "P": "1033",
                                "S": "7",
                                "T": "4.4",
                                "V": "16000",
                                "W": "0",
                                "Pt": "F",
                                "Dp": "1.6",
                                "$": "1380"
                            }
                        ]
                    },
                    {
                        "type": "Day",
                        "value": "2024-02-02Z",
                        "Rep": [
                            {
                                "D": "SSW",
                                "G": "11",
                                "H": "86.5",
                                "P": "1032",
                                "S": "8",
                                "T": "3.9",
                                "V": "16000",
                                "W": "0",
                                "Pt": "F",
                                "Dp": "1.9",
                                "$": "0"
                            },
                            {
                                "D": "SW",
                                "G": "15",
                                "H": "88.4",
                                "P": "1032",
                                "S": "9",
                                "T": "4.0",
                                "V": "16000",
                                "W": "0",
                                "Pt": "F",
                                "Dp": "2.3",
                                "$": "60"
                            },
                            {
                                "D": "SW",
                                "G": "15",
                                "H": "89.2",
                                "P": "1031",
                                "S": "11",
                                "T": "4.6",
                                "V": "18000",
                                "W": "2",
                                "Pt": "F",
                                "Dp": "3.0",
                                "$": "120"
                            },
                            {
                                "D": "WSW",
                                "G": "18",
                                "H": "90.6",
                                "P": "1031",
                                "S": "13",
                                "T": "6.3",
                                "V": "25000",
                                "W": "8",
                                "Pt": "F",
                                "Dp": "4.9",
                                "$": "180"
                            },
                            {
                                "D": "WSW",
                                "G": "19",
                                "H": "91.3",
                                "P": "1030",
                                "S": "15",
                                "T": "6.8",
                                "V": "30000",
                                "W": "8",
                                "Pt": "F",
                                "Dp": "5.5",
                                "$": "240"
                            },
                            {
                                "D": "WSW",
                                "G": "23",
                                "H": "92.0",
                                "P": "1030",
                                "S": "14",
                                "T": "7.5",
                                "V": "30000",
                                "W": "8",
                                "Pt": "F",
                                "Dp": "6.3",
                                "$": "300"
                            },
                            {
                                "D": "SW",
                                "G": "22",
                                "H": "94.0",
                                "P": "1030",
                                "S": "16",
                                "T": "7.8",
                                "V": "35000",
                                "W": "8",
                                "Pt": "F",
                                "Dp": "6.9",
                                "$": "360"
                            },
                            {
                                "D": "SW",
                                "G": "19",
                                "H": "92.6",
                                "P": "1030",
                                "S": "11",
                                "T": "8.3",
                                "V": "35000",
                                "W": "8",
                                "Pt": "S",
                                "Dp": "7.2",
                                "$": "420"
                            },
                            {
                                "D": "SW",
                                "G": "23",
                                "H": "93.3",
                                "P": "1030",
                                "S": "15",
                                "T": "8.5",
                                "V": "30000",
                                "W": "8",
                                "Pt": "R",
                                "Dp": "7.5",
                                "$": "480"
                            },
                            {
                                "D": "WSW",
                                "G": "23",
                                "H": "92.1",
                                "P": "1030",
                                "S": "16",
                                "T": "9.3",
                                "V": "45000",
                                "W": "8",
                                "Pt": "F",
                                "Dp": "8.1",
                                "$": "540"
                            },
                            {
                                "D": "SW",
                                "G": "23",
                                "H": "90.8",
                                "P": "1030",
                                "S": "13",
                                "T": "9.9",
                                "V": "45000",
                                "W": "8",
                                "Pt": "F",
                                "Dp": "8.5",
                                "$": "600"
                            },
                            {
                                "D": "WSW",
                                "G": "23",
                                "H": "85.0",
                                "P": "1030",
                                "S": "15",
                                "T": "11.4",
                                "V": "65000",
                                "W": "8",
                                "Pt": "F",
                                "Dp": "9.0",
                                "$": "660"
                            },
                            {
                                "D": "WSW",
                                "G": "29",
                                "H": "77.4",
                                "P": "1029",
                                "S": "21",
                                "T": "13.3",
                                "V": "75000",
                                "W": "3",
                                "Pt": "F",
                                "Dp": "9.5",
                                "$": "720"
                            },
                            {
                                "D": "WSW",
                                "G": "31",
                                "H": "75.8",
                                "P": "1029",
                                "S": "19",
                                "T": "12.7",
                                "V": "75000",
                                "W": "3",
                                "Pt": "F",
                                "Dp": "8.6",
                                "$": "780"
                            },
                            {
                                "D": "WSW",
                                "G": "29",
                                "H": "75.9",
                                "P": "1029",
                                "S": "17",
                                "T": "13.1",
                                "V": "75000",
                                "W": "7",
                                "Pt": "F",
                                "Dp": "9.0",
                                "$": "840"
                            },
                            {
                                "D": "WSW",
                                "G": "28",
                                "H": "74.3",
                                "P": "1028",
                                "S": "19",
                                "T": "12.9",
                                "V": "75000",
                                "W": "3",
                                "Pt": "F",
                                "Dp": "8.5",
                                "$": "900"
                            },
                            {
                                "D": "WSW",
                                "G": "28",
                                "H": "79.0",
                                "P": "1028",
                                "S": "17",
                                "T": "12.3",
                                "V": "75000",
                                "W": "8",
                                "Pt": "F",
                                "Dp": "8.8",
                                "$": "960"
                            }
                        ]
                    }
                ]
            }
        }
    }
}