{
    "SiteRep": {
        "Wx": {
            "Param": [
                {
                    "name": "G",
                    "units": "mph",
                    "$": "Wind Gust"
                },
                {
                    "name": "T",
                    "units": "C",
                    "$": "Temperature"
                },
                {
                    "name": "V",
                    "units": "m",
                    "$": "Visibility"
                },
                {
                    "name": "D",
                    "units": "compass",
                    "$": "Wind Direction"
                },
                {
                    "name": "S",
                    "units": "mph",
                    "$": "Wind Speed"
                },
                {
                    "name": "W",
                    "units": "",
                    "$": "Weather Type"
                },
                {
                    "name": "P",
                    "units": "hpa",
                    "$": "Pressure"
                },
                {
                    "name": "Pt",
                    "units": "Pa/s",
                    "$": "Pressure Tendency"
                },
                {
                    "name": "Dp",
                    "units": "C",
                    "$": "Dew Point"
                },
                {
                    "name": "H",
                    "units": "%",
                    "$": "Screen Relative Humidity"
                }
            ]
        },
        "DV": {
            "dataDate": "2023-08-29T16:00:00Z",
            "type": "Obs",
            "Location": {
                "i": "3772",
                "lat": "51.479",
                "lon": "-0.449",
                "name": "HEATHROW",
                "country": "ENGLAND",
                "continent": "EUROPE",
                "elevation": "25.0",
                "Period": [
                    {
                        "type": "Day",
                        "value": "2023-08-28Z",
                        "Rep": [
                            {
                                "D": "NW",
                                "G": "16",
                                "H": "46.5",
                                "P": "1014",
                                "S": "7",
                                "T": "20.9",
                                "V": "65000",
                                "W": "7",
                                "Pt": "S",
                                "Dp": "9.1",
                                "$": "960"
                            },
                            {
                                "D": "WNW",
                                "G": "16",
                                "H": "48.7",
                                "P": "1014",
                                "S": "10",
                                "T": "19.4",
                                "V": "50000",
                                "W": "7",
                                "Pt": "F",
                                "Dp": "8.4",
                                "$": "1020"
                            },
                            {
                                "D": "NW",
                                "G": "16",
                                "H": "51.0",
                                "P": "1015",
                                "S": "7",
                                "T": "18.3",
                                "V": "40000",
                                "W": "3",
                                "Pt": "R",
                                "Dp": "8.1",
                                "$": "1080"
                            },
                            {
                                "D": "NW",
                                "G": "10",
                                "H": "60.1",
                                "P": "1015",
                                "S": "5",
                                "T": "16.8",
                                "V": "40000",
                                "W": "2",
                                "Pt": "R",
                                "Dp": "9.1",
                                "$": "1140"
                            },
                            {
                                "D": "WNW",
                                "G": "8",
                                "H": "64.2",
                                "P": "1015",
                                "S": "5",
                                "T": "16.2",
                                "V": "40000",
                                "W": "5",
                                "Pt": "R",
                                "Dp": "9.5",
                                "$": "1200"
                            },
                            {
                                "D": "WNW",
                                "G": "7",
                                "H": "66.4",
                                "P": "1015",
                                "S": "3",
                                "T": "16.2",
                                "V": "35000",
                                "W": "8",
                                "Pt": "R",
                                "Dp": "10.0",
                                "$": "1260"
                            },
                            {
                                "D": "WNW",
                                "G": "7",
                                "H": "66.9",
                                "P": "1015",
                                "S": "5",
                                "T": "16.2",
                                "V": "40000",
                                "W": "8",
                                "Pt": "R",
                                "Dp": "10.1",
                                "$": "1320"
                            },
                            {
                                "D": "WNW",
                                "G": "7",
                                "H": "68.3",
                                "P": "1015",
                                "S": "3",
                                "T": "16.0",
                                "V": "40000",
                                "W": "8",
                                "Pt": "F",
                                "Dp": "10.2",
                                "$": "1380"
                            }
                        ]
                    },
                    {
                        "type": "Day",
                        "value": "2023-08-29Z",
                        "Rep": [
                            {
                                "D": "W",
                                "G": "6",
                                "H": "70.5",
                                "P": "1014",
                                "S": "3",
                                "T": "15.6",
                                "V": "45000",
                                "W": "8",
                                "Pt": "F",
                                "Dp": "10.3",
                                "$": "0"
                            },
                            {
                                "D": "W",
                                "G": "7",
                                "H": "72.9",
                                "P": "1014",
                                "S": "5",
                                "T": "15.4",
                                "V": "45000",
                                "W": "8",
                                "Pt": "F",
                                "Dp": "10.6",
                                "$": "60"
                            },
                            {
                                "D": "W",
                                "G": "8",
                                "H": "73.4",
                                "P": "1014",
                                "S": "5",
                                "T": "15.5",
                                "V": "45000",
                                "W": "8",
                                "Pt": "F",
                                "Dp": "10.8",
                                "$": "120"
                            },
                            {
                                "D": "W",
                                "G": "8",
                                "H": "76.9",
                                "P": "1014",
                                "S": "5",
                                "T": "15.2",
                                "V": "45000",
                                "W": "8",
                                "Pt": "F",
                                "Dp": "11.2",
                                "$": "180"
                            },
                            {
                                "D": "W",
                                "G": "8",
                                "H": "79.0",
                                "P": "1013",
                                "S": "3",
                                "T": "15.0",
                                "V": "45000",
                                "W": "8",
                                "Pt": "F",
                                "Dp": "11.4",
                                "$": "240"
                            },
                            {
                                "D": "WSW",
                                "G": "8",
                                "H": "81.5",
                                "P": "1013",
                                "S": "3",
                                "T": "14.5",
                                "V": "45000",
                                "W": "8",
                                "Pt": "F",
                                "Dp": "11.4",
                                "$": "300"
                            },
                            {
                                "D": "WSW",
                                "G": "6",
                                "H": "83.2",
                                "P": "1013",
                                "S": "3",
                                "T": "14.6",
                                "V": "45000",
                                "W": "8",
                                "Pt": "F",
                                "Dp": "11.8",
                                "$": "360"
                            },
                            {
                                "D": "W",
                                "G": "7",
                                "H": "81.6",
                                "P": "1013",
                                "S": "5",
                                "T": "15.0",
                                "V": "45000",
                                "W": "8",
                                "Pt": "R",
                                "Dp": "11.9",
                                "$": "420"
                            },
                            {
                                "D": "W",
                                "G": "8",
                                "H": "77.9",
                                "P": "1013",
                                "S": "6",
                                "T": "15.4",
                                "V": "50000",
                                "W": "8",
                                "Pt": "R",
                                "Dp": "11.6",
                                "$": "480"
                            },
                            {
                                "D": "S",
                                "G": "11",
                                "H": "72.3",
                                "P": "1013",
                                "S": "7",
                                "T": "17.1",
                                "V": "45000",
                                "W": "8",
                                "Pt": "F",
                                "Dp": "12.1",
                                "$": "540"
                            },
                            {
                                "D": "SSW",
                                "G": "11",
                                "H": "59.0",
                                "P": "1012",
                                "S": "8",
                                "T": "18.4",
                                "V": "45000",
                                "W": "8",
                                "Pt": "F",
                                "Dp": "10.3",
                                "$": "600"
                            },
                            {
                                "D": "SW",
                                "G": "15",
                                "H": "48.8",
                                "P": "1012",
                                "S": "8",
                                "T": "19.8",
                                "V": "60000",
                                "W": "8",
                                "Pt": "F",
                                "Dp": "8.8",
                                "$": "660"
                            },
                            {
                                "D": "SW",
                                "G": "18",
                                "H": "47.5",
                                "P": "1011",
                                "S": "7",
                                "T": "20.8",
                                "V": "55000",
                                "W": "7",
                                "Pt": "F",
                                "Dp": "9.3",
                                "$": "720"
                            },
                            {
                                "D": "SW",
                                "G": "17",
                                "H": "44.7",
                                "P": "1011",
                                "S": "7",
                                "T": "21.1",
                                "V": "55000",
                                "W": "7",
                                "Pt": "F",
                                "Dp": "8.7",
                                "$": "780"
                            },
                            {
                                "D": "WSW",
                                "G": "16",
                                "H": "45.4",
                                "P": "1011",
                                "S": "10",
                                "T": "20.3",
                                "V": "60000",
                                "W": "8",
                                "Pt": "F",
                                "Dp": "8.2",
                                "$": "840"
                            },
                            {
                                "D": "WSW",
                                "G": "18",
                                "H": "51.2",
                                "P": "1011",
                                "S": "11",
                                "T": "19.8",
                                "V": "55000",
                                "W": "8",
                                "Pt": "F",
                                "Dp": "9.5",
                                "$": "900"
                            },
                            {
                                "D": "WSW",
                                "G": "18",
                                "H": "54.0",
                                "P": "1010",
                                "S": "13",
                                "T": "19.5",
                                "V": "55000",
                                "W": "8",
                                "Pt": "F",
                                "Dp": "10.0",
                                "$": "960"
                            }
                        ]
                    }
                ]
            }
        }
    }
}