{
    "SiteRep": {
        "Wx": {
            "Param": [
                {
                    "name": "G",
                    "units": "mph",
                    "$": "Wind Gust"
                },
                {
                    "name": "T",
                    "units": "C",
                    "$": "Temperature"
                },
                {
                    "name": "V",
                    "units": "m",
                    "$": "Visibility"
                },
                {
                    "name": "D",
                    "units": "compass",
                    "$": "Wind Direction"
                },
                {
                    "name": "S",
                    "units": "mph",
                    "$": "Wind Speed"
                },
                {
                    "name": "W",
                    "units": "",
                    "$": "Weather Type"
                },
                {
                    "name": "P",
                    "units": "hpa",
                    "$": "Pressure"
                },
                {
                    "name": "Pt",
                    "units": "Pa/s",
                    "$": "Pressure Tendency"
                },
                {
                    "name": "Dp",
                    "units": "C",
                    "$": "Dew Point"
                },
                {
                    "name": "H",
                    "units": "%",
                    "$": "Screen Relative Humidity"
                }
            ]
        },
        "DV": {
            "dataDate": "2023-10-16T16:00:00Z",
            "type": "Obs",
            "Location": {
                "i": "3772",
                "lat": "51.479",
                "lon": "-0.449",
                "name": "HEATHROW",
                "country": "ENGLAND",
                "continent": "EUROPE",
                "elevation": "25.0",
                "Period": [
                    {
                        "type": "Day",
                        "value": "2023-10-15Z",
                        "Rep": [
                            {
                                "D": "NNE",
                                "G": "13",
                                "H": "44.6",
                                "P": "1026",
                                "S": "7",
                                "T": "10.5",
                                "V": "65000",
                                "W": "1",
                                "Pt": "F",
                                "Dp": "-0.8",
                                "$": "960"
                            },
                            {
                                "D": "NNE",
                                "G": "11",
                                "H": "50.0",
                                "P": "1026",
                                "S": "5",
                                "T": "9.4",
                                "V": "60000",
                                "W": "1",
                                "Pt": "R",
                                "Dp": "-0.3",
                                "$": "1020"
                            },
                            {
                                "D": "NE",
                                "G": "7",
                                "H": "56.4",
                                "P": "1026",
                                "S": "3",
                                "T": "8.3",
                                "V": "45000",
                                "W": "0",
                                "Pt": "F",
                                "Dp": "0.3",
                                "$": "1080"
                            },
                            {
                                "D": "NNE",
                                "G": "3",
                                "H": "62.4",
                                "P": "1026",
                                "S": "2",
                                "T": "7.8",
                                "V": "35000",
                                "W": "0",
                                "Pt": "R",
                                "Dp": "1.2",
                                "$": "1140"
                            },
                            {
                                "D": "N",
                                "G": "3",
                                "H": "71.0",
                                "P": "1026",
                                "S": "1",
                                "T": "6.5",
                                "V": "20000",
                                "W": "0",
                                "Pt": "R",
                                "Dp": "1.7",
                                "$": "1200"
                            },
                            {
                                "D": "N",
                                "G": "3",
                                "H": "75.2",
                                "P": "1026",
                                "S": "2",
                                "T": "6.5",
                                "V": "19000",
                                "W": "0",
                                "Pt": "F",
                                "Dp": "2.5",
                                "$": "1260"
                            },
                            {
                                "D": "ENE",
                                "G": "5",
                                "H": "80.0",
                                "P": "1026",
                                "S": "1",
                                "T": "5.1",
                                "V": "21000",
                                "W": "8",
                                "Pt": "F",
                                "Dp": "2.0",
                                "$": "1320"
                            },
                            {
                                "D": "NE",
                                "G": "5",
                                "H": "83.0",
                                "P": "1025",
                                "S": "2",
                                "T": "4.8",
                                "V": "20000",
                                "W": "7",
                                "Pt": "F",
                                "Dp": "2.2",
                                "$": "1380"
                            }
                        ]
                    },
                    {
                        "type": "Day",
                        "value": "2023-10-16Z",
                        "Rep": [
                            {
                                "D": "N",
                                "G": "5",
                                "H": "86.6",
                                "P": "1025",
                                "S": "2",
                                "T": "4.4",
                                "V": "21000",
                                "W": "8",
                                "Pt": "F",
                                "Dp": "2.4",
                                "$": "0"
                            },
                            {
                                "D": "NNW",
                                "G": "3",
                                "H": "87.9",
                                "P": "1025",
                                "S": "1",
                                "T": "3.3",
                                "V": "23000",
                                "W": "7",
                                "Pt": "F",
                                "Dp": "1.5",
                                "$": "60"
                            },
                            {
                                "D": "NNW",
                                "G": "5",
                                "H": "93.0",
                                "P": "1025",
                                "S": "3",
                                "T": "2.7",
                                "V": "23000",
                                "W": "7",
                                "Pt": "F",
                                "Dp": "1.7",
                                "$": "120"
                            },
                            {
                                "D": "N",
                                "G": "5",
                                "H": "94.3",
                                "P": "1024",
                                "S": "1",
                                "T": "2.3",
                                "V": "22000",
                                "W": "7",
                                "Pt": "F",
                                "Dp": "1.5",
                                "$": "180"
                            },
                            {
                                "D": "NNE",
                                "G": "6",
                                "H": "93.8",
                                "P": "1024",
                                "S": "2",
                                "T": "2.4",
                                "V": "24000",
                                "W": "2",
                                "Pt": "F",
                                "Dp": "1.5",
                                "$": "240"
                            },
                            {
                                "D": "NNE",
                                "G": "5",
                                "H": "92.5",
                                "P": "1024",
                                "S": "2",
                                "T": "2.5",
                                "V": "26000",
                                "W": "8",
                                "Pt": "F",
                                "Dp": "1.4",
                                "$": "300"
                            },
                            {
                                "D": "NNE",
                                "G": "3",
                                "H": "91.1",
                                "P": "1023",
                                "S": "1",
                                "T": "2.5",
                                "V": "26000",
                                "W": "8",
                                "Pt": "F",
                                "Dp": "1.2",
                                "$": "360"
                            },
                            {
                                "D": "NNE",
                                "G": "5",
                                "H": "88.4",
                                "P": "1023",
                                "S": "3",
                                "T": "3.2",
                                "V": "27000",
                                "W": "8",
                                "Pt": "F",
                                "Dp": "1.5",
                                "$": "420"
                            },
                            {
                                "D": "NNE",
                                "G": "6",
                                "H": "86.1",
                                "P": "1023",
                                "S": "3",
                                "T": "4.2",
                                "V": "28000",
                                "W": "8",
                                "Pt": "F",
                                "Dp": "2.1",
                                "$": "480"
                            },
                            {
                                "D": "NE",
                                "G": "6",
                                "H": "80.9",
                                "P": "1023",
                                "S": "3",
                                "T": "6.5",
                                "V": "27000",
                                "W": "3",
                                "Pt": "F",
                                "Dp": "3.5",
                                "$": "540"
                            },
                            {
                                "D": "ENE",
                                "G": "13",
                                "H": "64.9",
                                "P": "1022",
                                "S": "8",
                                "T": "9.8",
                                "V": "40000",
                                "W": "3",
                                "Pt": "F",
                                "Dp": "3.6",
                                "$": "600"
                            },
                            {
                                "D": "ENE",
                                "G": "13",
                                "H": "56.7",
                                "P": "1022",
                                "S": "7",
                                "T": "10.7",
                                "V": "45000",
                                "W": "7",
                                "Pt": "F",
                                "Dp": "2.6",
                                "$": "660"
                            },
                            {
                                "D": "E",
                                "G": "14",
                                "H": "56.0",
                                "P": "1021",
                                "S": "8",
                                "T": "12.3",
                                "V": "35000",
                                "W": "7",
                                "Pt": "F",
                                "Dp": "3.9",
                                "$": "720"
                            },
                            {
                                "D": "E",
                                "G": "17",
                                "H": "61.0",
                                "P": "1021",
                                "S": "11",
                                "T": "12.1",
                                "V": "45000",
                                "W": "8",
                                "Pt": "F",
                                "Dp": "4.9",
                                "$": "780"
                            },
                            {
                                "D": "E",
                                "G": "19",
                                "H": "63.2",
                                "P": "1020",
                                "S": "11",
                                "T": "12.1",
                                "V": "50000",
                                "W": "8",
                                "Pt": "F",
                                "Dp": "5.4",
                                "$": "840"
                            },
                            {
                                "D": "ENE",
                                "G": "17",
                                "H": "59.3",
                                "P": "1019",
                                "S": "8",
                                "T": "12.2",
                                "V": "50000",
                                "W": "8",
                                "Pt": "F",
                                "Dp": "4.6",
                                "$": "900"
                            },
                            {
                                "D": "ENE",
                                "G": "16",
                                "H": "61.0",
                                "P": "1019",
                                "S": "8",
                                "T": "11.9",
                                "V": "45000",
                                "W": "8",
                                "Pt": "F",
                                "Dp": "4.7",
                                "$": "960"
                            }
                        ]
                    }
                ]
            }
        }
    }
}