{
    "SiteRep": {
        "Wx": {
            "Param": [
                {
                    "name": "G",
                    "units": "mph",
                    "$": "Wind Gust"
                },
                {
                    "name": "T",
                    "units": "C",
                    "$": "Temperature"
                },
                {
                    "name": "V",
                    "units": "m",
                    "$": "Visibility"
                },
                {
                    "name": "D",
                    "units": "compass",
                    "$": "Wind Direction"
                },
                {
                    "name": "S",
                    "units": "mph",
                    "$": "Wind Speed"
                },
                {
                    "name": "W",
                    "units": "",
                    "$": "Weather Type"
                },
                {
                    "name": "P",
                    "units": "hpa",
                    "$": "Pressure"
                },
                {
                    "name": "Pt",
                    "units": "Pa/s",
                    "$": "Pressure Tendency"
                },
                {
                    "name": "Dp",
                    "units": "C",
                    "$": "Dew Point"
                },
                {
                    "name": "H",
                    "units": "%",
                    "$": "Screen Relative Humidity"
                }
            ]
        },
        "DV": {
            "dataDate": "2023-12-14T16:00:00Z",
            "type": "Obs",
            "Location": {
                "i": "3772",
                "lat": "51.479",
                "lon": "-0.449",
                "name": "HEATHROW",
                "country": "ENGLAND",
                "continent": "EUROPE",
                "elevation": "25.0",
                "Period": [
                    {
                        "type": "Day",
                        "value": "2023-12-13Z",
                        "Rep": [
                            {
                                "D": "NNW",
                                "G": "24",
                                "H": "87.7",
                                "P": "1006",
                                "S": "11",
                                "T": "7.0",
                                "V": "50000",
                                "W": "11",
                                "Pt": "R",
                                "Dp": "5.1",
                                "$": "960"
                            },
                            {
                                "D": "N",
                                "G": "23",
                                "H": "82.9",
                                "P": "1008",
                                "S": "11",
                                "T": "7.1",
                                "V": "50000",
                                "W": "8",
                                "Pt": "R",
                                "Dp": "4.4",
                                "$": "1020"
                            },
                            {
                                "D": "NNW",
                                "G": "28",
                                "H": "82.8",
                                "P": "1009",
                                "S": "13",
                                "T": "6.9",
                                "V": "50000",
                                "W": "8",
                                "Pt": "R",
                                "Dp": "4.2",
                                "$": "1080"
                            },
                            {
                                "D": "NNW",
                                "G": "23",
                                "H": "82.8",
                                "P": "1010",
                                "S": "10",
                                "T": "6.8",
                                "V": "50000",
                                "W": "8",
                                "Pt": "R",
                                "Dp": "4.1",
                                "$": "1140"
                            },
                            {
                                "D": "NNW",
                                "G": "24",
                                "H": "86.9",
                                "P": "1012",
                                "S": "10",
                                "T": "6.3",
                                "V": "35000",
                                "W": "8",
                                "Pt": "R",
                                "Dp": "4.3",
                                "$": "1200"
                            },
                            {
                                "D": "NNW",
                                "G": "23",
                                "H": "86.3",
                                "P": "1013",
                                "S": "10",
                                "T": "6.3",
                                "V": "35000",
                                "W": "8",
                                "Pt": "R",
                                "Dp": "4.2",
                                "$": "1260"
                            },
                            {
                                "D": "NNW",
                                "G": "19",
                                "H": "84.5",
                                "P": "1014",
                                "S": "10",
                                "T": "6.1",
                                "V": "35000",
                                "W": "8",
                                "Pt": "R",
                                "Dp": "3.7",
                                "$": "1320"
                            },
                            {
                                "D": "NW",
                                "G": "17",
                                "H": "83.8",
                                "P": "1015",
                                "S": "7",
                                "T": "5.8",
                                "V": "35000",
                                "W": "8",
                                "Pt": "R",
                                "Dp": "3.3",
                                "$": "1380"
                            }
                        ]
                    },
                    {
                        "type": "Day",
                        "value": "2023-12-14Z",
                        "Rep": [
                            {
                                "D": "NW",
                                "G": "15",
                                "H": "84.4",
                                "P": "1016",
                                "S": "6",
                                "T": "5.6",
                                "V": "35000",
                                "W": "8",
                                "Pt": "R",
                                "Dp": "3.2",
                                "$": "0"
                            },
                            {
                                "D": "NW",
                                "G": "10",
                                "H": "84.9",
                                "P": "1017",
                                "S": "6",
                                "T": "5.4",
                                "V": "30000",
                                "W": "8",
                                "Pt": "R",
                                "Dp": "3.1",
                                "$": "60"
                            },
                            {
                                "D": "WNW",
                                "G": "13",
                                "H": "83.7",
                                "P": "1017",
                                "S": "6",
                                "T": "5.3",
                                "V": "35000",
                                "W": "8",
                                "Pt": "R",
                                "Dp": "2.8",
                                "$": "120"
                            },
                            {
                                "D": "WNW",
                                "G": "14",
                                "H": "84.7",
                                "P": "1018",
                                "S": "8",
                                "T": "4.4",
                                "V": "30000",
                                "W": "8",
                                "Pt": "R",
                                "Dp": "2.1",
                                "$": "180"
                            },
                            {
                                "D": "WNW",
                                "G": "11",
                                "H": "89.7",
                                "P": "1018",
                                "S": "5",
                                "T": "3.0",
                                "V": "26000",
                                "W": "0",
                                "Pt": "R",
                                "Dp": "1.5",
                                "$": "240"
                            },
                            {
                                "D": "W",
                                "G": "9",
                                "H": "89.7",
                                "P": "1019",
                                "S": "6",
                                "T": "3.0",
                                "V": "24000",
                                "W": "8",
                                "Pt": "R",
                                "Dp": "1.5",
                                "$": "300"
                            },
                            {
                                "D": "W",
                                "G": "10",
                                "H": "89.7",
                                "P": "1019",
                                "S": "7",
                                "T": "3.0",
                                "V": "25000",
                                "W": "7",
                                "Pt": "R",
                                "Dp": "1.5",
                                "$": "360"
                            },
                            {
                                "D": "W",
                                "G": "10",
                                "H": "87.3",
                                "P": "1020",
                                "S": "7",
                                "T": "3.5",
                                "V": "26000",
                                "W": "8",
                                "Pt": "R",
                                "Dp": "1.6",
                                "$": "420"
                            },
                            {
                                "D": "SW",
                                "G": "11",
                                "H": "88.5",
                                "P": "1020",
                                "S": "5",
                                "T": "3.8",
                                "V": "16000",
                                "W": "12",
                                "Pt": "R",
                                "Dp": "2.1",
                                "$": "480"
                            },
                            {
                                "D": "S",
                                "G": "8",
                                "H": "86.6",
                                "P": "1021",
                                "S": "5",
                                "T": "4.1",
                                "V": "30000",
                                "W": "8",
                                "Pt": "R",
                                "Dp": "2.1",
                                "$": "540"
                            },
                            {
                                "D": "SSW",
                                "G": "10",
                                "H": "87.4",
                                "P": "1021",
                                "S": "6",
                                "T": "4.6",
                                "V": "8000",
                                "W": "12",
                                "Pt": "R",
                                "Dp": "2.7",
                                "$": "600"
                            },
                            {
                                "D": "SSW",
                                "G": "11",
                                "H": "88.5",
                                "P": "1021",
                                "S": "7",
                                "T": "5.1",
                                "V": "11000",
                                "W": "12",
                                "Pt": "R",
                                "Dp": "3.4",
                                "$": "660"
                            },
                            {
                                "D": "S",
                                "G": "11",
                                "H": "95.3",
                                "P": "1021",
                                "S": "6",
                                "T": "5.3",
                                "V": "2700",
                                "W": "11",
                                "Pt": "R",
                                "Dp": "4.6",
                                "$": "720"
                            },
                            {
                                "D": "SW",
                                "G": "13",
                                "H": "94.6",
                                "P": "1020",
                                "S": "6",
                                "T": "6.8",
                                "V": "21000",
                                "W": "8",
                                "Pt": "F",
                                "Dp": "6.0",
                                "$": "780"
                            },
                            {
                                "D": "WSW",
                                "G": "8",
                                "H": "92.5",
                                "P": "1021",
                                "S": "5",
                                "T": "7.8",
                                "V": "13000",
                                "W": "8",
                                "Pt": "F",
                                "Dp": "6.7",
                                "$": "840"
                            },
                            {
                                "D": "WSW",
                                "G": "13",
                                "H": "94.0",
                                "P": "1022",
                                "S": "8",
                                "T": "8.3",
                                "V": "28000",
                                "W": "8",
                                "Pt": "R",
                                "Dp": "7.4",
                                "$": "900"
                            },
                            {
                                "D": "W",
                                "G": "11",
                                "H": "94.0",
                                "P": "1023",
                                "S": "7",
                                "T": "8.3",
                                "V": "27000",
                                "W": "11",
                                "Pt": "R",
                                "Dp": "7.4",
                                "$": "960"
                            }
                        ]
                    }
                ]
            }
        }
    }
}