{
    "SiteRep": {
        "Wx": {
            "Param": [
                {
                    "name": "G",
                    "units": "mph",
                    "$": "Wind Gust"
                },
                {
                    "name": "T",
                    "units": "C",
                    "$": "Temperature"
                },
                {
                    "name": "V",
                    "units": "m",
                    "$": "Visibility"
                },
                {
                    "name": "D",
                    "units": "compass",
                    "$": "Wind Direction"
                },
                {
                    "name": "S",
                    "units": "mph",
                    "$": "Wind Speed"
                },
                {
                    "name": "W",
                    "units": "",
                    "$": "Weather Type"
                },
                {
                    "name": "P",
                    "units": "hpa",
                    "$": "Pressure"
                },
                {
                    "name": "Pt",
                    "units": "Pa/s",
                    "$": "Pressure Tendency"
                },
                {
                    "name": "Dp",
                    "units": "C",
                    "$": "Dew Point"
                },
                {
                    "name": "H",
                    "units": "%",
                    "$": "Screen Relative Humidity"
                }
            ]
        },
        "DV": {
            "dataDate": "2023-11-15T16:00:00Z",
            "type": "Obs",
            "Location": {
                "i": "3772",
                "lat": "51.479",
                "lon": "-0.449",
                "name": "HEATHROW",
                "country": "ENGLAND",
                "continent": "EUROPE",
                "elevation": "25.0",
                "Period": [
                    {
                        "type": "Day",
                        "value": "2023-11-14Z",
                        "Rep": [
                            {
                                "D": "WSW",
                                "G": "22",
                                "H": "89.7",
                                "P": "1004",
                                "S": "13",
                                "T": "10.4",
                                "V": "30000",
                                "W": "1",
                                "Pt": "R",
                                "Dp": "8.8",
                                "$": "960"
                            },
                            {
                                "D": "WSW",
                                "G": "18",
                                "H": "92.3",
                                "P": "1005",
                                "S": "13",
                                "T": "9.9",
                                "V": "23000",
                                "W": "0",
                                "Pt": "R",
                                "Dp": "8.7",
                                "$": "1020"
                            },
                            {
                                "D": "WSW",
                                "G": "19",
                                "H": "91.0",
                                "P": "1006",
                                "S": "13",
                                "T": "10.0",
                                "V": "20000",
                                "W": "0",
                                "Pt": "R",
                                "Dp": "8.6",
                                "$": "1080"
                            },
                            {
                                "D": "WSW",
                                "G": "19",
                                "H": "91.6",
                                "P": "1007",
                                "S": "13",
                                "T": "9.6",
                                "V": "18000",
                                "W": "0",
                                "Pt": "R",
                                "Dp": "8.3",
                                "$": "1140"
                            },
                            {
                                "D": "WSW",
                                "G": "18",
                                "H": "92.2",
                                "P": "1008",
                                "S": "13",
                                "T": "9.7",
                                "V": "19000",
                                "W": "0",
                                "Pt": "R",
                                "Dp": "8.5",
                                "$": "1200"
                            },
                            {
                                "D": "WSW",
                                "G": "19",
                                "H": "90.2",
                                "P": "1009",
                                "S": "11",
                                "T": "9.6",
                                "V": "20000",
                                "W": "0",
                                "Pt": "R",
                                "Dp": "8.1",
                                "$": "1260"
                            },
                            {
                                "D": "WSW",
                                "G": "22",
                                "H": "90.3",
                                "P": "1010",
                                "S": "10",
                                "T": "9.3",
                                "V": "20000",
                                "W": "0",
                                "Pt": "R",
                                "Dp": "7.8",
                                "$": "1320"
                            },
                            {
                                "D": "WSW",
                                "G": "14",
                                "H": "91.4",
                                "P": "1011",
                                "S": "10",
                                "T": "8.8",
                                "V": "20000",
                                "W": "0",
                                "Pt": "R",
                                "Dp": "7.5",
                                "$": "1380"
                            }
                        ]
                    },
                    {
                        "type": "Day",
                        "value": "2023-11-15Z",
                        "Rep": [
                            {
                                "D": "WSW",
                                "G": "15",
                                "H": "94.0",
                                "P": "1012",
                                "S": "9",
                                "T": "8.6",
                                "V": "20000",
                                "W": "0",
                                "Pt": "R",
                                "Dp": "7.7",
                                "$": "0"
                            },
                            {
                                "D": "W",
                                "G": "16",
                                "H": "93.4",
                                "P": "1012",
                                "S": "9",
                                "T": "8.8",
                                "V": "20000",
                                "W": "0",
                                "Pt": "R",
                                "Dp": "7.8",
                                "$": "60"
                            },
                            {
                                "D": "WSW",
                                "G": "15",
                                "H": "94.0",
                                "P": "1013",
                                "S": "10",
                                "T": "8.7",
                                "V": "18000",
                                "W": "0",
                                "Pt": "R",
                                "Dp": "7.8",
                                "$": "120"
                            },
                            {
                                "D": "W",
                                "G": "14",
                                "H": "94.1",
                                "P": "1013",
                                "S": "8",
                                "T": "8.1",
                                "V": "22000",
                                "W": "0",
                                "Pt": "R",
                                "Dp": "7.2",
                                "$": "180"
                            },
                            {
                                "D": "WSW",
                                "G": "18",
                                "H": "93.3",
                                "P": "1013",
                                "S": "11",
                                "T": "8.6",
                                "V": "29000",
                                "W": "0",
                                "Pt": "R",
                                "Dp": "7.6",
                                "$": "240"
                            },
                            {
                                "D": "W",
                                "G": "19",
                                "H": "90.9",
                                "P": "1014",
                                "S": "9",
                                "T": "8.5",
                                "V": "28000",
                                "W": "0",
                                "Pt": "R",
                                "Dp": "7.1",
                                "$": "300"
                            },
                            {
                                "D": "WSW",
                                "G": "18",
                                "H": "90.8",
                                "P": "1014",
                                "S": "11",
                                "T": "8.4",
                                "V": "28000",
                                "W": "0",
                                "Pt": "R",
                                "Dp": "7.0",
                                "$": "360"
                            },
                            {
                                "D": "WSW",
                                "G": "18",
                                "H": "92.0",
                                "P": "1015",
                                "S": "13",
                                "T": "8.4",
                                "V": "28000",
                                "W": "0",
                                "Pt": "R",
                                "Dp": "7.2",
                                "$": "420"
                            },
                            {
                                "D": "WSW",
                                "G": "23",
                                "H": "91.5",
                                "P": "1016",
                                "S": "15",
                                "T": "8.7",
                                "V": "25000",
                                "W": "1",
                                "Pt": "R",
                                "Dp": "7.4",
                                "$": "480"
                            },
                            {
                                "D": "WSW",
                                "G": "23",
                                "H": "86.6",
                                "P": "1016",
                                "S": "17",
                                "T": "9.4",
                                "V": "28000",
                                "W": "1",
                                "Pt": "R",
                                "Dp": "7.3",
                                "$": "540"
                            },
                            {
                                "D": "WSW",
                                "G": "24",
                                "H": "82.0",
                                "P": "1016",
                                "S": "16",
                                "T": "10.3",
                                "V": "27000",
                                "W": "1",
                                "Pt": "R",
                                "Dp": "7.4",
                                "$": "600"
                            },
                            {
                                "D": "W",
                                "G": "26",
                                "H": "75.1",
                                "P": "1016",
                                "S": "17",
                                "T": "11.0",
                                "V": "30000",
                                "W": "1",
                                "Pt": "R",
                                "Dp": "6.8",
                                "$": "660"
                            },
                            {
                                "D": "WSW",
                                "G": "29",
                                "H": "67.3",
                                "P": "1016",
                                "S": "21",
                                "T": "11.6",
                                "V": "35000",
                                "W": "1",
                                "Pt": "R",
                                "Dp": "5.8",
                                "$": "720"
                            },
                            {
                                "D": "W",
                                "G": "28",
                                "H": "64.2",
                                "P": "1017",
                                "S": "17",
                                "T": "12.1",
                                "V": "40000",
                                "W": "8",
                                "Pt": "R",
                                "Dp": "5.6",
                                "$": "780"
                            },
                            {
                                "D": "W",
                                "G": "28",
                                "H": "63.1",
                                "P": "1017",
                                "S": "18",
                                "T": "11.5",
                                "V": "45000",
                                "W": "8",
                                "Pt": "R",
                                "Dp": "4.8",
                                "$": "840"
                            },
                            {
                                "D": "W",
                                "G": "28",
                                "H": "63.8",
                                "P": "1017",
                                "S": "14",
                                "T": "11.1",
                                "V": "40000",
                                "W": "1",
                                "Pt": "R",
                                "Dp": "4.6",
                                "$": "900"
                            },
                            {
                                "D": "W",
                                "G": "24",
                                "H": "67.3",
                                "P": "1018",
                                "S": "10",
                                "T": "10.0",
                                "V": "45000",
                                "W": "3",
                                "Pt": "R",
                                "Dp": "4.3",
                                "$": "960"
                            }
                        ]
                    }
                ]
            }
        }
    }
}