{
    "SiteRep": {
        "Wx": {
            "Param": [
                {
                    "name": "G",
                    "units": "mph",
                    "$": "Wind Gust"
                },
                {
                    "name": "T",
                    "units": "C",
                    "$": "Temperature"
                },
                {
                    "name": "V",
                    "units": "m",
                    "$": "Visibility"
                },
                {
                    "name": "D",
                    "units": "compass",
                    "$": "Wind Direction"
                },
                {
                    "name": "S",
                    "units": "mph",
                    "$": "Wind Speed"
                },
                {
                    "name": "W",
                    "units": "",
                    "$": "Weather Type"
                },
                {
                    "name": "P",
                    "units": "hpa",
                    "$": "Pressure"
                },
                {
                    "name": "Pt",
                    "units": "Pa/s",
                    "$": "Pressure Tendency"
                },
                {
                    "name": "Dp",
                    "units": "C",
                    "$": "Dew Point"
                },
                {
                    "name": "H",
                    "units": "%",
                    "$": "Screen Relative Humidity"
                }
            ]
        },
        "DV": {
            "dataDate": "2024-06-04T16:00:00Z",
            "type": "Obs",
            "Location": {
                "i": "3772",
                "lat": "51.479",
                "lon": "-0.449",
                "name": "HEATHROW",
                "country": "ENGLAND",
                "continent": "EUROPE",
                "elevation": "25.0",
                "Period": [
                    {
                        "type": "Day",
                        "value": "2024-06-03Z",
                        "Rep": [
                            {
                                "D": "NW",
                                "G": "13",
                                "H": "56.8",
                                "P": "1020",
                                "S": "6",
                                "T": "20.7",
                                "V": "50000",
                                "W": "7",
                                "Pt": "F",
                                "Dp": "11.9",
                                "$": "960"
                            },
                            {
                                "D": "WNW",
                                "G": "14",
                                "H": "59.3",
                                "P": "1019",
                                "S": "6",
                                "T": "20.2",
                                "V": "45000",
                                "W": "8",
                                "Pt": "F",
                                "Dp": "12.1",
                                "$": "1020"
                            },
                            {
                                "D": "NW",
                                "G": "11",
                                "H": "59.4",
                                "P": "1019",
                                "S": "6",
                                "T": "20.3",
                                "V": "50000",
                                "W": "8",
                                "Pt": "F",
                                "Dp": "12.2",
                                "$": "1080"
                            },
                            {
                                "D": "WNW",
                                "G": "10",
                                "H": "62.9",
                                "P": "1018",
                                "S": "5",
                                "T": "19.5",
                                "V": "65000",
                                "W": "8",
                                "Pt": "F",
                                "Dp": "12.3",
                                "$": "1140"
                            },
                            {
                                "D": "NNW",
                                "G": "7",
                                "H": "64.9",
                                "P": "1018",
                                "S": "3",
                                "T": "19.0",
                                "V": "55000",
                                "W": "8",
                                "Pt": "F",
                                "Dp": "12.3",
                                "$": "1200"
                            },
                            {
                                "D": "WNW",
                                "G": "3",
                                "H": "67.4",
                                "P": "1018",
                                "S": "2",
                                "T": "18.5",
                                "V": "50000",
                                "W": "8",
                                "Pt": "F",
                                "Dp": "12.4",
                                "$": "1260"
                            },
                            {
                                "D": "N",
                                "G": "3",
                                "H": "70.9",
                                "P": "1018",
                                "S": "2",
                                "T": "17.9",
                                "V": "35000",
                                "W": "8",
                                "Pt": "F",
                                "Dp": "12.6",
                                "$": "1320"
                            },
                            {
                                "D": "N",
                                "G": "3",
                                "H": "74.5",
                                "P": "1018",
                                "S": "0",
                                "T": "16.3",
                                "V": "45000",
                                "W": "7",
                                "Pt": "F",
                                "Dp": "11.8",
                                "$": "1380"
                            }
                        ]
                    },
                    {
                        "type": "Day",
                        "value": "2024-06-04Z",
                        "Rep": [
                            {
                                "D": "WNW",
                                "G": "2",
                                "H": "78.6",
                                "P": "1017",
                                "S": "1",
                                "T": "16.5",
                                "V": "40000",
                                "W": "8",
                                "Pt": "F",
                                "Dp": "12.8",
                                "$": "0"
                            },
                            {
                                "D": "WSW",
                                "G": "9",
                                "H": "82.3",
                                "P": "1016",
                                "S": "3",
                                "T": "16.1",
                                "V": "30000",
                                "W": "8",
                                "Pt": "F",
                                "Dp": "13.1",
                                "$": "60"
                            },
                            {
                                "D": "SW",
                                "G": "5",
                                "H": "83.3",
                                "P": "1015",
                                "S": "3",
                                "T": "15.3",
                                "V": "40000",
                                "W": "8",
                                "Pt": "F",
                                "Dp": "12.5",
                                "$": "120"
                            },
                            {
                                "D": "SSW",
                                "G": "7",
                                "H": "85.0",
                                "P": "1015",
                                "S": "6",
                                "T": "15.7",
                                "V": "45000",
                                "W": "8",
                                "Pt": "F",
                                "Dp": "13.2",
                                "$": "180"
                            },
                            {
                                "D": "SW",
                                "G": "8",
                                "H": "86.7",
                                "P": "1014",
                                "S": "3",
                                "T": "15.4",
                                "V": "40000",
                                "W": "8",
                                "Pt": "F",
                                "Dp": "13.2",
                                "$": "240"
                            },
                            {
                                "D": "W",
                                "G": "7",
                                "H": "87.2",
                                "P": "1014",
                                "S": "5",
                                "T": "15.5",
                                "V": "28000",
                                "W": "8",
                                "Pt": "F",
                                "Dp": "13.4",
                                "$": "300"
                            },
                            {
                                "D": "WSW",
                                "G": "11",
                                "H": "86.1",
                                "P": "1013",
                                "S": "6",
                                "T": "15.8",
                                "V": "26000",
                                "W": "8",
                                "Pt": "F",
                                "Dp": "13.5",
                                "$": "360"
                            },
                            {
                                "D": "WSW",
                                "G": "11",
                                "H": "86.1",
                                "P": "1013",
                                "S": "8",
                                "T": "15.7",
                                "V": "28000",
                                "W": "8",
                                "Pt": "F",
                                "Dp": "13.4",
                                "$": "420"
                            },
                            {
                                "D": "WSW",
                                "G": "13",
                                "H": "83.4",
                                "P": "1013",
                                "S": "9",
                                "T": "15.7",
                                "V": "25000",
                                "W": "8",
                                "Pt": "F",
                                "Dp": "12.9",
                                "$": "480"
                            },
                            {
                                "D": "SW",
                                "G": "13",
                                "H": "79.8",
                                "P": "1012",
                                "S": "9",
                                "T": "17.1",
                                "V": "30000",
                                "W": "8",
                                "Pt": "F",
                                "Dp": "13.6",
                                "$": "540"
                            },
                            {
                                "D": "SW",
                                "G": "22",
                                "H": "65.5",
                                "P": "1011",
                                "S": "16",
                                "T": "19.3",
                                "V": "50000",
                                "W": "8",
                                "Pt": "F",
                                "Dp": "12.7",
                                "$": "600"
                            },
                            {
                                "D": "W",
                                "G": "23",
                                "H": "69.6",
                                "P": "1011",
                                "S": "15",
                                "T": "18.1",
                                "V": "45000",
                                "W": "8",
                                "Pt": "F",
                                "Dp": "12.5",
                                "$": "660"
                            },
                            {
                                "D": "SW",
                                "G": "23",
                                "H": "60.4",
                                "P": "1010",
                                "S": "17",
                                "T": "19.2",
                                "V": "60000",
                                "W": "8",
                                "Pt": "F",
                                "Dp": "11.4",
                                "$": "720"
                            },
                            {
                                "D": "W",
                                "G": "24",
                                "H": "56.6",
                                "P": "1009",
                                "S": "13",
                                "T": "19.6",
                                "V": "55000",
                                "W": "7",
                                "Pt": "F",
                                "Dp": "10.8",
                                "$": "780"
                            },
                            {
                                "D": "WSW",
                                "G": "22",
                                "H": "65.8",
                                "P": "1009",
                                "S": "15",
                                "T": "18.5",
                                "V": "40000",
                                "W": "12",
                                "Pt": "F",
                                "Dp": "12.0",
                                "$": "840"
                            },
                            {
                                "D": "W",
                                "G": "23",
                                "H": "71.0",
                                "P": "1009",
                                "S": "16",
                                "T": "17.6",
                                "V": "35000",
                                "W": "12",
                                "Pt": "F",
                                "Dp": "12.3",
                                "$": "900"
                            },
                            {
                                "D": "WSW",
                                "G": "23",
                                "H": "70.0",
                                "P": "1008",
                                "S": "16",
                                "T": "17.7",
                                "V": "55000",
                                "W": "8",
                                "Pt": "F",
                                "Dp": "12.2",
                                "$": "960"
                            }
                        ]
                    }
                ]
            }
        }
    }
}