{
    "SiteRep": {
        "Wx": {
            "Param": [
                {
                    "name": "G",
                    "units": "mph",
                    "$": "Wind Gust"
                },
                {
                    "name": "T",
                    "units": "C",
                    "$": "Temperature"
                },
                {
                    "name": "V",
                    "units": "m",
                    "$": "Visibility"
                },
                {
                    "name": "D",
                    "units": "compass",
                    "$": "Wind Direction"
                },
                {
                    "name": "S",
                    "units": "mph",
                    "$": "Wind Speed"
                },
                {
                    "name": "W",
                    "units": "",
                    "$": "Weather Type"
                },
                {
                    "name": "P",
                    "units": "hpa",
                    "$": "Pressure"
                },
                {
                    "name": "Pt",
                    "units": "Pa/s",
                    "$": "Pressure Tendency"
                },
                {
                    "name": "Dp",
                    "units": "C",
                    "$": "Dew Point"
                },
                {
                    "name": "H",
                    "units": "%",
                    "$": "Screen Relative Humidity"
                }
            ]
        },
        "DV": {
            "dataDate": "2024-02-26T16:00:00Z",
            "type": "Obs",
            "Location": {
                "i": "3772",
                "lat": "51.479",
                "lon": "-0.449",
                "name": "HEATHROW",
                "country": "ENGLAND",
                "continent": "EUROPE",
                "elevation": "25.0",
                "Period": [
                    {
                        "type": "Day",
                        "value": "2024-02-25Z",
                        "Rep": [
                            {
                                "D": "E",
                                "G": "28",
                                "H": "81.3",
                                "P": "993",
                                "S": "16",
                                "T": "7.0",
                                "V": "27000",
                                "W": "8",
                                "Pt": "F",
                                "Dp": "4.0",
                                "$": "960"
                            },
                            {
                                "D": "E",
                                "G": "29",
                                "H": "87.6",
                                "P": "993",
                                "S": "16",
                                "T": "6.3",
                                "V": "7000",
                                "W": "12",
                                "Pt": "F",
                                "Dp": "4.4",
                                "$": "1020"
                            },
                            {
                                "D": "ENE",
                                "G": "25",
                                "H": "87.8",
                                "P": "993",
                                "S": "13",
                                "T": "6.5",
                                "V": "12000",
                                "W": "12",
                                "Pt": "F",
                                "Dp": "4.6",
                                "$": "1080"
                            },
                            {
                                "D": "NE",
                                "G": "24",
                                "H": "87.1",
                                "P": "993",
                                "S": "14",
                                "T": "6.5",
                                "V": "7000",
                                "W": "12",
                                "Pt": "F",
                                "Dp": "4.5",
                                "$": "1140"
                            },
                            {
                                "D": "NE",
                                "G": "25",
                                "H": "90.2",
                                "P": "993",
                                "S": "13",
                                "T": "6.3",
                                "V": "5000",
                                "W": "12",
                                "Pt": "R",
                                "Dp": "4.8",
                                "$": "1200"
                            },
                            {
                                "D": "NE",
                                "G": "28",
                                "H": "90.8",
                                "P": "994",
                                "S": "15",
                                "T": "6.1",
                                "V": "5000",
                                "W": "12",
                                "Pt": "R",
                                "Dp": "4.7",
                                "$": "1260"
                            },
                            {
                                "D": "NNE",
                                "G": "30",
                                "H": "92.1",
                                "P": "995",
                                "S": "16",
                                "T": "6.0",
                                "V": "4400",
                                "W": "12",
                                "Pt": "R",
                                "Dp": "4.8",
                                "$": "1320"
                            },
                            {
                                "D": "NE",
                                "G": "32",
                                "H": "92.7",
                                "P": "995",
                                "S": "16",
                                "T": "6.0",
                                "V": "5000",
                                "W": "12",
                                "Pt": "R",
                                "Dp": "4.9",
                                "$": "1380"
                            }
                        ]
                    },
                    {
                        "type": "Day",
                        "value": "2024-02-26Z",
                        "Rep": [
                            {
                                "D": "NNE",
                                "G": "32",
                                "H": "88.9",
                                "P": "996",
                                "S": "18",
                                "T": "6.0",
                                "V": "9000",
                                "W": "12",
                                "Pt": "R",
                                "Dp": "4.3",
                                "$": "0"
                            },
                            {
                                "D": "NNE",
                                "G": "33",
                                "H": "85.2",
                                "P": "997",
                                "S": "19",
                                "T": "6.2",
                                "V": "30000",
                                "W": "8",
                                "Pt": "R",
                                "Dp": "3.9",
                                "$": "60"
                            },
                            {
                                "D": "NNE",
                                "G": "34",
                                "H": "82.8",
                                "P": "998",
                                "S": "19",
                                "T": "6.4",
                                "V": "30000",
                                "W": "8",
                                "Pt": "R",
                                "Dp": "3.7",
                                "$": "120"
                            },
                            {
                                "D": "NNE",
                                "G": "34",
                                "H": "80.5",
                                "P": "999",
                                "S": "17",
                                "T": "6.4",
                                "V": "35000",
                                "W": "8",
                                "Pt": "R",
                                "Dp": "3.3",
                                "$": "180"
                            },
                            {
                                "D": "NNE",
                                "G": "31",
                                "H": "80.5",
                                "P": "1000",
                                "S": "17",
                                "T": "5.9",
                                "V": "40000",
                                "W": "8",
                                "Pt": "R",
                                "Dp": "2.8",
                                "$": "240"
                            },
                            {
                                "D": "NNE",
                                "G": "37",
                                "H": "77.1",
                                "P": "1001",
                                "S": "18",
                                "T": "5.9",
                                "V": "45000",
                                "W": "8",
                                "Pt": "R",
                                "Dp": "2.2",
                                "$": "300"
                            },
                            {
                                "D": "N",
                                "G": "36",
                                "H": "75.4",
                                "P": "1003",
                                "S": "16",
                                "T": "5.8",
                                "V": "45000",
                                "W": "8",
                                "Pt": "R",
                                "Dp": "1.8",
                                "$": "360"
                            },
                            {
                                "D": "NNE",
                                "G": "36",
                                "H": "72.2",
                                "P": "1005",
                                "S": "19",
                                "T": "5.7",
                                "V": "50000",
                                "W": "8",
                                "Pt": "R",
                                "Dp": "1.1",
                                "$": "420"
                            },
                            {
                                "D": "NNE",
                                "G": "40",
                                "H": "72.1",
                                "P": "1006",
                                "S": "16",
                                "T": "5.8",
                                "V": "45000",
                                "W": "8",
                                "Pt": "R",
                                "Dp": "1.2",
                                "$": "480"
                            },
                            {
                                "D": "N",
                                "G": "36",
                                "H": "74.3",
                                "P": "1007",
                                "S": "15",
                                "T": "5.8",
                                "V": "45000",
                                "W": "8",
                                "Pt": "R",
                                "Dp": "1.6",
                                "$": "540"
                            },
                            {
                                "D": "NNE",
                                "G": "34",
                                "H": "72.8",
                                "P": "1008",
                                "S": "16",
                                "T": "6.6",
                                "V": "50000",
                                "W": "8",
                                "Pt": "R",
                                "Dp": "2.1",
                                "$": "600"
                            },
                            {
                                "D": "NNE",
                                "G": "37",
                                "H": "66.4",
                                "P": "1009",
                                "S": "21",
                                "T": "7.3",
                                "V": "60000",
                                "W": "8",
                                "Pt": "R",
                                "Dp": "1.5",
                                "$": "660"
                            },
                            {
                                "D": "NNE",
                                "G": "36",
                                "H": "62.3",
                                "P": "1010",
                                "S": "19",
                                "T": "7.7",
                                "V": "50000",
                                "W": "8",
                                "Pt": "R",
                                "Dp": "1.0",
                                "$": "720"
                            },
                            {
                                "D": "N",
                                "G": "36",
                                "H": "62.9",
                                "P": "1011",
                                "S": "17",
                                "T": "8.1",
                                "V": "55000",
                                "W": "8",
                                "Pt": "R",
                                "Dp": "1.5",
                                "$": "780"
                            },
                            {
                                "D": "NNE",
                                "G": "36",
                                "H": "52.1",
                                "P": "1012",
                                "S": "18",
                                "T": "8.6",
                                "V": "55000",
                                "W": "8",
                                "Pt": "R",
                                "Dp": "-0.6",
                                "$": "840"
                            },
                            {
                                "D": "NNE",
                                "G": "38",
                                "H": "54.1",
                                "P": "1012",
                                "S": "19",
                                "T": "9.1",
                                "V": "60000",
                                "W": "3",
                                "Pt": "R",
                                "Dp": "0.4",
                                "$": "900"
                            },
                            {
                                "D": "NNE",
                                "G": "34",
                                "H": "55.5",
                                "P": "1013",
                                "S": "17",
                                "T": "8.4",
                                "V": "55000",
                                "W": "8",
                                "Pt": "R",
                                "Dp": "0.1",
                                "$": "960"
                            }
                        ]
                    }
                ]
            }
        }
    }
}