{
    "SiteRep": {
        "Wx": {
            "Param": [
                {
                    "name": "G",
                    "units": "mph",
                    "$": "Wind Gust"
                },
                {
                    "name": "T",
                    "units": "C",
                    "$": "Temperature"
                },
                {
                    "name": "V",
                    "units": "m",
                    "$": "Visibility"
                },
                {
                    "name": "D",
                    "units": "compass",
                    "$": "Wind Direction"
                },
                {
                    "name": "S",
                    "units": "mph",
                    "$": "Wind Speed"
                },
                {
                    "name": "W",
                    "units": "",
                    "$": "Weather Type"
                },
                {
                    "name": "P",
                    "units": "hpa",
                    "$": "Pressure"
                },
                {
                    "name": "Pt",
                    "units": "Pa/s",
                    "$": "Pressure Tendency"
                },
                {
                    "name": "Dp",
                    "units": "C",
                    "$": "Dew Point"
                },
                {
                    "name": "H",
                    "units": "%",
                    "$": "Screen Relative Humidity"
                }
            ]
        },
        "DV": {
            "dataDate": "2024-04-21T16:00:00Z",
            "type": "Obs",
            "Location": {
                "i": "3772",
                "lat": "51.479",
                "lon": "-0.449",
                "name": "HEATHROW",
                "country": "ENGLAND",
                "continent": "EUROPE",
                "elevation": "25.0",
                "Period": [
                    {
                        "type": "Day",
                        "value": "2024-04-20Z",
                        "Rep": [
                            {
                                "D": "N",
                                "G": "18",
                                "H": "48.6",
                                "P": "1029",
                                "S": "10",
                                "T": "11.1",
                                "V": "55000",
                                "W": "8",
                                "Pt": "F",
                                "Dp": "0.9",
                                "$": "960"
                            },
                            {
                                "D": "N",
                                "G": "19",
                                "H": "45.8",
                                "P": "1028",
                                "S": "10",
                                "T": "11.2",
                                "V": "50000",
                                "W": "8",
                                "Pt": "F",
                                "Dp": "0.2",
                                "$": "1020"
                            },
                            {
                                "D": "NNE",
                                "G": "17",
                                "H": "50.2",
                                "P": "1028",
                                "S": "9",
                                "T": "10.2",
                                "V": "50000",
                                "W": "3",
                                "Pt": "F",
                                "Dp": "0.5",
                                "$": "1080"
                            },
                            {
                                "D": "NNE",
                                "G": "13",
                                "H": "54.2",
                                "P": "1029",
                                "S": "6",
                                "T": "9.5",
                                "V": "45000",
                                "W": "8",
                                "Pt": "F",
                                "Dp": "0.9",
                                "$": "1140"
                            },
                            {
                                "D": "NE",
                                "G": "10",
                                "H": "57.0",
                                "P": "1029",
                                "S": "5",
                                "T": "9.2",
                                "V": "40000",
                                "W": "8",
                                "Pt": "R",
                                "Dp": "1.3",
                                "$": "1200"
                            },
                            {
                                "D": "NE",
                                "G": "8",
                                "H": "63.0",
                                "P": "1029",
                                "S": "3",
                                "T": "8.1",
                                "V": "35000",
                                "W": "2",
                                "Pt": "R",
                                "Dp": "1.6",
                                "$": "1260"
                            },
                            {
                                "D": "NE",
                                "G": "8",
                                "H": "68.0",
                                "P": "1029",
                                "S": "6",
                                "T": "7.2",
                                "V": "30000",
                                "W": "0",
                                "Pt": "R",
                                "Dp": "1.8",
                                "$": "1320"
                            },
                            {
                                "D": "NE",
                                "G": "9",
                                "H": "71.9",
                                "P": "1029",
                                "S": "5",
                                "T": "6.4",
                                "V": "30000",
                                "W": "2",
                                "Pt": "R",
                                "Dp": "1.8",
                                "$": "1380"
                            }
                        ]
                    },
                    {
                        "type": "Day",
                        "value": "2024-04-21Z",
                        "Rep": [
                            {
                                "D": "N",
                                "G": "7",
                                "H": "71.6",
                                "P": "1029",
                                "S": "3",
                                "T": "6.8",
                                "V": "35000",
                                "W": "8",
                                "Pt": "S",
                                "Dp": "2.1",
                                "$": "0"
                            },
                            {
                                "D": "NNW",
                                "G": "8",
                                "H": "70.5",
                                "P": "1029",
                                "S": "3",
                                "T": "6.8",
                                "V": "35000",
                                "W": "8",
                                "Pt": "F",
                                "Dp": "1.9",
                                "$": "60"
                            },
                            {
                                "D": "N",
                                "G": "9",
                                "H": "67.5",
                                "P": "1029",
                                "S": "5",
                                "T": "7.0",
                                "V": "45000",
                                "W": "8",
                                "Pt": "F",
                                "Dp": "1.5",
                                "$": "120"
                            },
                            {
                                "D": "N",
                                "G": "15",
                                "H": "67.4",
                                "P": "1029",
                                "S": "7",
                                "T": "6.8",
                                "V": "45000",
                                "W": "8",
                                "Pt": "F",
                                "Dp": "1.3",
                                "$": "180"
                            },
                            {
                                "D": "N",
                                "G": "16",
                                "H": "71.9",
                                "P": "1029",
                                "S": "7",
                                "T": "5.9",
                                "V": "35000",
                                "W": "0",
                                "Pt": "S",
                                "Dp": "1.3",
                                "$": "240"
                            },
                            {
                                "D": "N",
                                "G": "14",
                                "H": "76.5",
                                "P": "1029",
                                "S": "5",
                                "T": "5.2",
                                "V": "30000",
                                "W": "1",
                                "Pt": "R",
                                "Dp": "1.5",
                                "$": "300"
                            },
                            {
                                "D": "N",
                                "G": "14",
                                "H": "77.2",
                                "P": "1029",
                                "S": "7",
                                "T": "5.3",
                                "V": "30000",
                                "W": "1",
                                "Pt": "R",
                                "Dp": "1.7",
                                "$": "360"
                            },
                            {
                                "D": "N",
                                "G": "23",
                                "H": "70.8",
                                "P": "1030",
                                "S": "11",
                                "T": "6.3",
                                "V": "30000",
                                "W": "1",
                                "Pt": "R",
                                "Dp": "1.5",
                                "$": "420"
                            },
                            {
                                "D": "N",
                                "G": "24",
                                "H": "66.0",
                                "P": "1030",
                                "S": "10",
                                "T": "7.1",
                                "V": "35000",
                                "W": "3",
                                "Pt": "R",
                                "Dp": "1.3",
                                "$": "480"
                            },
                            {
                                "D": "NNE",
                                "G": "26",
                                "H": "56.9",
                                "P": "1030",
                                "S": "13",
                                "T": "7.8",
                                "V": "35000",
                                "W": "3",
                                "Pt": "R",
                                "Dp": "0.0",
                                "$": "540"
                            },
                            {
                                "D": "NNE",
                                "G": "24",
                                "H": "52.3",
                                "P": "1030",
                                "S": "11",
                                "T": "9.8",
                                "V": "40000",
                                "W": "7",
                                "Pt": "S",
                                "Dp": "0.7",
                                "$": "600"
                            },
                            {
                                "D": "NNE",
                                "G": "25",
                                "H": "52.1",
                                "P": "1030",
                                "S": "14",
                                "T": "9.3",
                                "V": "45000",
                                "W": "8",
                                "Pt": "R",
                                "Dp": "0.2",
                                "$": "660"
                            },
                            {
                                "D": "NNE",
                                "G": "23",
                                "H": "50.4",
                                "P": "1030",
                                "S": "11",
                                "T": "10.0",
                                "V": "40000",
                                "W": "8",
                                "Pt": "S",
                                "Dp": "0.4",
                                "$": "720"
                            },
                            {
                                "D": "N",
                                "G": "21",
                                "H": "53.1",
                                "P": "1030",
                                "S": "10",
                                "T": "10.9",
                                "V": "45000",
                                "W": "8",
                                "Pt": "R",
                                "Dp": "1.9",
                                "$": "780"
                            },
                            {
                                "D": "NNE",
                                "G": "19",
                                "H": "50.3",
                                "P": "1030",
                                "S": "11",
                                "T": "10.8",
                                "V": "40000",
                                "W": "8",
                                "Pt": "F",
                                "Dp": "1.1",
                                "$": "840"
                            },
                            {
                                "D": "N",
                                "G": "22",
                                "H": "46.8",
                                "P": "1029",
                                "S": "11",
                                "T": "11.2",
                                "V": "50000",
                                "W": "8",
                                "Pt": "F",
                                "Dp": "0.5",
                                "$": "900"
                            },
                            {
                                "D": "N",
                                "G": "22",
                                "H": "45.7",
                                "P": "1029",
                                "S": "10",
                                "T": "12.0",
                                "V": "50000",
                                "W": "7",
                                "Pt": "F",
                                "Dp": "0.9",
                                "$": "960"
                            }
                        ]
                    }
                ]
            }
        }
    }
}