{
    "SiteRep": {
        "Wx": {
            "Param": [
                {
                    "name": "G",
                    "units": "mph",
                    "$": "Wind Gust"
                },
                {
                    "name": "T",
                    "units": "C",
                    "$": "Temperature"
                },
                {
                    "name": "V",
                    "units": "m",
                    "$": "Visibility"
                },
                {
                    "name": "D",
                    "units": "compass",
                    "$": "Wind Direction"
                },
                {
                    "name": "S",
                    "units": "mph",
                    "$": "Wind Speed"
                },
                {
                    "name": "W",
                    "units": "",
                    "$": "Weather Type"
                },
                {
                    "name": "P",
                    "units": "hpa",
                    "$": "Pressure"
                },
                {
                    "name": "Pt",
                    "units": "Pa/s",
                    "$": "Pressure Tendency"
                },
                {
                    "name": "Dp",
                    "units": "C",
                    "$": "Dew Point"
                },
                {
                    "name": "H",
                    "units": "%",
                    "$": "Screen Relative Humidity"
                }
            ]
        },
        "DV": {
            "dataDate": "2023-12-15T16:00:00Z",
            "type": "Obs",
            "Location": {
                "i": "3772",
                "lat": "51.479",
                "lon": "-0.449",
                "name": "HEATHROW",
                "country": "ENGLAND",
                "continent": "EUROPE",
                "elevation": "25.0",
                "Period": [
                    {
                        "type": "Day",
                        "value": "2023-12-14Z",
                        "Rep": [
                            {
                                "D": "W",
                                "G": "11",
                                "H": "94.0",
                                "P": "1023",
                                "S": "7",
                                "T": "8.3",
                                "V": "27000",
                                "W": "11",
                                "Pt": "R",
                                "Dp": "7.4",
                                "$": "960"
                            },
                            {
                                "D": "W",
                                "G": "8",
                                "H": "94.0",
                                "P": "1023",
                                "S": "3",
                                "T": "8.0",
                                "V": "26000",
                                "W": "2",
                                "Pt": "R",
                                "Dp": "7.1",
                                "$": "1020"
                            },
                            {
                                "D": "W",
                                "G": "7",
                                "H": "94.5",
                                "P": "1024",
                                "S": "3",
                                "T": "7.1",
                                "V": "19000",
                                "W": "8",
                                "Pt": "R",
                                "Dp": "6.3",
                                "$": "1080"
                            },
                            {
                                "D": "W",
                                "G": "6",
                                "H": "96.5",
                                "P": "1025",
                                "S": "3",
                                "T": "6.6",
                                "V": "13000",
                                "W": "5",
                                "Pt": "R",
                                "Dp": "6.1",
                                "$": "1140"
                            },
                            {
                                "D": "NNW",
                                "G": "10",
                                "H": "97.2",
                                "P": "1026",
                                "S": "2",
                                "T": "7.1",
                                "V": "13000",
                                "W": "8",
                                "Pt": "R",
                                "Dp": "6.7",
                                "$": "1200"
                            },
                            {
                                "D": "W",
                                "G": "5",
                                "H": "96.6",
                                "P": "1027",
                                "S": "3",
                                "T": "7.5",
                                "V": "13000",
                                "W": "8",
                                "Pt": "R",
                                "Dp": "7.0",
                                "$": "1260"
                            },
                            {
                                "D": "W",
                                "G": "6",
                                "H": "96.0",
                                "P": "1027",
                                "S": "3",
                                "T": "6.9",
                                "V": "9000",
                                "W": "5",
                                "Pt": "R",
                                "Dp": "6.3",
                                "$": "1320"
                            },
                            {
                                "D": "W",
                                "G": "9",
                                "H": "94.0",
                                "P": "1028",
                                "S": "6",
                                "T": "7.7",
                                "V": "13000",
                                "W": "8",
                                "Pt": "R",
                                "Dp": "6.8",
                                "$": "1380"
                            }
                        ]
                    },
                    {
                        "type": "Day",
                        "value": "2023-12-15Z",
                        "Rep": [
                            {
                                "D": "W",
                                "G": "8",
                                "H": "91.3",
                                "P": "1029",
                                "S": "5",
                                "T": "6.9",
                                "V": "14000",
                                "W": "8",
                                "Pt": "R",
                                "Dp": "5.6",
                                "$": "0"
                            },
                            {
                                "D": "WSW",
                                "G": "6",
                                "H": "93.2",
                                "P": "1029",
                                "S": "3",
                                "T": "6.2",
                                "V": "13000",
                                "W": "8",
                                "Pt": "R",
                                "Dp": "5.2",
                                "$": "60"
                            },
                            {
                                "D": "W",
                                "G": "6",
                                "H": "93.2",
                                "P": "1030",
                                "S": "3",
                                "T": "6.8",
                                "V": "14000",
                                "W": "8",
                                "Pt": "R",
                                "Dp": "5.8",
                                "$": "120"
                            },
                            {
                                "D": "W",
                                "G": "7",
                                "H": "89.3",
                                "P": "1031",
                                "S": "5",
                                "T": "6.5",
                                "V": "15000",
                                "W": "8",
                                "Pt": "R",
                                "Dp": "4.9",
                                "$": "180"
                            },
                            {
                                "D": "W",
                                "G": "6",
                                "H": "90.0",
                                "P": "1031",
                                "S": "3",
                                "T": "6.2",
                                "V": "16000",
                                "W": "8",
                                "Pt": "R",
                                "Dp": "4.7",
                                "$": "240"
                            },
                            {
                                "D": "W",
                                "G": "7",
                                "H": "85.6",
                                "P": "1032",
                                "S": "5",
                                "T": "6.4",
                                "V": "18000",
                                "W": "8",
                                "Pt": "R",
                                "Dp": "4.2",
                                "$": "300"
                            },
                            {
                                "D": "W",
                                "G": "7",
                                "H": "84.4",
                                "P": "1033",
                                "S": "5",
                                "T": "6.2",
                                "V": "21000",
                                "W": "8",
                                "Pt": "R",
                                "Dp": "3.8",
                                "$": "360"
                            },
                            {
                                "D": "W",
                                "G": "7",
                                "H": "81.3",
                                "P": "1033",
                                "S": "5",
                                "T": "6.4",
                                "V": "22000",
                                "W": "8",
                                "Pt": "R",
                                "Dp": "3.5",
                                "$": "420"
                            },
                            {
                                "D": "W",
                                "G": "8",
                                "H": "83.7",
                                "P": "1034",
                                "S": "5",
                                "T": "5.8",
                                "V": "21000",
                                "W": "0",
                                "Pt": "R",
                                "Dp": "3.3",
                                "$": "480"
                            },
                            {
                                "D": "W",
                                "G": "10",
                                "H": "83.1",
                                "P": "1036",
                                "S": "7",
                                "T": "6.3",
                                "V": "21000",
                                "W": "8",
                                "Pt": "R",
                                "Dp": "3.7",
                                "$": "540"
                            },
                            {
                                "D": "W",
                                "G": "10",
                                "H": "82.5",
                                "P": "1036",
                                "S": "6",
                                "T": "6.6",
                                "V": "21000",
                                "W": "8",
                                "Pt": "R",
                                "Dp": "3.9",
                                "$": "600"
                            },
                            {
                                "D": "WSW",
                                "G": "11",
                                "H": "76.4",
                                "P": "1037",
                                "S": "7",
                                "T": "7.7",
                                "V": "24000",
                                "W": "8",
                                "Pt": "R",
                                "Dp": "3.9",
                                "$": "660"
                            },
                            {
                                "D": "W",
                                "G": "11",
                                "H": "77.0",
                                "P": "1037",
                                "S": "5",
                                "T": "8.3",
                                "V": "24000",
                                "W": "8",
                                "Pt": "R",
                                "Dp": "4.6",
                                "$": "720"
                            },
                            {
                                "D": "SSW",
                                "G": "9",
                                "H": "74.4",
                                "P": "1037",
                                "S": "6",
                                "T": "8.8",
                                "V": "21000",
                                "W": "8",
                                "Pt": "R",
                                "Dp": "4.6",
                                "$": "780"
                            },
                            {
                                "D": "SW",
                                "G": "11",
                                "H": "73.4",
                                "P": "1037",
                                "S": "7",
                                "T": "9.1",
                                "V": "20000",
                                "W": "8",
                                "Pt": "R",
                                "Dp": "4.7",
                                "$": "840"
                            },
                            {
                                "D": "WSW",
                                "G": "14",
                                "H": "71.9",
                                "P": "1037",
                                "S": "10",
                                "T": "9.4",
                                "V": "24000",
                                "W": "8",
                                "Pt": "S",
                                "Dp": "4.7",
                                "$": "900"
                            },
                            {
                                "D": "SW",
                                "G": "13",
                                "H": "71.8",
                                "P": "1038",
                                "S": "8",
                                "T": "9.1",
                                "V": "23000",
                                "W": "8",
                                "Pt": "R",
                                "Dp": "4.4",
                                "$": "960"
                            }
                        ]
                    }
                ]
            }
        }
    }
}