{
    "SiteRep": {
        "Wx": {
            "Param": [
                {
                    "name": "G",
                    "units": "mph",
                    "$": "Wind Gust"
                },
                {
                    "name": "T",
                    "units": "C",
                    "$": "Temperature"
                },
                {
                    "name": "V",
                    "units": "m",
                    "$": "Visibility"
                },
                {
                    "name": "D",
                    "units": "compass",
                    "$": "Wind Direction"
                },
                {
                    "name": "S",
                    "units": "mph",
                    "$": "Wind Speed"
                },
                {
                    "name": "W",
                    "units": "",
                    "$": "Weather Type"
                },
                {
                    "name": "P",
                    "units": "hpa",
                    "$": "Pressure"
                },
                {
                    "name": "Pt",
                    "units": "Pa/s",
                    "$": "Pressure Tendency"
                },
                {
                    "name": "Dp",
                    "units": "C",
                    "$": "Dew Point"
                },
                {
                    "name": "H",
                    "units": "%",
                    "$": "Screen Relative Humidity"
                }
            ]
        },
        "DV": {
            "dataDate": "2024-03-14T16:00:00Z",
            "type": "Obs",
            "Location": {
                "i": "3772",
                "lat": "51.479",
                "lon": "-0.449",
                "name": "HEATHROW",
                "country": "ENGLAND",
                "continent": "EUROPE",
                "elevation": "25.0",
                "Period": [
                    {
                        "type": "Day",
                        "value": "2024-03-13Z",
                        "Rep": [
                            {
                                "D": "SSW",
                                "G": "25",
                                "H": "75.0",
                                "P": "1012",
                                "S": "14",
                                "T": "13.4",
                                "V": "40000",
                                "W": "8",
                                "Pt": "F",
                                "Dp": "9.1",
                                "$": "960"
                            },
                            {
                                "D": "SSW",
                                "G": "26",
                                "H": "76.5",
                                "P": "1012",
                                "S": "13",
                                "T": "12.9",
                                "V": "35000",
                                "W": "8",
                                "Pt": "F",
                                "Dp": "8.9",
                                "$": "1020"
                            },
                            {
                                "D": "SSW",
                                "G": "21",
                                "H": "76.9",
                                "P": "1012",
                                "S": "15",
                                "T": "12.3",
                                "V": "40000",
                                "W": "7",
                                "Pt": "R",
                                "Dp": "8.4",
                                "$": "1080"
                            },
                            {
                                "D": "SSW",
                                "G": "21",
                                "H": "80.0",
                                "P": "1012",
                                "S": "14",
                                "T": "11.4",
                                "V": "35000",
                                "W": "8",
                                "Pt": "R",
                                "Dp": "8.1",
                                "$": "1140"
                            },
                            {
                                "D": "SSW",
                                "G": "22",
                                "H": "81.1",
                                "P": "1012",
                                "S": "11",
                                "T": "11.0",
                                "V": "35000",
                                "W": "8",
                                "Pt": "R",
                                "Dp": "7.9",
                                "$": "1200"
                            },
                            {
                                "D": "SSW",
                                "G": "19",
                                "H": "82.7",
                                "P": "1012",
                                "S": "10",
                                "T": "10.9",
                                "V": "28000",
                                "W": "8",
                                "Pt": "F",
                                "Dp": "8.1",
                                "$": "1260"
                            },
                            {
                                "D": "SSW",
                                "G": "16",
                                "H": "83.2",
                                "P": "1012",
                                "S": "10",
                                "T": "10.7",
                                "V": "35000",
                                "W": "8",
                                "Pt": "F",
                                "Dp": "8.0",
                                "$": "1320"
                            },
                            {
                                "D": "SSW",
                                "G": "15",
                                "H": "86.1",
                                "P": "1011",
                                "S": "9",
                                "T": "10.3",
                                "V": "30000",
                                "W": "8",
                                "Pt": "F",
                                "Dp": "8.1",
                                "$": "1380"
                            }
                        ]
                    },
                    {
                        "type": "Day",
                        "value": "2024-03-14Z",
                        "Rep": [
                            {
                                "D": "SSW",
                                "G": "14",
                                "H": "89.7",
                                "P": "1011",
                                "S": "7",
                                "T": "10.0",
                                "V": "24000",
                                "W": "8",
                                "Pt": "F",
                                "Dp": "8.4",
                                "$": "0"
                            },
                            {
                                "D": "SSW",
                                "G": "10",
                                "H": "92.7",
                                "P": "1011",
                                "S": "7",
                                "T": "9.6",
                                "V": "21000",
                                "W": "8",
                                "Pt": "F",
                                "Dp": "8.5",
                                "$": "60"
                            },
                            {
                                "D": "S",
                                "G": "10",
                                "H": "93.3",
                                "P": "1010",
                                "S": "5",
                                "T": "8.9",
                                "V": "17000",
                                "W": "2",
                                "Pt": "F",
                                "Dp": "7.9",
                                "$": "120"
                            },
                            {
                                "D": "S",
                                "G": "9",
                                "H": "93.4",
                                "P": "1010",
                                "S": "6",
                                "T": "8.7",
                                "V": "22000",
                                "W": "2",
                                "Pt": "F",
                                "Dp": "7.7",
                                "$": "180"
                            },
                            {
                                "D": "S",
                                "G": "9",
                                "H": "93.4",
                                "P": "1009",
                                "S": "5",
                                "T": "8.2",
                                "V": "26000",
                                "W": "8",
                                "Pt": "F",
                                "Dp": "7.2",
                                "$": "240"
                            },
                            {
                                "D": "SSE",
                                "G": "8",
                                "H": "93.4",
                                "P": "1009",
                                "S": "5",
                                "T": "7.8",
                                "V": "26000",
                                "W": "7",
                                "Pt": "F",
                                "Dp": "6.8",
                                "$": "300"
                            },
                            {
                                "D": "SE",
                                "G": "11",
                                "H": "94.7",
                                "P": "1008",
                                "S": "5",
                                "T": "7.2",
                                "V": "26000",
                                "W": "8",
                                "Pt": "F",
                                "Dp": "6.4",
                                "$": "360"
                            },
                            {
                                "D": "S",
                                "G": "9",
                                "H": "92.8",
                                "P": "1008",
                                "S": "6",
                                "T": "8.9",
                                "V": "27000",
                                "W": "8",
                                "Pt": "F",
                                "Dp": "7.8",
                                "$": "420"
                            },
                            {
                                "D": "S",
                                "G": "17",
                                "H": "91.0",
                                "P": "1008",
                                "S": "10",
                                "T": "10.0",
                                "V": "23000",
                                "W": "3",
                                "Pt": "F",
                                "Dp": "8.6",
                                "$": "480"
                            },
                            {
                                "D": "S",
                                "G": "19",
                                "H": "88.0",
                                "P": "1008",
                                "S": "10",
                                "T": "11.1",
                                "V": "23000",
                                "W": "8",
                                "Pt": "F",
                                "Dp": "9.2",
                                "$": "540"
                            },
                            {
                                "D": "S",
                                "G": "19",
                                "H": "84.5",
                                "P": "1008",
                                "S": "13",
                                "T": "11.8",
                                "V": "30000",
                                "W": "8",
                                "Pt": "F",
                                "Dp": "9.3",
                                "$": "600"
                            },
                            {
                                "D": "S",
                                "G": "19",
                                "H": "84.0",
                                "P": "1007",
                                "S": "10",
                                "T": "12.2",
                                "V": "15000",
                                "W": "12",
                                "Pt": "F",
                                "Dp": "9.6",
                                "$": "660"
                            },
                            {
                                "D": "S",
                                "G": "16",
                                "H": "81.5",
                                "P": "1007",
                                "S": "10",
                                "T": "13.4",
                                "V": "35000",
                                "W": "8",
                                "Pt": "F",
                                "Dp": "10.3",
                                "$": "720"
                            },
                            {
                                "D": "S",
                                "G": "21",
                                "H": "66.7",
                                "P": "1006",
                                "S": "13",
                                "T": "16.6",
                                "V": "45000",
                                "W": "7",
                                "Pt": "F",
                                "Dp": "10.4",
                                "$": "780"
                            },
                            {
                                "D": "SSW",
                                "G": "32",
                                "H": "58.3",
                                "P": "1005",
                                "S": "17",
                                "T": "16.7",
                                "V": "45000",
                                "W": "8",
                                "Pt": "F",
                                "Dp": "8.5",
                                "$": "840"
                            },
                            {
                                "D": "SSW",
                                "G": "30",
                                "H": "61.4",
                                "P": "1005",
                                "S": "19",
                                "T": "16.0",
                                "V": "50000",
                                "W": "8",
                                "Pt": "F",
                                "Dp": "8.6",
                                "$": "900"
                            },
                            {
                                "D": "SSW",
                                "G": "26",
                                "H": "70.9",
                                "P": "1004",
                                "S": "18",
                                "T": "14.4",
                                "V": "6000",
                                "W": "12",
                                "Pt": "F",
                                "Dp": "9.2",
                                "$": "960"
                            }
                        ]
                    }
                ]
            }
        }
    }
}