{
    "SiteRep": {
        "Wx": {
            "Param": [
                {
                    "name": "G",
                    "units": "mph",
                    "$": "Wind Gust"
                },
                {
                    "name": "T",
                    "units": "C",
                    "$": "Temperature"
                },
                {
                    "name": "V",
                    "units": "m",
                    "$": "Visibility"
                },
                {
                    "name": "D",
                    "units": "compass",
                    "$": "Wind Direction"
                },
                {
                    "name": "S",
                    "units": "mph",
                    "$": "Wind Speed"
                },
                {
                    "name": "W",
                    "units": "",
                    "$": "Weather Type"
                },
                {
                    "name": "P",
                    "units": "hpa",
                    "$": "Pressure"
                },
                {
                    "name": "Pt",
                    "units": "Pa/s",
                    "$": "Pressure Tendency"
                },
                {
                    "name": "Dp",
                    "units": "C",
                    "$": "Dew Point"
                },
                {
                    "name": "H",
                    "units": "%",
                    "$": "Screen Relative Humidity"
                }
            ]
        },
        "DV": {
            "dataDate": "2024-04-02T16:00:00Z",
            "type": "Obs",
            "Location": {
                "i": "3772",
                "lat": "51.479",
                "lon": "-0.449",
                "name": "HEATHROW",
                "country": "ENGLAND",
                "continent": "EUROPE",
                "elevation": "25.0",
                "Period": [
                    {
                        "type": "Day",
                        "value": "2024-04-01Z",
                        "Rep": [
                            {
                                "D": "ESE",
                                "G": "8",
                                "H": "78.5",
                                "P": "995",
                                "S": "6",
                                "T": "11.2",
                                "V": "60000",
                                "W": "12",
                                "Pt": "R",
                                "Dp": "7.6",
                                "$": "960"
                            },
                            {
                                "D": "NW",
                                "G": "11",
                                "H": "81.9",
                                "P": "996",
                                "S": "5",
                                "T": "12.0",
                                "V": "50000",
                                "W": "8",
                                "Pt": "R",
                                "Dp": "9.0",
                                "$": "1020"
                            },
                            {
                                "D": "SSW",
                                "G": "15",
                                "H": "75.9",
                                "P": "996",
                                "S": "9",
                                "T": "11.6",
                                "V": "40000",
                                "W": "7",
                                "Pt": "R",
                                "Dp": "7.5",
                                "$": "1080"
                            },
                            {
                                "D": "S",
                                "G": "16",
                                "H": "72.2",
                                "P": "996",
                                "S": "9",
                                "T": "10.6",
                                "V": "35000",
                                "W": "0",
                                "Pt": "R",
                                "Dp": "5.8",
                                "$": "1140"
                            },
                            {
                                "D": "S",
                                "G": "16",
                                "H": "80.5",
                                "P": "997",
                                "S": "9",
                                "T": "9.7",
                                "V": "30000",
                                "W": "2",
                                "Pt": "R",
                                "Dp": "6.5",
                                "$": "1200"
                            },
                            {
                                "D": "SSE",
                                "G": "14",
                                "H": "83.2",
                                "P": "997",
                                "S": "9",
                                "T": "9.7",
                                "V": "35000",
                                "W": "8",
                                "Pt": "R",
                                "Dp": "7.0",
                                "$": "1260"
                            },
                            {
                                "D": "S",
                                "G": "16",
                                "H": "85.5",
                                "P": "997",
                                "S": "10",
                                "T": "9.4",
                                "V": "40000",
                                "W": "8",
                                "Pt": "R",
                                "Dp": "7.1",
                                "$": "1320"
                            },
                            {
                                "D": "SSE",
                                "G": "15",
                                "H": "89.1",
                                "P": "997",
                                "S": "8",
                                "T": "9.2",
                                "V": "17000",
                                "W": "12",
                                "Pt": "R",
                                "Dp": "7.5",
                                "$": "1380"
                            }
                        ]
                    },
                    {
                        "type": "Day",
                        "value": "2024-04-02Z",
                        "Rep": [
                            {
                                "D": "S",
                                "G": "15",
                                "H": "90.9",
                                "P": "998",
                                "S": "7",
                                "T": "9.2",
                                "V": "30000",
                                "W": "12",
                                "Pt": "R",
                                "Dp": "7.8",
                                "$": "0"
                            },
                            {
                                "D": "S",
                                "G": "16",
                                "H": "88.5",
                                "P": "998",
                                "S": "11",
                                "T": "9.3",
                                "V": "25000",
                                "W": "8",
                                "Pt": "R",
                                "Dp": "7.5",
                                "$": "60"
                            },
                            {
                                "D": "S",
                                "G": "14",
                                "H": "90.9",
                                "P": "998",
                                "S": "7",
                                "T": "8.7",
                                "V": "23000",
                                "W": "12",
                                "Pt": "R",
                                "Dp": "7.3",
                                "$": "120"
                            },
                            {
                                "D": "SSE",
                                "G": "11",
                                "H": "93.4",
                                "P": "998",
                                "S": "8",
                                "T": "8.9",
                                "V": "3600",
                                "W": "12",
                                "Pt": "R",
                                "Dp": "7.9",
                                "$": "180"
                            },
                            {
                                "D": "S",
                                "G": "14",
                                "H": "94.1",
                                "P": "998",
                                "S": "9",
                                "T": "9.0",
                                "V": "19000",
                                "W": "11",
                                "Pt": "F",
                                "Dp": "8.1",
                                "$": "240"
                            },
                            {
                                "D": "SSE",
                                "G": "11",
                                "H": "93.4",
                                "P": "998",
                                "S": "7",
                                "T": "8.7",
                                "V": "25000",
                                "W": "8",
                                "Pt": "F",
                                "Dp": "7.7",
                                "$": "300"
                            },
                            {
                                "D": "SSW",
                                "G": "11",
                                "H": "95.4",
                                "P": "999",
                                "S": "8",
                                "T": "9.1",
                                "V": "25000",
                                "W": "8",
                                "Pt": "R",
                                "Dp": "8.4",
                                "$": "360"
                            },
                            {
                                "D": "W",
                                "G": "19",
                                "H": "90.3",
                                "P": "1000",
                                "S": "10",
                                "T": "9.0",
                                "V": "50000",
                                "W": "8",
                                "Pt": "R",
                                "Dp": "7.5",
                                "$": "420"
                            },
                            {
                                "D": "W",
                                "G": "19",
                                "H": "87.9",
                                "P": "1001",
                                "S": "11",
                                "T": "9.1",
                                "V": "45000",
                                "W": "8",
                                "Pt": "R",
                                "Dp": "7.2",
                                "$": "480"
                            },
                            {
                                "D": "W",
                                "G": "18",
                                "H": "85.6",
                                "P": "1002",
                                "S": "9",
                                "T": "10.4",
                                "V": "45000",
                                "W": "8",
                                "Pt": "R",
                                "Dp": "8.1",
                                "$": "540"
                            },
                            {
                                "D": "WSW",
                                "G": "22",
                                "H": "76.0",
                                "P": "1003",
                                "S": "15",
                                "T": "12.1",
                                "V": "60000",
                                "W": "8",
                                "Pt": "R",
                                "Dp": "8.0",
                                "$": "600"
                            },
                            {
                                "D": "WSW",
                                "G": "21",
                                "H": "72.0",
                                "P": "1004",
                                "S": "11",
                                "T": "12.6",
                                "V": "50000",
                                "W": "3",
                                "Pt": "R",
                                "Dp": "7.7",
                                "$": "660"
                            },
                            {
                                "D": "SW",
                                "G": "19",
                                "H": "65.1",
                                "P": "1004",
                                "S": "13",
                                "T": "13.4",
                                "V": "75000",
                                "W": "3",
                                "Pt": "R",
                                "Dp": "7.0",
                                "$": "720"
                            },
                            {
                                "D": "WSW",
                                "G": "21",
                                "H": "62.8",
                                "P": "1004",
                                "S": "11",
                                "T": "14.8",
                                "V": "65000",
                                "W": "8",
                                "Pt": "R",
                                "Dp": "7.8",
                                "$": "780"
                            },
                            {
                                "D": "SW",
                                "G": "18",
                                "H": "60.5",
                                "P": "1004",
                                "S": "11",
                                "T": "14.1",
                                "V": "75000",
                                "W": "8",
                                "Pt": "R",
                                "Dp": "6.6",
                                "$": "840"
                            },
                            {
                                "D": "S",
                                "G": "22",
                                "H": "67.4",
                                "P": "1004",
                                "S": "14",
                                "T": "13.3",
                                "V": "40000",
                                "W": "8",
                                "Pt": "R",
                                "Dp": "7.4",
                                "$": "900"
                            },
                            {
                                "D": "S",
                                "G": "22",
                                "H": "68.6",
                                "P": "1004",
                                "S": "11",
                                "T": "12.6",
                                "V": "30000",
                                "W": "8",
                                "Pt": "F",
                                "Dp": "7.0",
                                "$": "960"
                            }
                        ]
                    }
                ]
            }
        }
    }
}