{
    "SiteRep": {
        "Wx": {
            "Param": [
                {
                    "name": "G",
                    "units": "mph",
                    "$": "Wind Gust"
                },
                {
                    "name": "T",
                    "units": "C",
                    "$": "Temperature"
                },
                {
                    "name": "V",
                    "units": "m",
                    "$": "Visibility"
                },
                {
                    "name": "D",
                    "units": "compass",
                    "$": "Wind Direction"
                },
                {
                    "name": "S",
                    "units": "mph",
                    "$": "Wind Speed"
                },
                {
                    "name": "W",
                    "units": "",
                    "$": "Weather Type"
                },
                {
                    "name": "P",
                    "units": "hpa",
                    "$": "Pressure"
                },
                {
                    "name": "Pt",
                    "units": "Pa/s",
                    "$": "Pressure Tendency"
                },
                {
                    "name": "Dp",
                    "units": "C",
                    "$": "Dew Point"
                },
                {
                    "name": "H",
                    "units": "%",
                    "$": "Screen Relative Humidity"
                }
            ]
        },
        "DV": {
            "dataDate": "2023-09-02T16:00:00Z",
            "type": "Obs",
            "Location": {
                "i": "3772",
                "lat": "51.479",
                "lon": "-0.449",
                "name": "HEATHROW",
                "country": "ENGLAND",
                "continent": "EUROPE",
                "elevation": "25.0",
                "Period": [
                    {
                        "type": "Day",
                        "value": "2023-09-01Z",
                        "Rep": [
                            {
                                "D": "NW",
                                "G": "11",
                                "H": "64.5",
                                "P": "1011",
                                "S": "3",
                                "T": "22.3",
                                "V": "50000",
                                "W": "1",
                                "Pt": "R",
                                "Dp": "15.3",
                                "$": "960"
                            },
                            {
                                "D": "N",
                                "G": "9",
                                "H": "66.4",
                                "P": "1012",
                                "S": "5",
                                "T": "21.6",
                                "V": "50000",
                                "W": "3",
                                "Pt": "R",
                                "Dp": "15.1",
                                "$": "1020"
                            },
                            {
                                "D": "NNW",
                                "G": "7",
                                "H": "68.0",
                                "P": "1012",
                                "S": "5",
                                "T": "21.1",
                                "V": "55000",
                                "W": "3",
                                "Pt": "R",
                                "Dp": "15.0",
                                "$": "1080"
                            },
                            {
                                "D": "NW",
                                "G": "6",
                                "H": "75.2",
                                "P": "1012",
                                "S": "3",
                                "T": "19.7",
                                "V": "40000",
                                "W": "0",
                                "Pt": "R",
                                "Dp": "15.2",
                                "$": "1140"
                            },
                            {
                                "D": "NNW",
                                "G": "6",
                                "H": "78.5",
                                "P": "1013",
                                "S": "3",
                                "T": "19.0",
                                "V": "40000",
                                "W": "7",
                                "Pt": "R",
                                "Dp": "15.2",
                                "$": "1200"
                            },
                            {
                                "D": "NNW",
                                "G": "7",
                                "H": "82.1",
                                "P": "1014",
                                "S": "5",
                                "T": "18.6",
                                "V": "35000",
                                "W": "7",
                                "Pt": "R",
                                "Dp": "15.5",
                                "$": "1260"
                            },
                            {
                                "D": "N",
                                "G": "9",
                                "H": "84.6",
                                "P": "1014",
                                "S": "5",
                                "T": "17.8",
                                "V": "30000",
                                "W": "0",
                                "Pt": "R",
                                "Dp": "15.2",
                                "$": "1320"
                            },
                            {
                                "D": "NNE",
                                "G": "7",
                                "H": "91.4",
                                "P": "1015",
                                "S": "6",
                                "T": "17.2",
                                "V": "21000",
                                "W": "8",
                                "Pt": "R",
                                "Dp": "15.8",
                                "$": "1380"
                            }
                        ]
                    },
                    {
                        "type": "Day",
                        "value": "2023-09-02Z",
                        "Rep": [
                            {
                                "D": "N",
                                "G": "7",
                                "H": "93.2",
                                "P": "1015",
                                "S": "2",
                                "T": "17.1",
                                "V": "7000",
                                "W": "7",
                                "Pt": "R",
                                "Dp": "16.0",
                                "$": "0"
                            },
                            {
                                "D": "NNE",
                                "G": "8",
                                "H": "93.8",
                                "P": "1015",
                                "S": "5",
                                "T": "16.9",
                                "V": "6000",
                                "W": "5",
                                "Pt": "R",
                                "Dp": "15.9",
                                "$": "60"
                            },
                            {
                                "D": "ENE",
                                "G": "9",
                                "H": "94.4",
                                "P": "1016",
                                "S": "6",
                                "T": "17.2",
                                "V": "6000",
                                "W": "5",
                                "Pt": "R",
                                "Dp": "16.3",
                                "$": "120"
                            },
                            {
                                "D": "NE",
                                "G": "11",
                                "H": "94.4",
                                "P": "1016",
                                "S": "3",
                                "T": "17.0",
                                "V": "6000",
                                "W": "5",
                                "Pt": "R",
                                "Dp": "16.1",
                                "$": "180"
                            },
                            {
                                "D": "N",
                                "G": "10",
                                "H": "92.6",
                                "P": "1016",
                                "S": "6",
                                "T": "17.1",
                                "V": "7000",
                                "W": "5",
                                "Pt": "R",
                                "Dp": "15.9",
                                "$": "240"
                            },
                            {
                                "D": "N",
                                "G": "9",
                                "H": "92.0",
                                "P": "1017",
                                "S": "5",
                                "T": "17.2",
                                "V": "9000",
                                "W": "8",
                                "Pt": "R",
                                "Dp": "15.9",
                                "$": "300"
                            },
                            {
                                "D": "NNE",
                                "G": "8",
                                "H": "90.8",
                                "P": "1018",
                                "S": "5",
                                "T": "17.4",
                                "V": "9000",
                                "W": "8",
                                "Pt": "R",
                                "Dp": "15.9",
                                "$": "360"
                            },
                            {
                                "D": "NNE",
                                "G": "10",
                                "H": "88.5",
                                "P": "1018",
                                "S": "6",
                                "T": "17.7",
                                "V": "10000",
                                "W": "8",
                                "Pt": "R",
                                "Dp": "15.8",
                                "$": "420"
                            },
                            {
                                "D": "NNE",
                                "G": "13",
                                "H": "84.7",
                                "P": "1019",
                                "S": "7",
                                "T": "18.6",
                                "V": "10000",
                                "W": "8",
                                "Pt": "R",
                                "Dp": "16.0",
                                "$": "480"
                            },
                            {
                                "D": "NE",
                                "G": "16",
                                "H": "79.1",
                                "P": "1019",
                                "S": "8",
                                "T": "19.4",
                                "V": "17000",
                                "W": "8",
                                "Pt": "R",
                                "Dp": "15.7",
                                "$": "540"
                            },
                            {
                                "D": "NE",
                                "G": "14",
                                "H": "74.2",
                                "P": "1020",
                                "S": "8",
                                "T": "20.2",
                                "V": "26000",
                                "W": "8",
                                "Pt": "R",
                                "Dp": "15.5",
                                "$": "600"
                            },
                            {
                                "D": "NE",
                                "G": "15",
                                "H": "68.0",
                                "P": "1021",
                                "S": "9",
                                "T": "21.6",
                                "V": "35000",
                                "W": "7",
                                "Pt": "R",
                                "Dp": "15.5",
                                "$": "660"
                            },
                            {
                                "D": "NE",
                                "G": "16",
                                "H": "65.0",
                                "P": "1021",
                                "S": "10",
                                "T": "21.8",
                                "V": "35000",
                                "W": "8",
                                "Pt": "R",
                                "Dp": "15.0",
                                "$": "720"
                            },
                            {
                                "D": "NE",
                                "G": "17",
                                "H": "57.5",
                                "P": "1021",
                                "S": "7",
                                "T": "23.6",
                                "V": "45000",
                                "W": "8",
                                "Pt": "R",
                                "Dp": "14.8",
                                "$": "780"
                            },
                            {
                                "D": "ENE",
                                "G": "17",
                                "H": "56.8",
                                "P": "1021",
                                "S": "10",
                                "T": "23.8",
                                "V": "45000",
                                "W": "7",
                                "Pt": "R",
                                "Dp": "14.8",
                                "$": "840"
                            },
                            {
                                "D": "ENE",
                                "G": "16",
                                "H": "57.0",
                                "P": "1021",
                                "S": "10",
                                "T": "23.2",
                                "V": "45000",
                                "W": "7",
                                "Pt": "R",
                                "Dp": "14.3",
                                "$": "900"
                            },
                            {
                                "D": "E",
                                "G": "18",
                                "H": "54.4",
                                "P": "1022",
                                "S": "10",
                                "T": "24.2",
                                "V": "45000",
                                "W": "1",
                                "Pt": "R",
                                "Dp": "14.5",
                                "$": "960"
                            }
                        ]
                    }
                ]
            }
        }
    }
}