{
    "SiteRep": {
        "Wx": {
            "Param": [
                {
                    "name": "G",
                    "units": "mph",
                    "$": "Wind Gust"
                },
                {
                    "name": "T",
                    "units": "C",
                    "$": "Temperature"
                },
                {
                    "name": "V",
                    "units": "m",
                    "$": "Visibility"
                },
                {
                    "name": "D",
                    "units": "compass",
                    "$": "Wind Direction"
                },
                {
                    "name": "S",
                    "units": "mph",
                    "$": "Wind Speed"
                },
                {
                    "name": "W",
                    "units": "",
                    "$": "Weather Type"
                },
                {
                    "name": "P",
                    "units": "hpa",
                    "$": "Pressure"
                },
                {
                    "name": "Pt",
                    "units": "Pa/s",
                    "$": "Pressure Tendency"
                },
                {
                    "name": "Dp",
                    "units": "C",
                    "$": "Dew Point"
                },
                {
                    "name": "H",
                    "units": "%",
                    "$": "Screen Relative Humidity"
                }
            ]
        },
        "DV": {
            "dataDate": "2024-04-12T16:00:00Z",
            "type": "Obs",
            "Location": {
                "i": "3772",
                "lat": "51.479",
                "lon": "-0.449",
                "name": "HEATHROW",
                "country": "ENGLAND",
                "continent": "EUROPE",
                "elevation": "25.0",
                "Period": [
                    {
                        "type": "Day",
                        "value": "2024-04-11Z",
                        "Rep": [
                            {
                                "D": "SSW",
                                "G": "16",
                                "H": "69.5",
                                "P": "1029",
                                "S": "10",
                                "T": "18.3",
                                "V": "60000",
                                "W": "7",
                                "Pt": "F",
                                "Dp": "12.7",
                                "$": "960"
                            },
                            {
                                "D": "S",
                                "G": "19",
                                "H": "75.6",
                                "P": "1029",
                                "S": "13",
                                "T": "17.4",
                                "V": "50000",
                                "W": "7",
                                "Pt": "F",
                                "Dp": "13.1",
                                "$": "1020"
                            },
                            {
                                "D": "S",
                                "G": "22",
                                "H": "80.1",
                                "P": "1029",
                                "S": "13",
                                "T": "16.1",
                                "V": "65000",
                                "W": "1",
                                "Pt": "F",
                                "Dp": "12.7",
                                "$": "1080"
                            },
                            {
                                "D": "SSW",
                                "G": "19",
                                "H": "82.6",
                                "P": "1029",
                                "S": "11",
                                "T": "15.6",
                                "V": "75000",
                                "W": "8",
                                "Pt": "R",
                                "Dp": "12.7",
                                "$": "1140"
                            },
                            {
                                "D": "S",
                                "G": "21",
                                "H": "83.7",
                                "P": "1029",
                                "S": "14",
                                "T": "14.7",
                                "V": "65000",
                                "W": "8",
                                "Pt": "R",
                                "Dp": "12.0",
                                "$": "1200"
                            },
                            {
                                "D": "SSW",
                                "G": "21",
                                "H": "84.7",
                                "P": "1030",
                                "S": "11",
                                "T": "14.2",
                                "V": "45000",
                                "W": "8",
                                "Pt": "R",
                                "Dp": "11.7",
                                "$": "1260"
                            },
                            {
                                "D": "SSW",
                                "G": "21",
                                "H": "86.9",
                                "P": "1030",
                                "S": "15",
                                "T": "13.2",
                                "V": "35000",
                                "W": "8",
                                "Pt": "R",
                                "Dp": "11.1",
                                "$": "1320"
                            },
                            {
                                "D": "SSW",
                                "G": "18",
                                "H": "88.0",
                                "P": "1030",
                                "S": "13",
                                "T": "12.5",
                                "V": "21000",
                                "W": "8",
                                "Pt": "R",
                                "Dp": "10.6",
                                "$": "1380"
                            }
                        ]
                    },
                    {
                        "type": "Day",
                        "value": "2024-04-12Z",
                        "Rep": [
                            {
                                "D": "SSW",
                                "G": "16",
                                "H": "88.5",
                                "P": "1030",
                                "S": "11",
                                "T": "11.8",
                                "V": "16000",
                                "W": "8",
                                "Pt": "F",
                                "Dp": "10.0",
                                "$": "0"
                            },
                            {
                                "D": "SSW",
                                "G": "18",
                                "H": "89.1",
                                "P": "1029",
                                "S": "11",
                                "T": "11.2",
                                "V": "19000",
                                "W": "8",
                                "Pt": "F",
                                "Dp": "9.5",
                                "$": "60"
                            },
                            {
                                "D": "SSW",
                                "G": "18",
                                "H": "88.4",
                                "P": "1029",
                                "S": "11",
                                "T": "10.3",
                                "V": "20000",
                                "W": "2",
                                "Pt": "F",
                                "Dp": "8.5",
                                "$": "120"
                            },
                            {
                                "D": "SW",
                                "G": "18",
                                "H": "87.2",
                                "P": "1029",
                                "S": "9",
                                "T": "10.0",
                                "V": "28000",
                                "W": "0",
                                "Pt": "F",
                                "Dp": "8.0",
                                "$": "180"
                            },
                            {
                                "D": "SSW",
                                "G": "15",
                                "H": "83.0",
                                "P": "1029",
                                "S": "9",
                                "T": "10.1",
                                "V": "30000",
                                "W": "0",
                                "Pt": "F",
                                "Dp": "7.4",
                                "$": "240"
                            },
                            {
                                "D": "SSW",
                                "G": "16",
                                "H": "84.2",
                                "P": "1029",
                                "S": "7",
                                "T": "10.1",
                                "V": "28000",
                                "W": "0",
                                "Pt": "F",
                                "Dp": "7.6",
                                "$": "300"
                            },
                            {
                                "D": "S",
                                "G": "10",
                                "H": "82.5",
                                "P": "1029",
                                "S": "5",
                                "T": "10.4",
                                "V": "30000",
                                "W": "1",
                                "Pt": "R",
                                "Dp": "7.6",
                                "$": "360"
                            },
                            {
                                "D": "S",
                                "G": "11",
                                "H": "82.1",
                                "P": "1029",
                                "S": "8",
                                "T": "11.1",
                                "V": "30000",
                                "W": "1",
                                "Pt": "R",
                                "Dp": "8.2",
                                "$": "420"
                            },
                            {
                                "D": "SSW",
                                "G": "16",
                                "H": "77.9",
                                "P": "1029",
                                "S": "8",
                                "T": "12.7",
                                "V": "30000",
                                "W": "1",
                                "Pt": "R",
                                "Dp": "9.0",
                                "$": "480"
                            },
                            {
                                "D": "SW",
                                "G": "16",
                                "H": "69.6",
                                "P": "1029",
                                "S": "11",
                                "T": "14.3",
                                "V": "40000",
                                "W": "3",
                                "Pt": "R",
                                "Dp": "8.9",
                                "$": "540"
                            },
                            {
                                "D": "SW",
                                "G": "23",
                                "H": "66.5",
                                "P": "1029",
                                "S": "13",
                                "T": "17.2",
                                "V": "50000",
                                "W": "3",
                                "Pt": "R",
                                "Dp": "11.0",
                                "$": "600"
                            },
                            {
                                "D": "SW",
                                "G": "23",
                                "H": "60.0",
                                "P": "1029",
                                "S": "14",
                                "T": "18.7",
                                "V": "50000",
                                "W": "1",
                                "Pt": "F",
                                "Dp": "10.9",
                                "$": "660"
                            },
                            {
                                "D": "SW",
                                "G": "25",
                                "H": "60.0",
                                "P": "1029",
                                "S": "17",
                                "T": "20.0",
                                "V": "50000",
                                "W": "1",
                                "Pt": "F",
                                "Dp": "12.1",
                                "$": "720"
                            },
                            {
                                "D": "SW",
                                "G": "28",
                                "H": "57.8",
                                "P": "1028",
                                "S": "17",
                                "T": "20.6",
                                "V": "60000",
                                "W": "3",
                                "Pt": "F",
                                "Dp": "12.1",
                                "$": "780"
                            },
                            {
                                "D": "SSW",
                                "G": "26",
                                "H": "59.4",
                                "P": "1028",
                                "S": "17",
                                "T": "20.8",
                                "V": "50000",
                                "W": "3",
                                "Pt": "F",
                                "Dp": "12.7",
                                "$": "840"
                            },
                            {
                                "D": "SW",
                                "G": "28",
                                "H": "58.4",
                                "P": "1027",
                                "S": "15",
                                "T": "20.2",
                                "V": "55000",
                                "W": "1",
                                "Pt": "F",
                                "Dp": "11.9",
                                "$": "900"
                            },
                            {
                                "D": "SSW",
                                "G": "26",
                                "H": "59.7",
                                "P": "1027",
                                "S": "17",
                                "T": "18.9",
                                "V": "60000",
                                "W": "1",
                                "Pt": "F",
                                "Dp": "11.0",
                                "$": "960"
                            }
                        ]
                    }
                ]
            }
        }
    }
}