{
    "SiteRep": {
        "Wx": {
            "Param": [
                {
                    "name": "G",
                    "units": "mph",
                    "$": "Wind Gust"
                },
                {
                    "name": "T",
                    "units": "C",
                    "$": "Temperature"
                },
                {
                    "name": "V",
                    "units": "m",
                    "$": "Visibility"
                },
                {
                    "name": "D",
                    "units": "compass",
                    "$": "Wind Direction"
                },
                {
                    "name": "S",
                    "units": "mph",
                    "$": "Wind Speed"
                },
                {
                    "name": "W",
                    "units": "",
                    "$": "Weather Type"
                },
                {
                    "name": "P",
                    "units": "hpa",
                    "$": "Pressure"
                },
                {
                    "name": "Pt",
                    "units": "Pa/s",
                    "$": "Pressure Tendency"
                },
                {
                    "name": "Dp",
                    "units": "C",
                    "$": "Dew Point"
                },
                {
                    "name": "H",
                    "units": "%",
                    "$": "Screen Relative Humidity"
                }
            ]
        },
        "DV": {
            "dataDate": "2024-04-23T16:00:00Z",
            "type": "Obs",
            "Location": {
                "i": "3772",
                "lat": "51.479",
                "lon": "-0.449",
                "name": "HEATHROW",
                "country": "ENGLAND",
                "continent": "EUROPE",
                "elevation": "25.0",
                "Period": [
                    {
                        "type": "Day",
                        "value": "2024-04-22Z",
                        "Rep": [
                            {
                                "D": "NW",
                                "G": "11",
                                "H": "72.2",
                                "P": "1026",
                                "S": "6",
                                "T": "8.2",
                                "V": "45000",
                                "W": "12",
                                "Pt": "F",
                                "Dp": "3.6",
                                "$": "960"
                            },
                            {
                                "D": "NW",
                                "G": "8",
                                "H": "72.8",
                                "P": "1026",
                                "S": "5",
                                "T": "8.4",
                                "V": "55000",
                                "W": "8",
                                "Pt": "F",
                                "Dp": "3.9",
                                "$": "1020"
                            },
                            {
                                "D": "NNW",
                                "G": "9",
                                "H": "67.8",
                                "P": "1025",
                                "S": "5",
                                "T": "8.6",
                                "V": "60000",
                                "W": "8",
                                "Pt": "F",
                                "Dp": "3.1",
                                "$": "1080"
                            },
                            {
                                "D": "NNW",
                                "G": "9",
                                "H": "69.4",
                                "P": "1025",
                                "S": "5",
                                "T": "8.5",
                                "V": "60000",
                                "W": "8",
                                "Pt": "F",
                                "Dp": "3.3",
                                "$": "1140"
                            },
                            {
                                "D": "N",
                                "G": "9",
                                "H": "66.4",
                                "P": "1025",
                                "S": "3",
                                "T": "8.2",
                                "V": "65000",
                                "W": "8",
                                "Pt": "F",
                                "Dp": "2.4",
                                "$": "1200"
                            },
                            {
                                "D": "NNE",
                                "G": "9",
                                "H": "69.2",
                                "P": "1026",
                                "S": "3",
                                "T": "7.9",
                                "V": "55000",
                                "W": "8",
                                "Pt": "R",
                                "Dp": "2.7",
                                "$": "1260"
                            },
                            {
                                "D": "NNE",
                                "G": "7",
                                "H": "72.2",
                                "P": "1025",
                                "S": "3",
                                "T": "7.7",
                                "V": "50000",
                                "W": "8",
                                "Pt": "R",
                                "Dp": "3.1",
                                "$": "1320"
                            },
                            {
                                "D": "N",
                                "G": "6",
                                "H": "73.3",
                                "P": "1025",
                                "S": "2",
                                "T": "7.7",
                                "V": "45000",
                                "W": "7",
                                "Pt": "F",
                                "Dp": "3.3",
                                "$": "1380"
                            }
                        ]
                    },
                    {
                        "type": "Day",
                        "value": "2024-04-23Z",
                        "Rep": [
                            {
                                "D": "N",
                                "G": "5",
                                "H": "75.9",
                                "P": "1025",
                                "S": "2",
                                "T": "7.3",
                                "V": "35000",
                                "W": "8",
                                "Pt": "F",
                                "Dp": "3.4",
                                "$": "0"
                            },
                            {
                                "D": "N",
                                "G": "5",
                                "H": "80.9",
                                "P": "1025",
                                "S": "1",
                                "T": "7.0",
                                "V": "30000",
                                "W": "12",
                                "Pt": "F",
                                "Dp": "4.0",
                                "$": "60"
                            },
                            {
                                "D": "NW",
                                "G": "3",
                                "H": "84.5",
                                "P": "1024",
                                "S": "2",
                                "T": "6.9",
                                "V": "19000",
                                "W": "12",
                                "Pt": "F",
                                "Dp": "4.5",
                                "$": "120"
                            },
                            {
                                "D": "NW",
                                "G": "3",
                                "H": "88.7",
                                "P": "1024",
                                "S": "2",
                                "T": "6.7",
                                "V": "16000",
                                "W": "12",
                                "Pt": "F",
                                "Dp": "5.0",
                                "$": "180"
                            },
                            {
                                "D": "NW",
                                "G": "6",
                                "H": "92.5",
                                "P": "1024",
                                "S": "3",
                                "T": "6.4",
                                "V": "8000",
                                "W": "8",
                                "Pt": "F",
                                "Dp": "5.3",
                                "$": "240"
                            },
                            {
                                "D": "NW",
                                "G": "7",
                                "H": "91.9",
                                "P": "1024",
                                "S": "2",
                                "T": "6.0",
                                "V": "6000",
                                "W": "8",
                                "Pt": "F",
                                "Dp": "4.8",
                                "$": "300"
                            },
                            {
                                "D": "W",
                                "G": "6",
                                "H": "95.3",
                                "P": "1024",
                                "S": "3",
                                "T": "6.0",
                                "V": "6000",
                                "W": "8",
                                "Pt": "F",
                                "Dp": "5.3",
                                "$": "360"
                            },
                            {
                                "D": "W",
                                "G": "10",
                                "H": "94.0",
                                "P": "1023",
                                "S": "8",
                                "T": "6.2",
                                "V": "12000",
                                "W": "5",
                                "Pt": "F",
                                "Dp": "5.3",
                                "$": "420"
                            },
                            {
                                "D": "WNW",
                                "G": "10",
                                "H": "88.2",
                                "P": "1023",
                                "S": "6",
                                "T": "7.8",
                                "V": "20000",
                                "W": "8",
                                "Pt": "F",
                                "Dp": "6.0",
                                "$": "480"
                            },
                            {
                                "D": "N",
                                "G": "15",
                                "H": "71.5",
                                "P": "1023",
                                "S": "6",
                                "T": "9.0",
                                "V": "35000",
                                "W": "8",
                                "Pt": "F",
                                "Dp": "4.2",
                                "$": "540"
                            },
                            {
                                "D": "NNW",
                                "G": "17",
                                "H": "83.4",
                                "P": "1023",
                                "S": "8",
                                "T": "7.8",
                                "V": "11000",
                                "W": "11",
                                "Pt": "F",
                                "Dp": "5.2",
                                "$": "600"
                            },
                            {
                                "D": "NNW",
                                "G": "18",
                                "H": "75.1",
                                "P": "1023",
                                "S": "10",
                                "T": "8.7",
                                "V": "35000",
                                "W": "8",
                                "Pt": "F",
                                "Dp": "4.6",
                                "$": "660"
                            },
                            {
                                "D": "N",
                                "G": "16",
                                "H": "66.7",
                                "P": "1022",
                                "S": "9",
                                "T": "9.5",
                                "V": "40000",
                                "W": "8",
                                "Pt": "F",
                                "Dp": "3.7",
                                "$": "720"
                            },
                            {
                                "D": "NNW",
                                "G": "19",
                                "H": "58.4",
                                "P": "1022",
                                "S": "8",
                                "T": "10.7",
                                "V": "45000",
                                "W": "8",
                                "Pt": "F",
                                "Dp": "3.0",
                                "$": "780"
                            },
                            {
                                "D": "NW",
                                "G": "15",
                                "H": "57.0",
                                "P": "1021",
                                "S": "8",
                                "T": "11.5",
                                "V": "50000",
                                "W": "8",
                                "Pt": "F",
                                "Dp": "3.4",
                                "$": "840"
                            },
                            {
                                "D": "NNW",
                                "G": "23",
                                "H": "78.7",
                                "P": "1021",
                                "S": "7",
                                "T": "10.6",
                                "V": "45000",
                                "W": "8",
                                "Pt": "F",
                                "Dp": "7.1",
                                "$": "900"
                            },
                            {
                                "D": "NNW",
                                "G": "21",
                                "H": "65.5",
                                "P": "1021",
                                "S": "10",
                                "T": "10.6",
                                "V": "65000",
                                "W": "8",
                                "Pt": "F",
                                "Dp": "4.5",
                                "$": "960"
                            }
                        ]
                    }
                ]
            }
        }
    }
}