{
    "SiteRep": {
        "Wx": {
            "Param": [
                {
                    "name": "G",
                    "units": "mph",
                    "$": "Wind Gust"
                },
                {
                    "name": "T",
                    "units": "C",
                    "$": "Temperature"
                },
                {
                    "name": "V",
                    "units": "m",
                    "$": "Visibility"
                },
                {
                    "name": "D",
                    "units": "compass",
                    "$": "Wind Direction"
                },
                {
                    "name": "S",
                    "units": "mph",
                    "$": "Wind Speed"
                },
                {
                    "name": "W",
                    "units": "",
                    "$": "Weather Type"
                },
                {
                    "name": "P",
                    "units": "hpa",
                    "$": "Pressure"
                },
                {
                    "name": "Pt",
                    "units": "Pa/s",
                    "$": "Pressure Tendency"
                },
                {
                    "name": "Dp",
                    "units": "C",
                    "$": "Dew Point"
                },
                {
                    "name": "H",
                    "units": "%",
                    "$": "Screen Relative Humidity"
                }
            ]
        },
        "DV": {
            "dataDate": "2023-11-11T16:00:00Z",
            "type": "Obs",
            "Location": {
                "i": "3772",
                "lat": "51.479",
                "lon": "-0.449",
                "name": "HEATHROW",
                "country": "ENGLAND",
                "continent": "EUROPE",
                "elevation": "25.0",
                "Period": [
                    {
                        "type": "Day",
                        "value": "2023-11-10Z",
                        "Rep": [
                            {
                                "D": "NW",
                                "G": "19",
                                "H": "72.4",
                                "P": "1000",
                                "S": "10",
                                "T": "8.9",
                                "V": "55000",
                                "W": "8",
                                "Pt": "R",
                                "Dp": "4.2",
                                "$": "960"
                            },
                            {
                                "D": "NW",
                                "G": "16",
                                "H": "75.3",
                                "P": "1001",
                                "S": "8",
                                "T": "8.3",
                                "V": "45000",
                                "W": "7",
                                "Pt": "R",
                                "Dp": "4.2",
                                "$": "1020"
                            },
                            {
                                "D": "W",
                                "G": "13",
                                "H": "79.5",
                                "P": "1002",
                                "S": "7",
                                "T": "6.9",
                                "V": "35000",
                                "W": "0",
                                "Pt": "R",
                                "Dp": "3.6",
                                "$": "1080"
                            },
                            {
                                "D": "W",
                                "G": "11",
                                "H": "82.8",
                                "P": "1002",
                                "S": "8",
                                "T": "6.2",
                                "V": "30000",
                                "W": "0",
                                "Pt": "R",
                                "Dp": "3.5",
                                "$": "1140"
                            },
                            {
                                "D": "W",
                                "G": "11",
                                "H": "85.7",
                                "P": "1003",
                                "S": "7",
                                "T": "5.7",
                                "V": "30000",
                                "W": "0",
                                "Pt": "R",
                                "Dp": "3.5",
                                "$": "1200"
                            },
                            {
                                "D": "W",
                                "G": "15",
                                "H": "86.3",
                                "P": "1004",
                                "S": "11",
                                "T": "5.8",
                                "V": "29000",
                                "W": "0",
                                "Pt": "R",
                                "Dp": "3.7",
                                "$": "1260"
                            },
                            {
                                "D": "W",
                                "G": "16",
                                "H": "88.1",
                                "P": "1004",
                                "S": "11",
                                "T": "5.6",
                                "V": "30000",
                                "W": "0",
                                "Pt": "R",
                                "Dp": "3.8",
                                "$": "1320"
                            },
                            {
                                "D": "W",
                                "G": "19",
                                "H": "87.0",
                                "P": "1004",
                                "S": "14",
                                "T": "5.4",
                                "V": "35000",
                                "W": "0",
                                "Pt": "R",
                                "Dp": "3.4",
                                "$": "1380"
                            }
                        ]
                    },
                    {
                        "type": "Day",
                        "value": "2023-11-11Z",
                        "Rep": [
                            {
                                "D": "W",
                                "G": "16",
                                "H": "91.9",
                                "P": "1005",
                                "S": "7",
                                "T": "4.6",
                                "V": "35000",
                                "W": "0",
                                "Pt": "R",
                                "Dp": "3.4",
                                "$": "0"
                            },
                            {
                                "D": "W",
                                "G": "10",
                                "H": "91.2",
                                "P": "1005",
                                "S": "3",
                                "T": "4.5",
                                "V": "30000",
                                "W": "0",
                                "Pt": "R",
                                "Dp": "3.2",
                                "$": "60"
                            },
                            {
                                "D": "W",
                                "G": "8",
                                "H": "93.1",
                                "P": "1005",
                                "S": "7",
                                "T": "2.4",
                                "V": "20000",
                                "W": "0",
                                "Pt": "R",
                                "Dp": "1.4",
                                "$": "120"
                            },
                            {
                                "D": "W",
                                "G": "13",
                                "H": "94.5",
                                "P": "1006",
                                "S": "8",
                                "T": "3.2",
                                "V": "24000",
                                "W": "0",
                                "Pt": "R",
                                "Dp": "2.4",
                                "$": "180"
                            },
                            {
                                "D": "W",
                                "G": "9",
                                "H": "95.7",
                                "P": "1006",
                                "S": "8",
                                "T": "2.4",
                                "V": "16000",
                                "W": "0",
                                "Pt": "R",
                                "Dp": "1.8",
                                "$": "240"
                            },
                            {
                                "D": "W",
                                "G": "9",
                                "H": "97.1",
                                "P": "1006",
                                "S": "5",
                                "T": "3.0",
                                "V": "19000",
                                "W": "0",
                                "Pt": "R",
                                "Dp": "2.6",
                                "$": "300"
                            },
                            {
                                "D": "W",
                                "G": "9",
                                "H": "97.9",
                                "P": "1006",
                                "S": "5",
                                "T": "3.6",
                                "V": "26000",
                                "W": "0",
                                "Pt": "R",
                                "Dp": "3.3",
                                "$": "360"
                            },
                            {
                                "D": "W",
                                "G": "11",
                                "H": "97.2",
                                "P": "1007",
                                "S": "7",
                                "T": "3.5",
                                "V": "28000",
                                "W": "0",
                                "Pt": "R",
                                "Dp": "3.1",
                                "$": "420"
                            },
                            {
                                "D": "W",
                                "G": "10",
                                "H": "95.8",
                                "P": "1007",
                                "S": "8",
                                "T": "3.9",
                                "V": "28000",
                                "W": "1",
                                "Pt": "R",
                                "Dp": "3.3",
                                "$": "480"
                            },
                            {
                                "D": "WSW",
                                "G": "10",
                                "H": "95.3",
                                "P": "1008",
                                "S": "8",
                                "T": "5.4",
                                "V": "19000",
                                "W": "1",
                                "Pt": "R",
                                "Dp": "4.7",
                                "$": "540"
                            },
                            {
                                "D": "W",
                                "G": "17",
                                "H": "86.4",
                                "P": "1008",
                                "S": "11",
                                "T": "7.1",
                                "V": "45000",
                                "W": "1",
                                "Pt": "R",
                                "Dp": "5.0",
                                "$": "600"
                            },
                            {
                                "D": "W",
                                "G": "18",
                                "H": "80.2",
                                "P": "1008",
                                "S": "9",
                                "T": "8.5",
                                "V": "50000",
                                "W": "1",
                                "Pt": "R",
                                "Dp": "5.3",
                                "$": "660"
                            },
                            {
                                "D": "WNW",
                                "G": "14",
                                "H": "74.0",
                                "P": "1008",
                                "S": "9",
                                "T": "10.1",
                                "V": "45000",
                                "W": "1",
                                "Pt": "R",
                                "Dp": "5.7",
                                "$": "720"
                            },
                            {
                                "D": "W",
                                "G": "13",
                                "H": "66.6",
                                "P": "1008",
                                "S": "9",
                                "T": "10.4",
                                "V": "50000",
                                "W": "3",
                                "Pt": "R",
                                "Dp": "4.5",
                                "$": "780"
                            },
                            {
                                "D": "WNW",
                                "G": "11",
                                "H": "63.6",
                                "P": "1007",
                                "S": "6",
                                "T": "11.0",
                                "V": "55000",
                                "W": "1",
                                "Pt": "F",
                                "Dp": "4.4",
                                "$": "840"
                            },
                            {
                                "D": "NW",
                                "G": "8",
                                "H": "64.4",
                                "P": "1007",
                                "S": "3",
                                "T": "10.5",
                                "V": "55000",
                                "W": "1",
                                "Pt": "F",
                                "Dp": "4.1",
                                "$": "900"
                            }
                        ]
                    }
                ]
            }
        }
    }
}