{
    "SiteRep": {
        "Wx": {
            "Param": [
                {
                    "name": "G",
                    "units": "mph",
                    "$": "Wind Gust"
                },
                {
                    "name": "T",
                    "units": "C",
                    "$": "Temperature"
                },
                {
                    "name": "V",
                    "units": "m",
                    "$": "Visibility"
                },
                {
                    "name": "D",
                    "units": "compass",
                    "$": "Wind Direction"
                },
                {
                    "name": "S",
                    "units": "mph",
                    "$": "Wind Speed"
                },
                {
                    "name": "W",
                    "units": "",
                    "$": "Weather Type"
                },
                {
                    "name": "P",
                    "units": "hpa",
                    "$": "Pressure"
                },
                {
                    "name": "Pt",
                    "units": "Pa/s",
                    "$": "Pressure Tendency"
                },
                {
                    "name": "Dp",
                    "units": "C",
                    "$": "Dew Point"
                },
                {
                    "name": "H",
                    "units": "%",
                    "$": "Screen Relative Humidity"
                }
            ]
        },
        "DV": {
            "dataDate": "2023-12-17T16:00:00Z",
            "type": "Obs",
            "Location": {
                "i": "3772",
                "lat": "51.479",
                "lon": "-0.449",
                "name": "HEATHROW",
                "country": "ENGLAND",
                "continent": "EUROPE",
                "elevation": "25.0",
                "Period": [
                    {
                        "type": "Day",
                        "value": "2023-12-16Z",
                        "Rep": [
                            {
                                "D": "WSW",
                                "G": "21",
                                "H": "88.5",
                                "P": "1037",
                                "S": "11",
                                "T": "11.3",
                                "V": "65000",
                                "W": "8",
                                "Pt": "F",
                                "Dp": "9.5",
                                "$": "960"
                            },
                            {
                                "D": "SSW",
                                "G": "22",
                                "H": "89.6",
                                "P": "1037",
                                "S": "10",
                                "T": "11.1",
                                "V": "50000",
                                "W": "8",
                                "Pt": "F",
                                "Dp": "9.5",
                                "$": "1020"
                            },
                            {
                                "D": "SW",
                                "G": "21",
                                "H": "89.6",
                                "P": "1037",
                                "S": "14",
                                "T": "11.1",
                                "V": "60000",
                                "W": "8",
                                "Pt": "F",
                                "Dp": "9.5",
                                "$": "1080"
                            },
                            {
                                "D": "WSW",
                                "G": "25",
                                "H": "86.6",
                                "P": "1038",
                                "S": "16",
                                "T": "11.1",
                                "V": "60000",
                                "W": "8",
                                "Pt": "R",
                                "Dp": "9.0",
                                "$": "1140"
                            },
                            {
                                "D": "WSW",
                                "G": "22",
                                "H": "88.3",
                                "P": "1038",
                                "S": "15",
                                "T": "10.8",
                                "V": "45000",
                                "W": "8",
                                "Pt": "R",
                                "Dp": "9.0",
                                "$": "1200"
                            },
                            {
                                "D": "SW",
                                "G": "21",
                                "H": "87.2",
                                "P": "1038",
                                "S": "14",
                                "T": "10.8",
                                "V": "55000",
                                "W": "8",
                                "Pt": "R",
                                "Dp": "8.8",
                                "$": "1260"
                            },
                            {
                                "D": "SW",
                                "G": "21",
                                "H": "87.2",
                                "P": "1038",
                                "S": "13",
                                "T": "10.5",
                                "V": "50000",
                                "W": "8",
                                "Pt": "F",
                                "Dp": "8.5",
                                "$": "1320"
                            },
                            {
                                "D": "SW",
                                "G": "19",
                                "H": "90.3",
                                "P": "1038",
                                "S": "11",
                                "T": "10.2",
                                "V": "35000",
                                "W": "8",
                                "Pt": "F",
                                "Dp": "8.7",
                                "$": "1380"
                            }
                        ]
                    },
                    {
                        "type": "Day",
                        "value": "2023-12-17Z",
                        "Rep": [
                            {
                                "D": "SW",
                                "G": "21",
                                "H": "90.8",
                                "P": "1037",
                                "S": "13",
                                "T": "10.1",
                                "V": "45000",
                                "W": "8",
                                "Pt": "F",
                                "Dp": "8.7",
                                "$": "0"
                            },
                            {
                                "D": "SSW",
                                "G": "22",
                                "H": "87.7",
                                "P": "1037",
                                "S": "15",
                                "T": "10.1",
                                "V": "40000",
                                "W": "8",
                                "Pt": "F",
                                "Dp": "8.2",
                                "$": "60"
                            },
                            {
                                "D": "SSW",
                                "G": "21",
                                "H": "87.7",
                                "P": "1037",
                                "S": "11",
                                "T": "10.0",
                                "V": "29000",
                                "W": "8",
                                "Pt": "F",
                                "Dp": "8.1",
                                "$": "120"
                            },
                            {
                                "D": "SW",
                                "G": "17",
                                "H": "85.3",
                                "P": "1036",
                                "S": "11",
                                "T": "9.9",
                                "V": "26000",
                                "W": "8",
                                "Pt": "F",
                                "Dp": "7.6",
                                "$": "180"
                            },
                            {
                                "D": "SW",
                                "G": "18",
                                "H": "84.6",
                                "P": "1036",
                                "S": "9",
                                "T": "9.7",
                                "V": "24000",
                                "W": "8",
                                "Pt": "F",
                                "Dp": "7.3",
                                "$": "240"
                            },
                            {
                                "D": "SSW",
                                "G": "16",
                                "H": "83.0",
                                "P": "1035",
                                "S": "10",
                                "T": "9.8",
                                "V": "26000",
                                "W": "8",
                                "Pt": "F",
                                "Dp": "7.1",
                                "$": "300"
                            },
                            {
                                "D": "SSW",
                                "G": "18",
                                "H": "82.4",
                                "P": "1035",
                                "S": "9",
                                "T": "9.7",
                                "V": "22000",
                                "W": "8",
                                "Pt": "F",
                                "Dp": "6.9",
                                "$": "360"
                            },
                            {
                                "D": "SSW",
                                "G": "17",
                                "H": "82.4",
                                "P": "1035",
                                "S": "13",
                                "T": "9.6",
                                "V": "19000",
                                "W": "8",
                                "Pt": "F",
                                "Dp": "6.8",
                                "$": "420"
                            },
                            {
                                "D": "SSW",
                                "G": "23",
                                "H": "82.3",
                                "P": "1034",
                                "S": "14",
                                "T": "9.5",
                                "V": "21000",
                                "W": "8",
                                "Pt": "F",
                                "Dp": "6.7",
                                "$": "480"
                            },
                            {
                                "D": "SSW",
                                "G": "24",
                                "H": "80.6",
                                "P": "1035",
                                "S": "14",
                                "T": "9.5",
                                "V": "24000",
                                "W": "8",
                                "Pt": "F",
                                "Dp": "6.4",
                                "$": "540"
                            },
                            {
                                "D": "SSW",
                                "G": "24",
                                "H": "79.1",
                                "P": "1035",
                                "S": "15",
                                "T": "10.0",
                                "V": "24000",
                                "W": "8",
                                "Pt": "R",
                                "Dp": "6.6",
                                "$": "600"
                            },
                            {
                                "D": "SSW",
                                "G": "22",
                                "H": "78.0",
                                "P": "1034",
                                "S": "15",
                                "T": "10.4",
                                "V": "27000",
                                "W": "8",
                                "Pt": "R",
                                "Dp": "6.8",
                                "$": "660"
                            },
                            {
                                "D": "SSW",
                                "G": "26",
                                "H": "77.5",
                                "P": "1034",
                                "S": "16",
                                "T": "10.7",
                                "V": "28000",
                                "W": "8",
                                "Pt": "F",
                                "Dp": "7.0",
                                "$": "720"
                            },
                            {
                                "D": "SW",
                                "G": "28",
                                "H": "72.8",
                                "P": "1033",
                                "S": "18",
                                "T": "11.1",
                                "V": "30000",
                                "W": "3",
                                "Pt": "F",
                                "Dp": "6.5",
                                "$": "780"
                            },
                            {
                                "D": "SSW",
                                "G": "29",
                                "H": "72.2",
                                "P": "1033",
                                "S": "16",
                                "T": "10.8",
                                "V": "30000",
                                "W": "7",
                                "Pt": "F",
                                "Dp": "6.1",
                                "$": "840"
                            },
                            {
                                "D": "SW",
                                "G": "26",
                                "H": "74.2",
                                "P": "1032",
                                "S": "14",
                                "T": "10.6",
                                "V": "30000",
                                "W": "8",
                                "Pt": "F",
                                "Dp": "6.3",
                                "$": "900"
                            },
                            {
                                "D": "SW",
                                "G": "23",
                                "H": "73.7",
                                "P": "1032",
                                "S": "16",
                                "T": "10.6",
                                "V": "35000",
                                "W": "8",
                                "Pt": "F",
                                "Dp": "6.2",
                                "$": "960"
                            }
                        ]
                    }
                ]
            }
        }
    }
}