{
    "SiteRep": {
        "Wx": {
            "Param": [
                {
                    "name": "G",
                    "units": "mph",
                    "$": "Wind Gust"
                },
                {
                    "name": "T",
                    "units": "C",
                    "$": "Temperature"
                },
                {
                    "name": "V",
                    "units": "m",
                    "$": "Visibility"
                },
                {
                    "name": "D",
                    "units": "compass",
                    "$": "Wind Direction"
                },
                {
                    "name": "S",
                    "units": "mph",
                    "$": "Wind Speed"
                },
                {
                    "name": "W",
                    "units": "",
                    "$": "Weather Type"
                },
                {
                    "name": "P",
                    "units": "hpa",
                    "$": "Pressure"
                },
                {
                    "name": "Pt",
                    "units": "Pa/s",
                    "$": "Pressure Tendency"
                },
                {
                    "name": "Dp",
                    "units": "C",
                    "$": "Dew Point"
                },
                {
                    "name": "H",
                    "units": "%",
                    "$": "Screen Relative Humidity"
                }
            ]
        },
        "DV": {
            "dataDate": "2024-05-04T16:00:00Z",
            "type": "Obs",
            "Location": {
                "i": "3772",
                "lat": "51.479",
                "lon": "-0.449",
                "name": "HEATHROW",
                "country": "ENGLAND",
                "continent": "EUROPE",
                "elevation": "25.0",
                "Period": [
                    {
                        "type": "Day",
                        "value": "2024-05-03Z",
                        "Rep": [
                            {
                                "D": "WSW",
                                "G": "17",
                                "H": "81.3",
                                "P": "1010",
                                "S": "8",
                                "T": "12.6",
                                "V": "55000",
                                "W": "8",
                                "Pt": "R",
                                "Dp": "9.5",
                                "$": "960"
                            },
                            {
                                "D": "WSW",
                                "G": "13",
                                "H": "78.6",
                                "P": "1010",
                                "S": "7",
                                "T": "13.0",
                                "V": "60000",
                                "W": "8",
                                "Pt": "R",
                                "Dp": "9.4",
                                "$": "1020"
                            },
                            {
                                "D": "W",
                                "G": "9",
                                "H": "77.0",
                                "P": "1010",
                                "S": "7",
                                "T": "12.8",
                                "V": "60000",
                                "W": "8",
                                "Pt": "R",
                                "Dp": "8.9",
                                "$": "1080"
                            },
                            {
                                "D": "WSW",
                                "G": "10",
                                "H": "78.6",
                                "P": "1010",
                                "S": "7",
                                "T": "12.6",
                                "V": "55000",
                                "W": "8",
                                "Pt": "R",
                                "Dp": "9.0",
                                "$": "1140"
                            },
                            {
                                "D": "S",
                                "G": "10",
                                "H": "79.7",
                                "P": "1011",
                                "S": "5",
                                "T": "12.5",
                                "V": "45000",
                                "W": "8",
                                "Pt": "R",
                                "Dp": "9.1",
                                "$": "1200"
                            },
                            {
                                "D": "SSW",
                                "G": "11",
                                "H": "83.4",
                                "P": "1011",
                                "S": "8",
                                "T": "11.7",
                                "V": "40000",
                                "W": "8",
                                "Pt": "R",
                                "Dp": "9.0",
                                "$": "1260"
                            },
                            {
                                "D": "SSW",
                                "G": "14",
                                "H": "83.9",
                                "P": "1011",
                                "S": "8",
                                "T": "11.0",
                                "V": "40000",
                                "W": "8",
                                "Pt": "R",
                                "Dp": "8.4",
                                "$": "1320"
                            },
                            {
                                "D": "SSW",
                                "G": "13",
                                "H": "89.6",
                                "P": "1011",
                                "S": "8",
                                "T": "9.5",
                                "V": "30000",
                                "W": "0",
                                "Pt": "R",
                                "Dp": "7.9",
                                "$": "1380"
                            }
                        ]
                    },
                    {
                        "type": "Day",
                        "value": "2024-05-04Z",
                        "Rep": [
                            {
                                "D": "S",
                                "G": "14",
                                "H": "92.8",
                                "P": "1011",
                                "S": "9",
                                "T": "9.0",
                                "V": "25000",
                                "W": "0",
                                "Pt": "R",
                                "Dp": "7.9",
                                "$": "0"
                            },
                            {
                                "D": "S",
                                "G": "15",
                                "H": "94.6",
                                "P": "1011",
                                "S": "5",
                                "T": "8.3",
                                "V": "20000",
                                "W": "2",
                                "Pt": "R",
                                "Dp": "7.5",
                                "$": "60"
                            },
                            {
                                "D": "SSW",
                                "G": "9",
                                "H": "96.0",
                                "P": "1011",
                                "S": "6",
                                "T": "9.0",
                                "V": "18000",
                                "W": "8",
                                "Pt": "R",
                                "Dp": "8.4",
                                "$": "120"
                            },
                            {
                                "D": "S",
                                "G": "11",
                                "H": "92.7",
                                "P": "1011",
                                "S": "6",
                                "T": "9.6",
                                "V": "26000",
                                "W": "8",
                                "Pt": "F",
                                "Dp": "8.5",
                                "$": "180"
                            },
                            {
                                "D": "SSE",
                                "G": "8",
                                "H": "91.5",
                                "P": "1011",
                                "S": "3",
                                "T": "9.7",
                                "V": "28000",
                                "W": "8",
                                "Pt": "S",
                                "Dp": "8.4",
                                "$": "240"
                            },
                            {
                                "D": "S",
                                "G": "8",
                                "H": "89.1",
                                "P": "1011",
                                "S": "5",
                                "T": "9.9",
                                "V": "30000",
                                "W": "8",
                                "Pt": "F",
                                "Dp": "8.2",
                                "$": "300"
                            },
                            {
                                "D": "S",
                                "G": "13",
                                "H": "86.6",
                                "P": "1012",
                                "S": "7",
                                "T": "9.8",
                                "V": "30000",
                                "W": "8",
                                "Pt": "R",
                                "Dp": "7.7",
                                "$": "360"
                            },
                            {
                                "D": "SSW",
                                "G": "13",
                                "H": "86.2",
                                "P": "1012",
                                "S": "7",
                                "T": "10.0",
                                "V": "40000",
                                "W": "8",
                                "Pt": "R",
                                "Dp": "7.8",
                                "$": "420"
                            },
                            {
                                "D": "S",
                                "G": "11",
                                "H": "80.0",
                                "P": "1012",
                                "S": "3",
                                "T": "11.3",
                                "V": "30000",
                                "W": "7",
                                "Pt": "R",
                                "Dp": "8.0",
                                "$": "480"
                            },
                            {
                                "D": "SSE",
                                "G": "11",
                                "H": "74.0",
                                "P": "1012",
                                "S": "3",
                                "T": "13.4",
                                "V": "55000",
                                "W": "3",
                                "Pt": "R",
                                "Dp": "8.9",
                                "$": "540"
                            },
                            {
                                "D": "S",
                                "G": "11",
                                "H": "64.1",
                                "P": "1011",
                                "S": "5",
                                "T": "15.1",
                                "V": "65000",
                                "W": "3",
                                "Pt": "F",
                                "Dp": "8.4",
                                "$": "600"
                            },
                            {
                                "D": "N",
                                "G": "13",
                                "H": "59.4",
                                "P": "1011",
                                "S": "3",
                                "T": "14.9",
                                "V": "75000",
                                "W": "3",
                                "Pt": "F",
                                "Dp": "7.1",
                                "$": "660"
                            },
                            {
                                "D": "S",
                                "G": "13",
                                "H": "57.9",
                                "P": "1010",
                                "S": "6",
                                "T": "17.1",
                                "V": "50000",
                                "W": "7",
                                "Pt": "F",
                                "Dp": "8.8",
                                "$": "720"
                            },
                            {
                                "D": "ESE",
                                "G": "11",
                                "H": "55.3",
                                "P": "1010",
                                "S": "5",
                                "T": "16.3",
                                "V": "75000",
                                "W": "8",
                                "Pt": "F",
                                "Dp": "7.4",
                                "$": "780"
                            },
                            {
                                "D": "S",
                                "G": "14",
                                "H": "59.0",
                                "P": "1010",
                                "S": "8",
                                "T": "15.2",
                                "V": "65000",
                                "W": "8",
                                "Pt": "F",
                                "Dp": "7.3",
                                "$": "840"
                            },
                            {
                                "D": "S",
                                "G": "13",
                                "H": "62.1",
                                "P": "1009",
                                "S": "6",
                                "T": "15.5",
                                "V": "65000",
                                "W": "8",
                                "Pt": "F",
                                "Dp": "8.3",
                                "$": "900"
                            },
                            {
                                "D": "SE",
                                "G": "11",
                                "H": "52.8",
                                "P": "1009",
                                "S": "5",
                                "T": "16.3",
                                "V": "75000",
                                "W": "7",
                                "Pt": "F",
                                "Dp": "6.7",
                                "$": "960"
                            }
                        ]
                    }
                ]
            }
        }
    }
}