{
    "SiteRep": {
        "Wx": {
            "Param": [
                {
                    "name": "G",
                    "units": "mph",
                    "$": "Wind Gust"
                },
                {
                    "name": "T",
                    "units": "C",
                    "$": "Temperature"
                },
                {
                    "name": "V",
                    "units": "m",
                    "$": "Visibility"
                },
                {
                    "name": "D",
                    "units": "compass",
                    "$": "Wind Direction"
                },
                {
                    "name": "S",
                    "units": "mph",
                    "$": "Wind Speed"
                },
                {
                    "name": "W",
                    "units": "",
                    "$": "Weather Type"
                },
                {
                    "name": "P",
                    "units": "hpa",
                    "$": "Pressure"
                },
                {
                    "name": "Pt",
                    "units": "Pa/s",
                    "$": "Pressure Tendency"
                },
                {
                    "name": "Dp",
                    "units": "C",
                    "$": "Dew Point"
                },
                {
                    "name": "H",
                    "units": "%",
                    "$": "Screen Relative Humidity"
                }
            ]
        },
        "DV": {
            "dataDate": "2023-08-28T16:00:00Z",
            "type": "Obs",
            "Location": {
                "i": "3772",
                "lat": "51.479",
                "lon": "-0.449",
                "name": "HEATHROW",
                "country": "ENGLAND",
                "continent": "EUROPE",
                "elevation": "25.0",
                "Period": [
                    {
                        "type": "Day",
                        "value": "2023-08-27Z",
                        "Rep": [
                            {
                                "D": "W",
                                "G": "19",
                                "H": "56.5",
                                "P": "1011",
                                "S": "11",
                                "T": "19.2",
                                "V": "75000",
                                "W": "8",
                                "Pt": "R",
                                "Dp": "10.4",
                                "$": "960"
                            },
                            {
                                "D": "WNW",
                                "G": "22",
                                "H": "50.0",
                                "P": "1011",
                                "S": "10",
                                "T": "20.2",
                                "V": "65000",
                                "W": "7",
                                "Pt": "R",
                                "Dp": "9.5",
                                "$": "1020"
                            },
                            {
                                "D": "WNW",
                                "G": "18",
                                "H": "53.1",
                                "P": "1011",
                                "S": "8",
                                "T": "18.8",
                                "V": "60000",
                                "W": "1",
                                "Pt": "R",
                                "Dp": "9.1",
                                "$": "1080"
                            },
                            {
                                "D": "W",
                                "G": "17",
                                "H": "58.1",
                                "P": "1012",
                                "S": "9",
                                "T": "17.9",
                                "V": "60000",
                                "W": "7",
                                "Pt": "R",
                                "Dp": "9.6",
                                "$": "1140"
                            },
                            {
                                "D": "W",
                                "G": "15",
                                "H": "63.2",
                                "P": "1013",
                                "S": "9",
                                "T": "17.0",
                                "V": "60000",
                                "W": "8",
                                "Pt": "R",
                                "Dp": "10.0",
                                "$": "1200"
                            },
                            {
                                "D": "W",
                                "G": "16",
                                "H": "67.8",
                                "P": "1013",
                                "S": "6",
                                "T": "15.9",
                                "V": "55000",
                                "W": "8",
                                "Pt": "R",
                                "Dp": "10.0",
                                "$": "1260"
                            },
                            {
                                "D": "W",
                                "G": "10",
                                "H": "74.2",
                                "P": "1013",
                                "S": "7",
                                "T": "14.7",
                                "V": "55000",
                                "W": "0",
                                "Pt": "R",
                                "Dp": "10.2",
                                "$": "1320"
                            },
                            {
                                "D": "W",
                                "G": "9",
                                "H": "77.3",
                                "P": "1013",
                                "S": "6",
                                "T": "14.3",
                                "V": "50000",
                                "W": "0",
                                "Pt": "R",
                                "Dp": "10.4",
                                "$": "1380"
                            }
                        ]
                    },
                    {
                        "type": "Day",
                        "value": "2023-08-28Z",
                        "Rep": [
                            {
                                "D": "W",
                                "G": "8",
                                "H": "81.3",
                                "P": "1013",
                                "S": "6",
                                "T": "13.5",
                                "V": "55000",
                                "W": "0",
                                "Pt": "R",
                                "Dp": "10.4",
                                "$": "0"
                            },
                            {
                                "D": "W",
                                "G": "8",
                                "H": "84.7",
                                "P": "1013",
                                "S": "5",
                                "T": "13.1",
                                "V": "55000",
                                "W": "8",
                                "Pt": "S",
                                "Dp": "10.6",
                                "$": "60"
                            },
                            {
                                "D": "NW",
                                "G": "7",
                                "H": "86.4",
                                "P": "1013",
                                "S": "2",
                                "T": "12.9",
                                "V": "50000",
                                "W": "8",
                                "Pt": "S",
                                "Dp": "10.7",
                                "$": "120"
                            },
                            {
                                "D": "WNW",
                                "G": "6",
                                "H": "87.6",
                                "P": "1013",
                                "S": "3",
                                "T": "12.8",
                                "V": "50000",
                                "W": "2",
                                "Pt": "F",
                                "Dp": "10.8",
                                "$": "180"
                            },
                            {
                                "D": "NW",
                                "G": "7",
                                "H": "90.4",
                                "P": "1013",
                                "S": "3",
                                "T": "12.2",
                                "V": "45000",
                                "W": "7",
                                "Pt": "S",
                                "Dp": "10.7",
                                "$": "240"
                            },
                            {
                                "D": "WNW",
                                "G": "8",
                                "H": "89.3",
                                "P": "1014",
                                "S": "3",
                                "T": "12.3",
                                "V": "50000",
                                "W": "7",
                                "Pt": "R",
                                "Dp": "10.6",
                                "$": "300"
                            },
                            {
                                "D": "W",
                                "G": "8",
                                "H": "89.3",
                                "P": "1014",
                                "S": "5",
                                "T": "12.7",
                                "V": "45000",
                                "W": "1",
                                "Pt": "R",
                                "Dp": "11.0",
                                "$": "360"
                            },
                            {
                                "D": "WNW",
                                "G": "8",
                                "H": "87.0",
                                "P": "1014",
                                "S": "5",
                                "T": "13.6",
                                "V": "45000",
                                "W": "1",
                                "Pt": "R",
                                "Dp": "11.5",
                                "$": "420"
                            },
                            {
                                "D": "WNW",
                                "G": "9",
                                "H": "80.5",
                                "P": "1015",
                                "S": "5",
                                "T": "14.9",
                                "V": "55000",
                                "W": "8",
                                "Pt": "R",
                                "Dp": "11.6",
                                "$": "480"
                            },
                            {
                                "D": "NNW",
                                "G": "13",
                                "H": "73.6",
                                "P": "1014",
                                "S": "6",
                                "T": "16.5",
                                "V": "60000",
                                "W": "8",
                                "Pt": "R",
                                "Dp": "11.8",
                                "$": "540"
                            },
                            {
                                "D": "NW",
                                "G": "14",
                                "H": "68.5",
                                "P": "1014",
                                "S": "7",
                                "T": "17.2",
                                "V": "65000",
                                "W": "8",
                                "Pt": "R",
                                "Dp": "11.4",
                                "$": "600"
                            },
                            {
                                "D": "WNW",
                                "G": "13",
                                "H": "67.7",
                                "P": "1014",
                                "S": "9",
                                "T": "17.7",
                                "V": "65000",
                                "W": "8",
                                "Pt": "F",
                                "Dp": "11.7",
                                "$": "660"
                            },
                            {
                                "D": "NW",
                                "G": "14",
                                "H": "64.8",
                                "P": "1014",
                                "S": "7",
                                "T": "18.4",
                                "V": "60000",
                                "W": "8",
                                "Pt": "F",
                                "Dp": "11.7",
                                "$": "720"
                            },
                            {
                                "D": "NW",
                                "G": "17",
                                "H": "53.4",
                                "P": "1014",
                                "S": "9",
                                "T": "20.2",
                                "V": "55000",
                                "W": "8",
                                "Pt": "F",
                                "Dp": "10.5",
                                "$": "780"
                            },
                            {
                                "D": "NW",
                                "G": "16",
                                "H": "52.2",
                                "P": "1014",
                                "S": "9",
                                "T": "19.9",
                                "V": "55000",
                                "W": "8",
                                "Pt": "S",
                                "Dp": "9.9",
                                "$": "840"
                            },
                            {
                                "D": "NW",
                                "G": "17",
                                "H": "51.1",
                                "P": "1014",
                                "S": "9",
                                "T": "19.6",
                                "V": "50000",
                                "W": "8",
                                "Pt": "S",
                                "Dp": "9.3",
                                "$": "900"
                            },
                            {
                                "D": "NW",
                                "G": "16",
                                "H": "46.5",
                                "P": "1014",
                                "S": "7",
                                "T": "20.9",
                                "V": "65000",
                                "W": "7",
                                "Pt": "S",
                                "Dp": "9.1",
                                "$": "960"
                            }
                        ]
                    }
                ]
            }
        }
    }
}