{
    "SiteRep": {
        "Wx": {
            "Param": [
                {
                    "name": "G",
                    "units": "mph",
                    "$": "Wind Gust"
                },
                {
                    "name": "T",
                    "units": "C",
                    "$": "Temperature"
                },
                {
                    "name": "V",
                    "units": "m",
                    "$": "Visibility"
                },
                {
                    "name": "D",
                    "units": "compass",
                    "$": "Wind Direction"
                },
                {
                    "name": "S",
                    "units": "mph",
                    "$": "Wind Speed"
                },
                {
                    "name": "W",
                    "units": "",
                    "$": "Weather Type"
                },
                {
                    "name": "P",
                    "units": "hpa",
                    "$": "Pressure"
                },
                {
                    "name": "Pt",
                    "units": "Pa/s",
                    "$": "Pressure Tendency"
                },
                {
                    "name": "Dp",
                    "units": "C",
                    "$": "Dew Point"
                },
                {
                    "name": "H",
                    "units": "%",
                    "$": "Screen Relative Humidity"
                }
            ]
        },
        "DV": {
            "dataDate": "2023-12-27T16:00:00Z",
            "type": "Obs",
            "Location": {
                "i": "3772",
                "lat": "51.479",
                "lon": "-0.449",
                "name": "HEATHROW",
                "country": "ENGLAND",
                "continent": "EUROPE",
                "elevation": "25.0",
                "Period": [
                    {
                        "type": "Day",
                        "value": "2023-12-26Z",
                        "Rep": [
                            {
                                "D": "WSW",
                                "G": "7",
                                "H": "78.2",
                                "P": "1018",
                                "S": "2",
                                "T": "7.4",
                                "V": "26000",
                                "W": "8",
                                "Pt": "R",
                                "Dp": "3.9",
                                "$": "960"
                            },
                            {
                                "D": "NE",
                                "G": "3",
                                "H": "84.4",
                                "P": "1018",
                                "S": "1",
                                "T": "5.9",
                                "V": "23000",
                                "W": "8",
                                "Pt": "R",
                                "Dp": "3.5",
                                "$": "1020"
                            },
                            {
                                "D": "E",
                                "G": "6",
                                "H": "81.6",
                                "P": "1018",
                                "S": "3",
                                "T": "6.8",
                                "V": "23000",
                                "W": "8",
                                "Pt": "R",
                                "Dp": "3.9",
                                "$": "1080"
                            },
                            {
                                "D": "ENE",
                                "G": "8",
                                "H": "86.9",
                                "P": "1018",
                                "S": "3",
                                "T": "6.3",
                                "V": "15000",
                                "W": "8",
                                "Pt": "R",
                                "Dp": "4.3",
                                "$": "1140"
                            },
                            {
                                "D": "ESE",
                                "G": "8",
                                "H": "88.1",
                                "P": "1018",
                                "S": "7",
                                "T": "6.0",
                                "V": "14000",
                                "W": "2",
                                "Pt": "R",
                                "Dp": "4.2",
                                "$": "1200"
                            },
                            {
                                "D": "ESE",
                                "G": "8",
                                "H": "90.7",
                                "P": "1018",
                                "S": "5",
                                "T": "5.8",
                                "V": "14000",
                                "W": "8",
                                "Pt": "F",
                                "Dp": "4.4",
                                "$": "1260"
                            },
                            {
                                "D": "ESE",
                                "G": "10",
                                "H": "90.7",
                                "P": "1018",
                                "S": "5",
                                "T": "6.1",
                                "V": "14000",
                                "W": "7",
                                "Pt": "F",
                                "Dp": "4.7",
                                "$": "1320"
                            },
                            {
                                "D": "ESE",
                                "G": "10",
                                "H": "88.2",
                                "P": "1017",
                                "S": "7",
                                "T": "6.2",
                                "V": "21000",
                                "W": "8",
                                "Pt": "F",
                                "Dp": "4.4",
                                "$": "1380"
                            }
                        ]
                    },
                    {
                        "type": "Day",
                        "value": "2023-12-27Z",
                        "Rep": [
                            {
                                "D": "E",
                                "G": "10",
                                "H": "87.6",
                                "P": "1016",
                                "S": "6",
                                "T": "6.6",
                                "V": "23000",
                                "W": "8",
                                "Pt": "F",
                                "Dp": "4.7",
                                "$": "0"
                            },
                            {
                                "D": "E",
                                "G": "10",
                                "H": "87.5",
                                "P": "1016",
                                "S": "6",
                                "T": "6.9",
                                "V": "18000",
                                "W": "8",
                                "Pt": "F",
                                "Dp": "5.0",
                                "$": "60"
                            },
                            {
                                "D": "ESE",
                                "G": "11",
                                "H": "96.0",
                                "P": "1015",
                                "S": "7",
                                "T": "6.9",
                                "V": "8000",
                                "W": "12",
                                "Pt": "F",
                                "Dp": "6.3",
                                "$": "120"
                            },
                            {
                                "D": "ESE",
                                "G": "13",
                                "H": "97.3",
                                "P": "1013",
                                "S": "9",
                                "T": "7.6",
                                "V": "9000",
                                "W": "12",
                                "Pt": "F",
                                "Dp": "7.2",
                                "$": "180"
                            },
                            {
                                "D": "SE",
                                "G": "11",
                                "H": "97.4",
                                "P": "1012",
                                "S": "8",
                                "T": "8.3",
                                "V": "13000",
                                "W": "12",
                                "Pt": "F",
                                "Dp": "7.9",
                                "$": "240"
                            },
                            {
                                "D": "SSE",
                                "G": "11",
                                "H": "97.9",
                                "P": "1011",
                                "S": "8",
                                "T": "8.9",
                                "V": "12000",
                                "W": "12",
                                "Pt": "F",
                                "Dp": "8.6",
                                "$": "300"
                            },
                            {
                                "D": "SSE",
                                "G": "16",
                                "H": "94.7",
                                "P": "1010",
                                "S": "10",
                                "T": "10.6",
                                "V": "24000",
                                "W": "8",
                                "Pt": "F",
                                "Dp": "9.8",
                                "$": "360"
                            },
                            {
                                "D": "S",
                                "G": "22",
                                "H": "90.5",
                                "P": "1009",
                                "S": "13",
                                "T": "11.1",
                                "V": "23000",
                                "W": "8",
                                "Pt": "F",
                                "Dp": "9.6",
                                "$": "420"
                            },
                            {
                                "D": "S",
                                "G": "24",
                                "H": "91.7",
                                "P": "1008",
                                "S": "13",
                                "T": "11.2",
                                "V": "12000",
                                "W": "12",
                                "Pt": "F",
                                "Dp": "9.9",
                                "$": "480"
                            },
                            {
                                "D": "S",
                                "G": "25",
                                "H": "85.2",
                                "P": "1007",
                                "S": "16",
                                "T": "12.0",
                                "V": "26000",
                                "W": "8",
                                "Pt": "F",
                                "Dp": "9.6",
                                "$": "540"
                            },
                            {
                                "D": "S",
                                "G": "30",
                                "H": "83.5",
                                "P": "1006",
                                "S": "16",
                                "T": "12.0",
                                "V": "25000",
                                "W": "8",
                                "Pt": "F",
                                "Dp": "9.3",
                                "$": "600"
                            },
                            {
                                "D": "S",
                                "G": "32",
                                "H": "85.7",
                                "P": "1006",
                                "S": "19",
                                "T": "11.7",
                                "V": "8000",
                                "W": "8",
                                "Pt": "F",
                                "Dp": "9.4",
                                "$": "660"
                            },
                            {
                                "D": "S",
                                "G": "33",
                                "H": "92.3",
                                "P": "1005",
                                "S": "17",
                                "T": "11.0",
                                "V": "2600",
                                "W": "11",
                                "Pt": "F",
                                "Dp": "9.8",
                                "$": "720"
                            },
                            {
                                "D": "S",
                                "G": "40",
                                "H": "83.5",
                                "P": "1003",
                                "S": "21",
                                "T": "12.1",
                                "V": "25000",
                                "W": "8",
                                "Pt": "F",
                                "Dp": "9.4",
                                "$": "780"
                            },
                            {
                                "D": "S",
                                "G": "36",
                                "H": "88.1",
                                "P": "1001",
                                "S": "21",
                                "T": "11.6",
                                "V": "6000",
                                "W": "12",
                                "Pt": "F",
                                "Dp": "9.7",
                                "$": "840"
                            },
                            {
                                "D": "S",
                                "G": "37",
                                "H": "91.7",
                                "P": "1000",
                                "S": "22",
                                "T": "11.2",
                                "V": "9000",
                                "W": "12",
                                "Pt": "F",
                                "Dp": "9.9",
                                "$": "900"
                            },
                            {
                                "D": "S",
                                "G": "36",
                                "H": "91.7",
                                "P": "999",
                                "S": "21",
                                "T": "11.5",
                                "V": "5000",
                                "W": "12",
                                "Pt": "F",
                                "Dp": "10.2",
                                "$": "960"
                            }
                        ]
                    }
                ]
            }
        }
    }
}