{
    "SiteRep": {
        "Wx": {
            "Param": [
                {
                    "name": "G",
                    "units": "mph",
                    "$": "Wind Gust"
                },
                {
                    "name": "T",
                    "units": "C",
                    "$": "Temperature"
                },
                {
                    "name": "V",
                    "units": "m",
                    "$": "Visibility"
                },
                {
                    "name": "D",
                    "units": "compass",
                    "$": "Wind Direction"
                },
                {
                    "name": "S",
                    "units": "mph",
                    "$": "Wind Speed"
                },
                {
                    "name": "W",
                    "units": "",
                    "$": "Weather Type"
                },
                {
                    "name": "P",
                    "units": "hpa",
                    "$": "Pressure"
                },
                {
                    "name": "Pt",
                    "units": "Pa/s",
                    "$": "Pressure Tendency"
                },
                {
                    "name": "Dp",
                    "units": "C",
                    "$": "Dew Point"
                },
                {
                    "name": "H",
                    "units": "%",
                    "$": "Screen Relative Humidity"
                }
            ]
        },
        "DV": {
            "dataDate": "2023-11-23T16:00:00Z",
            "type": "Obs",
            "Location": {
                "i": "3772",
                "lat": "51.479",
                "lon": "-0.449",
                "name": "HEATHROW",
                "country": "ENGLAND",
                "continent": "EUROPE",
                "elevation": "25.0",
                "Period": [
                    {
                        "type": "Day",
                        "value": "2023-11-22Z",
                        "Rep": [
                            {
                                "D": "WSW",
                                "G": "17",
                                "H": "84.2",
                                "P": "1028",
                                "S": "10",
                                "T": "10.3",
                                "V": "30000",
                                "W": "8",
                                "Pt": "F",
                                "Dp": "7.8",
                                "$": "960"
                            },
                            {
                                "D": "WSW",
                                "G": "15",
                                "H": "85.5",
                                "P": "1028",
                                "S": "11",
                                "T": "10.7",
                                "V": "30000",
                                "W": "8",
                                "Pt": "F",
                                "Dp": "8.4",
                                "$": "1020"
                            },
                            {
                                "D": "W",
                                "G": "16",
                                "H": "86.0",
                                "P": "1028",
                                "S": "7",
                                "T": "10.6",
                                "V": "29000",
                                "W": "8",
                                "Pt": "F",
                                "Dp": "8.4",
                                "$": "1080"
                            },
                            {
                                "D": "SW",
                                "G": "14",
                                "H": "88.4",
                                "P": "1028",
                                "S": "9",
                                "T": "10.2",
                                "V": "30000",
                                "W": "2",
                                "Pt": "S",
                                "Dp": "8.4",
                                "$": "1140"
                            },
                            {
                                "D": "WSW",
                                "G": "16",
                                "H": "90.8",
                                "P": "1028",
                                "S": "10",
                                "T": "9.5",
                                "V": "24000",
                                "W": "0",
                                "Pt": "R",
                                "Dp": "8.1",
                                "$": "1200"
                            },
                            {
                                "D": "WSW",
                                "G": "16",
                                "H": "92.1",
                                "P": "1028",
                                "S": "9",
                                "T": "9.2",
                                "V": "15000",
                                "W": "0",
                                "Pt": "F",
                                "Dp": "8.0",
                                "$": "1260"
                            },
                            {
                                "D": "WSW",
                                "G": "15",
                                "H": "93.3",
                                "P": "1028",
                                "S": "9",
                                "T": "8.7",
                                "V": "17000",
                                "W": "0",
                                "Pt": "F",
                                "Dp": "7.7",
                                "$": "1320"
                            },
                            {
                                "D": "WSW",
                                "G": "13",
                                "H": "94.0",
                                "P": "1028",
                                "S": "8",
                                "T": "8.9",
                                "V": "18000",
                                "W": "2",
                                "Pt": "F",
                                "Dp": "8.0",
                                "$": "1380"
                            }
                        ]
                    },
                    {
                        "type": "Day",
                        "value": "2023-11-23Z",
                        "Rep": [
                            {
                                "D": "W",
                                "G": "13",
                                "H": "95.2",
                                "P": "1028",
                                "S": "6",
                                "T": "7.7",
                                "V": "13000",
                                "W": "0",
                                "Pt": "F",
                                "Dp": "7.0",
                                "$": "0"
                            },
                            {
                                "D": "W",
                                "G": "11",
                                "H": "95.3",
                                "P": "1027",
                                "S": "8",
                                "T": "9.1",
                                "V": "19000",
                                "W": "0",
                                "Pt": "F",
                                "Dp": "8.4",
                                "$": "60"
                            },
                            {
                                "D": "W",
                                "G": "17",
                                "H": "91.4",
                                "P": "1027",
                                "S": "9",
                                "T": "10.1",
                                "V": "30000",
                                "W": "7",
                                "Pt": "F",
                                "Dp": "8.8",
                                "$": "120"
                            },
                            {
                                "D": "WSW",
                                "G": "15",
                                "H": "92.8",
                                "P": "1027",
                                "S": "7",
                                "T": "9.7",
                                "V": "40000",
                                "W": "8",
                                "Pt": "F",
                                "Dp": "8.6",
                                "$": "180"
                            },
                            {
                                "D": "W",
                                "G": "15",
                                "H": "90.3",
                                "P": "1026",
                                "S": "10",
                                "T": "10.8",
                                "V": "45000",
                                "W": "7",
                                "Pt": "F",
                                "Dp": "9.3",
                                "$": "240"
                            },
                            {
                                "D": "WSW",
                                "G": "14",
                                "H": "93.4",
                                "P": "1026",
                                "S": "7",
                                "T": "9.6",
                                "V": "35000",
                                "W": "0",
                                "Pt": "F",
                                "Dp": "8.6",
                                "$": "300"
                            },
                            {
                                "D": "WSW",
                                "G": "13",
                                "H": "92.8",
                                "P": "1026",
                                "S": "7",
                                "T": "9.0",
                                "V": "30000",
                                "W": "0",
                                "Pt": "F",
                                "Dp": "7.9",
                                "$": "360"
                            },
                            {
                                "D": "W",
                                "G": "14",
                                "H": "92.8",
                                "P": "1026",
                                "S": "9",
                                "T": "10.0",
                                "V": "25000",
                                "W": "7",
                                "Pt": "S",
                                "Dp": "8.9",
                                "$": "420"
                            },
                            {
                                "D": "WSW",
                                "G": "17",
                                "H": "90.3",
                                "P": "1026",
                                "S": "11",
                                "T": "11.0",
                                "V": "40000",
                                "W": "8",
                                "Pt": "F",
                                "Dp": "9.5",
                                "$": "480"
                            },
                            {
                                "D": "W",
                                "G": "18",
                                "H": "86.7",
                                "P": "1026",
                                "S": "11",
                                "T": "11.3",
                                "V": "40000",
                                "W": "8",
                                "Pt": "F",
                                "Dp": "9.2",
                                "$": "540"
                            },
                            {
                                "D": "W",
                                "G": "22",
                                "H": "86.7",
                                "P": "1027",
                                "S": "13",
                                "T": "11.2",
                                "V": "40000",
                                "W": "8",
                                "Pt": "R",
                                "Dp": "9.1",
                                "$": "600"
                            },
                            {
                                "D": "W",
                                "G": "25",
                                "H": "80.5",
                                "P": "1027",
                                "S": "14",
                                "T": "11.6",
                                "V": "45000",
                                "W": "8",
                                "Pt": "R",
                                "Dp": "8.4",
                                "$": "660"
                            },
                            {
                                "D": "WSW",
                                "G": "25",
                                "H": "76.3",
                                "P": "1025",
                                "S": "17",
                                "T": "12.8",
                                "V": "45000",
                                "W": "1",
                                "Pt": "F",
                                "Dp": "8.8",
                                "$": "720"
                            },
                            {
                                "D": "WSW",
                                "G": "24",
                                "H": "72.9",
                                "P": "1024",
                                "S": "17",
                                "T": "13.5",
                                "V": "30000",
                                "W": "1",
                                "Pt": "F",
                                "Dp": "8.8",
                                "$": "780"
                            },
                            {
                                "D": "W",
                                "G": "26",
                                "H": "71.4",
                                "P": "1023",
                                "S": "17",
                                "T": "13.5",
                                "V": "40000",
                                "W": "1",
                                "Pt": "F",
                                "Dp": "8.5",
                                "$": "840"
                            },
                            {
                                "D": "W",
                                "G": "26",
                                "H": "71.8",
                                "P": "1023",
                                "S": "15",
                                "T": "13.4",
                                "V": "45000",
                                "W": "1",
                                "Pt": "F",
                                "Dp": "8.5",
                                "$": "900"
                            },
                            {
                                "D": "W",
                                "G": "25",
                                "H": "77.3",
                                "P": "1023",
                                "S": "17",
                                "T": "12.1",
                                "V": "35000",
                                "W": "1",
                                "Pt": "F",
                                "Dp": "8.3",
                                "$": "960"
                            }
                        ]
                    }
                ]
            }
        }
    }
}