{
    "SiteRep": {
        "Wx": {
            "Param": [
                {
                    "name": "G",
                    "units": "mph",
                    "$": "Wind Gust"
                },
                {
                    "name": "T",
                    "units": "C",
                    "$": "Temperature"
                },
                {
                    "name": "V",
                    "units": "m",
                    "$": "Visibility"
                },
                {
                    "name": "D",
                    "units": "compass",
                    "$": "Wind Direction"
                },
                {
                    "name": "S",
                    "units": "mph",
                    "$": "Wind Speed"
                },
                {
                    "name": "W",
                    "units": "",
                    "$": "Weather Type"
                },
                {
                    "name": "P",
                    "units": "hpa",
                    "$": "Pressure"
                },
                {
                    "name": "Pt",
                    "units": "Pa/s",
                    "$": "Pressure Tendency"
                },
                {
                    "name": "Dp",
                    "units": "C",
                    "$": "Dew Point"
                },
                {
                    "name": "H",
                    "units": "%",
                    "$": "Screen Relative Humidity"
                }
            ]
        },
        "DV": {
            "dataDate": "2023-09-16T16:00:00Z",
            "type": "Obs",
            "Location": {
                "i": "3772",
                "lat": "51.479",
                "lon": "-0.449",
                "name": "HEATHROW",
                "country": "ENGLAND",
                "continent": "EUROPE",
                "elevation": "25.0",
                "Period": [
                    {
                        "type": "Day",
                        "value": "2023-09-15Z",
                        "Rep": [
                            {
                                "D": "ESE",
                                "G": "11",
                                "H": "47.6",
                                "P": "1011",
                                "S": "7",
                                "T": "23.6",
                                "V": "55000",
                                "W": "3",
                                "Pt": "F",
                                "Dp": "11.9",
                                "$": "960"
                            },
                            {
                                "D": "ESE",
                                "G": "11",
                                "H": "47.4",
                                "P": "1011",
                                "S": "6",
                                "T": "23.8",
                                "V": "55000",
                                "W": "1",
                                "Pt": "F",
                                "Dp": "12.0",
                                "$": "1020"
                            },
                            {
                                "D": "SE",
                                "G": "17",
                                "H": "51.1",
                                "P": "1012",
                                "S": "9",
                                "T": "22.9",
                                "V": "50000",
                                "W": "1",
                                "Pt": "F",
                                "Dp": "12.3",
                                "$": "1080"
                            },
                            {
                                "D": "SSE",
                                "G": "11",
                                "H": "56.3",
                                "P": "1012",
                                "S": "6",
                                "T": "21.2",
                                "V": "40000",
                                "W": "2",
                                "Pt": "R",
                                "Dp": "12.2",
                                "$": "1140"
                            },
                            {
                                "D": "S",
                                "G": "10",
                                "H": "63.2",
                                "P": "1012",
                                "S": "3",
                                "T": "20.4",
                                "V": "45000",
                                "W": "0",
                                "Pt": "R",
                                "Dp": "13.2",
                                "$": "1200"
                            },
                            {
                                "D": "E",
                                "G": "8",
                                "H": "70.0",
                                "P": "1013",
                                "S": "5",
                                "T": "17.7",
                                "V": "28000",
                                "W": "0",
                                "Pt": "R",
                                "Dp": "12.2",
                                "$": "1260"
                            },
                            {
                                "D": "ENE",
                                "G": "5",
                                "H": "73.8",
                                "P": "1012",
                                "S": "2",
                                "T": "17.9",
                                "V": "27000",
                                "W": "0",
                                "Pt": "R",
                                "Dp": "13.2",
                                "$": "1320"
                            },
                            {
                                "D": "E",
                                "G": "5",
                                "H": "77.6",
                                "P": "1012",
                                "S": "1",
                                "T": "16.1",
                                "V": "22000",
                                "W": "0",
                                "Pt": "F",
                                "Dp": "12.2",
                                "$": "1380"
                            }
                        ]
                    },
                    {
                        "type": "Day",
                        "value": "2023-09-16Z",
                        "Rep": [
                            {
                                "D": "ENE",
                                "G": "5",
                                "H": "88.4",
                                "P": "1012",
                                "S": "1",
                                "T": "15.2",
                                "V": "13000",
                                "W": "0",
                                "Pt": "F",
                                "Dp": "13.3",
                                "$": "0"
                            },
                            {
                                "D": "NE",
                                "G": "5",
                                "H": "93.7",
                                "P": "1012",
                                "S": "3",
                                "T": "15.2",
                                "V": "12000",
                                "W": "0",
                                "Pt": "F",
                                "Dp": "14.2",
                                "$": "60"
                            },
                            {
                                "D": "NNE",
                                "G": "3",
                                "H": "93.1",
                                "P": "1012",
                                "S": "2",
                                "T": "15.0",
                                "V": "11000",
                                "W": "2",
                                "Pt": "F",
                                "Dp": "13.9",
                                "$": "120"
                            },
                            {
                                "D": "N",
                                "G": "5",
                                "H": "93.7",
                                "P": "1012",
                                "S": "2",
                                "T": "14.5",
                                "V": "12000",
                                "W": "0",
                                "Pt": "F",
                                "Dp": "13.5",
                                "$": "180"
                            },
                            {
                                "D": "N",
                                "G": "6",
                                "H": "93.0",
                                "P": "1012",
                                "S": "3",
                                "T": "14.5",
                                "V": "9000",
                                "W": "0",
                                "Pt": "F",
                                "Dp": "13.4",
                                "$": "240"
                            },
                            {
                                "D": "N",
                                "G": "7",
                                "H": "93.7",
                                "P": "1011",
                                "S": "3",
                                "T": "14.3",
                                "V": "6000",
                                "W": "5",
                                "Pt": "F",
                                "Dp": "13.3",
                                "$": "300"
                            },
                            {
                                "D": "NNE",
                                "G": "7",
                                "H": "93.1",
                                "P": "1012",
                                "S": "3",
                                "T": "14.0",
                                "V": "6000",
                                "W": "5",
                                "Pt": "F",
                                "Dp": "12.9",
                                "$": "360"
                            },
                            {
                                "D": "NNE",
                                "G": "6",
                                "H": "93.1",
                                "P": "1012",
                                "S": "3",
                                "T": "14.4",
                                "V": "7000",
                                "W": "5",
                                "Pt": "R",
                                "Dp": "13.3",
                                "$": "420"
                            },
                            {
                                "D": "NNE",
                                "G": "8",
                                "H": "87.9",
                                "P": "1013",
                                "S": "3",
                                "T": "17.1",
                                "V": "9000",
                                "W": "5",
                                "Pt": "R",
                                "Dp": "15.1",
                                "$": "480"
                            },
                            {
                                "D": "NE",
                                "G": "11",
                                "H": "76.2",
                                "P": "1013",
                                "S": "6",
                                "T": "20.1",
                                "V": "14000",
                                "W": "3",
                                "Pt": "R",
                                "Dp": "15.8",
                                "$": "540"
                            },
                            {
                                "D": "NE",
                                "G": "15",
                                "H": "61.6",
                                "P": "1013",
                                "S": "8",
                                "T": "22.7",
                                "V": "27000",
                                "W": "3",
                                "Pt": "R",
                                "Dp": "15.0",
                                "$": "600"
                            },
                            {
                                "D": "NE",
                                "G": "15",
                                "H": "52.4",
                                "P": "1013",
                                "S": "9",
                                "T": "24.1",
                                "V": "40000",
                                "W": "1",
                                "Pt": "F",
                                "Dp": "13.8",
                                "$": "660"
                            },
                            {
                                "D": "NE",
                                "G": "15",
                                "H": "49.3",
                                "P": "1012",
                                "S": "9",
                                "T": "25.3",
                                "V": "35000",
                                "W": "3",
                                "Pt": "F",
                                "Dp": "14.0",
                                "$": "720"
                            },
                            {
                                "D": "E",
                                "G": "13",
                                "H": "45.8",
                                "P": "1012",
                                "S": "8",
                                "T": "25.9",
                                "V": "40000",
                                "W": "1",
                                "Pt": "F",
                                "Dp": "13.4",
                                "$": "780"
                            },
                            {
                                "D": "E",
                                "G": "13",
                                "H": "43.7",
                                "P": "1012",
                                "S": "5",
                                "T": "26.6",
                                "V": "50000",
                                "W": "8",
                                "Pt": "F",
                                "Dp": "13.3",
                                "$": "840"
                            },
                            {
                                "D": "ESE",
                                "G": "13",
                                "H": "43.0",
                                "P": "1012",
                                "S": "5",
                                "T": "26.4",
                                "V": "45000",
                                "W": "7",
                                "Pt": "F",
                                "Dp": "12.9",
                                "$": "900"
                            },
                            {
                                "D": "ENE",
                                "G": "14",
                                "H": "44.3",
                                "P": "1012",
                                "S": "5",
                                "T": "25.8",
                                "V": "45000",
                                "W": "7",
                                "Pt": "F",
                                "Dp": "12.8",
                                "$": "960"
                            }
                        ]
                    }
                ]
            }
        }
    }
}