{
    "SiteRep": {
        "Wx": {
            "Param": [
                {
                    "name": "G",
                    "units": "mph",
                    "$": "Wind Gust"
                },
                {
                    "name": "T",
                    "units": "C",
                    "$": "Temperature"
                },
                {
                    "name": "V",
                    "units": "m",
                    "$": "Visibility"
                },
                {
                    "name": "D",
                    "units": "compass",
                    "$": "Wind Direction"
                },
                {
                    "name": "S",
                    "units": "mph",
                    "$": "Wind Speed"
                },
                {
                    "name": "W",
                    "units": "",
                    "$": "Weather Type"
                },
                {
                    "name": "P",
                    "units": "hpa",
                    "$": "Pressure"
                },
                {
                    "name": "Pt",
                    "units": "Pa/s",
                    "$": "Pressure Tendency"
                },
                {
                    "name": "Dp",
                    "units": "C",
                    "$": "Dew Point"
                },
                {
                    "name": "H",
                    "units": "%",
                    "$": "Screen Relative Humidity"
                }
            ]
        },
        "DV": {
            "dataDate": "2024-03-05T16:00:00Z",
            "type": "Obs",
            "Location": {
                "i": "3772",
                "lat": "51.479",
                "lon": "-0.449",
                "name": "HEATHROW",
                "country": "ENGLAND",
                "continent": "EUROPE",
                "elevation": "25.0",
                "Period": [
                    {
                        "type": "Day",
                        "value": "2024-03-04Z",
                        "Rep": [
                            {
                                "D": "SE",
                                "G": "28",
                                "H": "55.9",
                                "P": "1007",
                                "S": "16",
                                "T": "9.1",
                                "V": "45000",
                                "W": "8",
                                "Pt": "F",
                                "Dp": "0.8",
                                "$": "960"
                            },
                            {
                                "D": "SE",
                                "G": "24",
                                "H": "60.8",
                                "P": "1007",
                                "S": "14",
                                "T": "8.9",
                                "V": "40000",
                                "W": "8",
                                "Pt": "F",
                                "Dp": "1.8",
                                "$": "1020"
                            },
                            {
                                "D": "SE",
                                "G": "22",
                                "H": "65.3",
                                "P": "1007",
                                "S": "14",
                                "T": "8.7",
                                "V": "40000",
                                "W": "8",
                                "Pt": "F",
                                "Dp": "2.6",
                                "$": "1080"
                            },
                            {
                                "D": "SSE",
                                "G": "30",
                                "H": "61.7",
                                "P": "1007",
                                "S": "18",
                                "T": "8.9",
                                "V": "45000",
                                "W": "8",
                                "Pt": "F",
                                "Dp": "2.0",
                                "$": "1140"
                            },
                            {
                                "D": "SSE",
                                "G": "31",
                                "H": "78.3",
                                "P": "1008",
                                "S": "17",
                                "T": "7.1",
                                "V": "40000",
                                "W": "12",
                                "Pt": "R",
                                "Dp": "3.6",
                                "$": "1200"
                            },
                            {
                                "D": "SSE",
                                "G": "30",
                                "H": "78.3",
                                "P": "1008",
                                "S": "18",
                                "T": "6.9",
                                "V": "65000",
                                "W": "8",
                                "Pt": "R",
                                "Dp": "3.4",
                                "$": "1260"
                            },
                            {
                                "D": "SE",
                                "G": "26",
                                "H": "86.4",
                                "P": "1008",
                                "S": "16",
                                "T": "6.6",
                                "V": "23000",
                                "W": "12",
                                "Pt": "R",
                                "Dp": "4.5",
                                "$": "1320"
                            },
                            {
                                "D": "SE",
                                "G": "25",
                                "H": "88.2",
                                "P": "1008",
                                "S": "14",
                                "T": "6.5",
                                "V": "45000",
                                "W": "8",
                                "Pt": "S",
                                "Dp": "4.7",
                                "$": "1380"
                            }
                        ]
                    },
                    {
                        "type": "Day",
                        "value": "2024-03-05Z",
                        "Rep": [
                            {
                                "D": "SE",
                                "G": "25",
                                "H": "89.4",
                                "P": "1008",
                                "S": "11",
                                "T": "6.6",
                                "V": "35000",
                                "W": "8",
                                "Pt": "R",
                                "Dp": "5.0",
                                "$": "0"
                            },
                            {
                                "D": "SE",
                                "G": "16",
                                "H": "95.2",
                                "P": "1008",
                                "S": "9",
                                "T": "6.4",
                                "V": "30000",
                                "W": "8",
                                "Pt": "R",
                                "Dp": "5.7",
                                "$": "60"
                            },
                            {
                                "D": "SE",
                                "G": "11",
                                "H": "95.8",
                                "P": "1008",
                                "S": "8",
                                "T": "6.4",
                                "V": "29000",
                                "W": "8",
                                "Pt": "R",
                                "Dp": "5.8",
                                "$": "120"
                            },
                            {
                                "D": "ESE",
                                "G": "10",
                                "H": "95.4",
                                "P": "1008",
                                "S": "8",
                                "T": "6.5",
                                "V": "24000",
                                "W": "8",
                                "Pt": "R",
                                "Dp": "5.8",
                                "$": "180"
                            },
                            {
                                "D": "E",
                                "G": "9",
                                "H": "96.6",
                                "P": "1008",
                                "S": "6",
                                "T": "6.1",
                                "V": "22000",
                                "W": "8",
                                "Pt": "R",
                                "Dp": "5.6",
                                "$": "240"
                            },
                            {
                                "D": "NE",
                                "G": "6",
                                "H": "95.4",
                                "P": "1009",
                                "S": "3",
                                "T": "6.5",
                                "V": "25000",
                                "W": "8",
                                "Pt": "R",
                                "Dp": "5.8",
                                "$": "300"
                            },
                            {
                                "D": "NE",
                                "G": "5",
                                "H": "94.6",
                                "P": "1009",
                                "S": "3",
                                "T": "6.8",
                                "V": "22000",
                                "W": "8",
                                "Pt": "R",
                                "Dp": "6.0",
                                "$": "360"
                            },
                            {
                                "D": "ENE",
                                "G": "6",
                                "H": "93.9",
                                "P": "1010",
                                "S": "3",
                                "T": "7.0",
                                "V": "20000",
                                "W": "8",
                                "Pt": "R",
                                "Dp": "6.1",
                                "$": "420"
                            },
                            {
                                "D": "NNE",
                                "G": "6",
                                "H": "93.3",
                                "P": "1010",
                                "S": "3",
                                "T": "7.3",
                                "V": "16000",
                                "W": "8",
                                "Pt": "R",
                                "Dp": "6.3",
                                "$": "480"
                            },
                            {
                                "D": "NE",
                                "G": "7",
                                "H": "90.9",
                                "P": "1011",
                                "S": "6",
                                "T": "8.0",
                                "V": "9000",
                                "W": "8",
                                "Pt": "R",
                                "Dp": "6.6",
                                "$": "540"
                            },
                            {
                                "D": "NNE",
                                "G": "9",
                                "H": "84.8",
                                "P": "1012",
                                "S": "7",
                                "T": "8.5",
                                "V": "18000",
                                "W": "8",
                                "Pt": "R",
                                "Dp": "6.1",
                                "$": "600"
                            },
                            {
                                "D": "N",
                                "G": "9",
                                "H": "79.7",
                                "P": "1013",
                                "S": "6",
                                "T": "8.9",
                                "V": "22000",
                                "W": "8",
                                "Pt": "R",
                                "Dp": "5.6",
                                "$": "660"
                            },
                            {
                                "D": "N",
                                "G": "11",
                                "H": "75.8",
                                "P": "1013",
                                "S": "7",
                                "T": "8.9",
                                "V": "27000",
                                "W": "8",
                                "Pt": "R",
                                "Dp": "4.9",
                                "$": "720"
                            },
                            {
                                "D": "WNW",
                                "G": "14",
                                "H": "72.4",
                                "P": "1013",
                                "S": "8",
                                "T": "10.0",
                                "V": "27000",
                                "W": "8",
                                "Pt": "R",
                                "Dp": "5.3",
                                "$": "780"
                            },
                            {
                                "D": "NNW",
                                "G": "13",
                                "H": "69.8",
                                "P": "1013",
                                "S": "6",
                                "T": "10.1",
                                "V": "30000",
                                "W": "8",
                                "Pt": "R",
                                "Dp": "4.9",
                                "$": "840"
                            },
                            {
                                "D": "N",
                                "G": "13",
                                "H": "62.2",
                                "P": "1014",
                                "S": "8",
                                "T": "11.1",
                                "V": "35000",
                                "W": "7",
                                "Pt": "R",
                                "Dp": "4.2",
                                "$": "900"
                            },
                            {
                                "D": "NNW",
                                "G": "16",
                                "H": "61.1",
                                "P": "1014",
                                "S": "9",
                                "T": "10.6",
                                "V": "40000",
                                "W": "8",
                                "Pt": "R",
                                "Dp": "3.5",
                                "$": "960"
                            }
                        ]
                    }
                ]
            }
        }
    }
}