{
    "SiteRep": {
        "Wx": {
            "Param": [
                {
                    "name": "G",
                    "units": "mph",
                    "$": "Wind Gust"
                },
                {
                    "name": "T",
                    "units": "C",
                    "$": "Temperature"
                },
                {
                    "name": "V",
                    "units": "m",
                    "$": "Visibility"
                },
                {
                    "name": "D",
                    "units": "compass",
                    "$": "Wind Direction"
                },
                {
                    "name": "S",
                    "units": "mph",
                    "$": "Wind Speed"
                },
                {
                    "name": "W",
                    "units": "",
                    "$": "Weather Type"
                },
                {
                    "name": "P",
                    "units": "hpa",
                    "$": "Pressure"
                },
                {
                    "name": "Pt",
                    "units": "Pa/s",
                    "$": "Pressure Tendency"
                },
                {
                    "name": "Dp",
                    "units": "C",
                    "$": "Dew Point"
                },
                {
                    "name": "H",
                    "units": "%",
                    "$": "Screen Relative Humidity"
                }
            ]
        },
        "DV": {
            "dataDate": "2023-08-24T16:00:00Z",
            "type": "Obs",
            "Location": {
                "i": "3772",
                "lat": "51.479",
                "lon": "-0.449",
                "name": "HEATHROW",
                "country": "ENGLAND",
                "continent": "EUROPE",
                "elevation": "25.0",
                "Period": [
                    {
                        "type": "Day",
                        "value": "2023-08-23Z",
                        "Rep": [
                            {
                                "D": "SW",
                                "G": "14",
                                "H": "41.6",
                                "P": "1018",
                                "S": "6",
                                "T": "26.7",
                                "V": "65000",
                                "W": "1",
                                "Pt": "F",
                                "Dp": "12.7",
                                "$": "960"
                            },
                            {
                                "D": "S",
                                "G": "18",
                                "H": "44.3",
                                "P": "1017",
                                "S": "3",
                                "T": "26.1",
                                "V": "55000",
                                "W": "1",
                                "Pt": "F",
                                "Dp": "13.1",
                                "$": "1020"
                            },
                            {
                                "D": "SSW",
                                "G": "10",
                                "H": "45.4",
                                "P": "1016",
                                "S": "3",
                                "T": "25.8",
                                "V": "55000",
                                "W": "1",
                                "Pt": "F",
                                "Dp": "13.2",
                                "$": "1080"
                            },
                            {
                                "D": "SSW",
                                "G": "17",
                                "H": "58.4",
                                "P": "1017",
                                "S": "10",
                                "T": "24.1",
                                "V": "45000",
                                "W": "2",
                                "Pt": "F",
                                "Dp": "15.5",
                                "$": "1140"
                            },
                            {
                                "D": "SSW",
                                "G": "15",
                                "H": "63.3",
                                "P": "1017",
                                "S": "8",
                                "T": "23.1",
                                "V": "40000",
                                "W": "8",
                                "Pt": "R",
                                "Dp": "15.8",
                                "$": "1200"
                            },
                            {
                                "D": "S",
                                "G": "13",
                                "H": "66.0",
                                "P": "1017",
                                "S": "9",
                                "T": "22.1",
                                "V": "40000",
                                "W": "8",
                                "Pt": "R",
                                "Dp": "15.5",
                                "$": "1260"
                            },
                            {
                                "D": "S",
                                "G": "9",
                                "H": "68.0",
                                "P": "1016",
                                "S": "5",
                                "T": "21.2",
                                "V": "40000",
                                "W": "8",
                                "Pt": "F",
                                "Dp": "15.1",
                                "$": "1320"
                            },
                            {
                                "D": "SSE",
                                "G": "7",
                                "H": "72.8",
                                "P": "1016",
                                "S": "5",
                                "T": "20.0",
                                "V": "35000",
                                "W": "0",
                                "Pt": "F",
                                "Dp": "15.0",
                                "$": "1380"
                            }
                        ]
                    },
                    {
                        "type": "Day",
                        "value": "2023-08-24Z",
                        "Rep": [
                            {
                                "D": "WNW",
                                "G": "6",
                                "H": "75.1",
                                "P": "1016",
                                "S": "3",
                                "T": "19.7",
                                "V": "35000",
                                "W": "0",
                                "Pt": "F",
                                "Dp": "15.2",
                                "$": "0"
                            },
                            {
                                "D": "N",
                                "G": "3",
                                "H": "79.9",
                                "P": "1016",
                                "S": "0",
                                "T": "18.4",
                                "V": "35000",
                                "W": "2",
                                "Pt": "F",
                                "Dp": "14.9",
                                "$": "60"
                            },
                            {
                                "D": "SE",
                                "G": "6",
                                "H": "84.7",
                                "P": "1015",
                                "S": "2",
                                "T": "18.2",
                                "V": "30000",
                                "W": "8",
                                "Pt": "F",
                                "Dp": "15.6",
                                "$": "120"
                            },
                            {
                                "D": "N",
                                "G": "6",
                                "H": "84.6",
                                "P": "1014",
                                "S": "1",
                                "T": "18.0",
                                "V": "30000",
                                "W": "2",
                                "Pt": "F",
                                "Dp": "15.4",
                                "$": "180"
                            },
                            {
                                "D": "N",
                                "G": "5",
                                "H": "88.0",
                                "P": "1014",
                                "S": "2",
                                "T": "17.7",
                                "V": "29000",
                                "W": "8",
                                "Pt": "F",
                                "Dp": "15.7",
                                "$": "240"
                            },
                            {
                                "D": "N",
                                "G": "9",
                                "H": "88.0",
                                "P": "1013",
                                "S": "3",
                                "T": "17.8",
                                "V": "21000",
                                "W": "12",
                                "Pt": "F",
                                "Dp": "15.8",
                                "$": "300"
                            },
                            {
                                "D": "E",
                                "G": "6",
                                "H": "87.4",
                                "P": "1013",
                                "S": "1",
                                "T": "17.8",
                                "V": "26000",
                                "W": "12",
                                "Pt": "F",
                                "Dp": "15.7",
                                "$": "360"
                            },
                            {
                                "D": "N",
                                "G": "8",
                                "H": "92.6",
                                "P": "1013",
                                "S": "2",
                                "T": "17.9",
                                "V": "15000",
                                "W": "12",
                                "Pt": "F",
                                "Dp": "16.7",
                                "$": "420"
                            },
                            {
                                "D": "NW",
                                "G": "7",
                                "H": "90.9",
                                "P": "1013",
                                "S": "3",
                                "T": "18.2",
                                "V": "15000",
                                "W": "8",
                                "Pt": "F",
                                "Dp": "16.7",
                                "$": "480"
                            },
                            {
                                "D": "N",
                                "G": "6",
                                "H": "90.3",
                                "P": "1012",
                                "S": "3",
                                "T": "18.6",
                                "V": "15000",
                                "W": "12",
                                "Pt": "F",
                                "Dp": "17.0",
                                "$": "540"
                            },
                            {
                                "D": "SW",
                                "G": "9",
                                "H": "74.9",
                                "P": "1011",
                                "S": "5",
                                "T": "21.3",
                                "V": "26000",
                                "W": "8",
                                "Pt": "F",
                                "Dp": "16.7",
                                "$": "600"
                            },
                            {
                                "D": "W",
                                "G": "11",
                                "H": "57.9",
                                "P": "1012",
                                "S": "7",
                                "T": "23.2",
                                "V": "40000",
                                "W": "3",
                                "Pt": "F",
                                "Dp": "14.5",
                                "$": "660"
                            },
                            {
                                "D": "W",
                                "G": "14",
                                "H": "53.4",
                                "P": "1011",
                                "S": "7",
                                "T": "24.0",
                                "V": "40000",
                                "W": "3",
                                "Pt": "F",
                                "Dp": "14.0",
                                "$": "720"
                            },
                            {
                                "D": "WSW",
                                "G": "15",
                                "H": "50.7",
                                "P": "1011",
                                "S": "10",
                                "T": "24.1",
                                "V": "45000",
                                "W": "8",
                                "Pt": "F",
                                "Dp": "13.3",
                                "$": "780"
                            },
                            {
                                "D": "SW",
                                "G": "15",
                                "H": "51.2",
                                "P": "1010",
                                "S": "9",
                                "T": "23.5",
                                "V": "50000",
                                "W": "12",
                                "Pt": "F",
                                "Dp": "12.9",
                                "$": "840"
                            },
                            {
                                "D": "SSW",
                                "G": "14",
                                "H": "58.5",
                                "P": "1009",
                                "S": "8",
                                "T": "23.8",
                                "V": "55000",
                                "W": "12",
                                "Pt": "F",
                                "Dp": "15.2",
                                "$": "900"
                            },
                            {
                                "D": "S",
                                "G": "11",
                                "H": "59.1",
                                "P": "1009",
                                "S": "6",
                                "T": "23.1",
                                "V": "40000",
                                "W": "8",
                                "Pt": "F",
                                "Dp": "14.7",
                                "$": "960"
                            }
                        ]
                    }
                ]
            }
        }
    }
}