{
    "SiteRep": {
        "Wx": {
            "Param": [
                {
                    "name": "G",
                    "units": "mph",
                    "$": "Wind Gust"
                },
                {
                    "name": "T",
                    "units": "C",
                    "$": "Temperature"
                },
                {
                    "name": "V",
                    "units": "m",
                    "$": "Visibility"
                },
                {
                    "name": "D",
                    "units": "compass",
                    "$": "Wind Direction"
                },
                {
                    "name": "S",
                    "units": "mph",
                    "$": "Wind Speed"
                },
                {
                    "name": "W",
                    "units": "",
                    "$": "Weather Type"
                },
                {
                    "name": "P",
                    "units": "hpa",
                    "$": "Pressure"
                },
                {
                    "name": "Pt",
                    "units": "Pa/s",
                    "$": "Pressure Tendency"
                },
                {
                    "name": "Dp",
                    "units": "C",
                    "$": "Dew Point"
                },
                {
                    "name": "H",
                    "units": "%",
                    "$": "Screen Relative Humidity"
                }
            ]
        },
        "DV": {
            "dataDate": "2024-03-10T16:00:00Z",
            "type": "Obs",
            "Location": {
                "i": "3772",
                "lat": "51.479",
                "lon": "-0.449",
                "name": "HEATHROW",
                "country": "ENGLAND",
                "continent": "EUROPE",
                "elevation": "25.0",
                "Period": [
                    {
                        "type": "Day",
                        "value": "2024-03-09Z",
                        "Rep": [
                            {
                                "D": "E",
                                "G": "24",
                                "H": "67.6",
                                "P": "993",
                                "S": "15",
                                "T": "11.5",
                                "V": "20000",
                                "W": "7",
                                "Pt": "F",
                                "Dp": "5.7",
                                "$": "960"
                            },
                            {
                                "D": "E",
                                "G": "25",
                                "H": "68.1",
                                "P": "992",
                                "S": "14",
                                "T": "11.2",
                                "V": "21000",
                                "W": "8",
                                "Pt": "F",
                                "Dp": "5.5",
                                "$": "1020"
                            },
                            {
                                "D": "ENE",
                                "G": "22",
                                "H": "71.7",
                                "P": "992",
                                "S": "8",
                                "T": "10.6",
                                "V": "18000",
                                "W": "2",
                                "Pt": "F",
                                "Dp": "5.7",
                                "$": "1080"
                            },
                            {
                                "D": "ENE",
                                "G": "14",
                                "H": "74.8",
                                "P": "992",
                                "S": "8",
                                "T": "10.0",
                                "V": "14000",
                                "W": "8",
                                "Pt": "F",
                                "Dp": "5.7",
                                "$": "1140"
                            },
                            {
                                "D": "NE",
                                "G": "14",
                                "H": "78.3",
                                "P": "992",
                                "S": "8",
                                "T": "9.7",
                                "V": "12000",
                                "W": "8",
                                "Pt": "R",
                                "Dp": "6.1",
                                "$": "1200"
                            },
                            {
                                "D": "ENE",
                                "G": "13",
                                "H": "82.2",
                                "P": "992",
                                "S": "7",
                                "T": "9.6",
                                "V": "8000",
                                "W": "12",
                                "Pt": "F",
                                "Dp": "6.7",
                                "$": "1260"
                            },
                            {
                                "D": "ENE",
                                "G": "11",
                                "H": "82.7",
                                "P": "992",
                                "S": "7",
                                "T": "9.7",
                                "V": "18000",
                                "W": "8",
                                "Pt": "F",
                                "Dp": "6.9",
                                "$": "1320"
                            },
                            {
                                "D": "NE",
                                "G": "10",
                                "H": "84.4",
                                "P": "992",
                                "S": "6",
                                "T": "9.6",
                                "V": "6000",
                                "W": "12",
                                "Pt": "F",
                                "Dp": "7.1",
                                "$": "1380"
                            }
                        ]
                    },
                    {
                        "type": "Day",
                        "value": "2024-03-10Z",
                        "Rep": [
                            {
                                "D": "ENE",
                                "G": "13",
                                "H": "91.0",
                                "P": "992",
                                "S": "7",
                                "T": "9.0",
                                "V": "7000",
                                "W": "12",
                                "Pt": "F",
                                "Dp": "7.6",
                                "$": "0"
                            },
                            {
                                "D": "ENE",
                                "G": "11",
                                "H": "94.8",
                                "P": "992",
                                "S": "5",
                                "T": "8.7",
                                "V": "3100",
                                "W": "12",
                                "Pt": "S",
                                "Dp": "7.9",
                                "$": "60"
                            },
                            {
                                "D": "E",
                                "G": "8",
                                "H": "95.9",
                                "P": "992",
                                "S": "3",
                                "T": "8.4",
                                "V": "2800",
                                "W": "11",
                                "Pt": "R",
                                "Dp": "7.8",
                                "$": "120"
                            },
                            {
                                "D": "SE",
                                "G": "6",
                                "H": "97.3",
                                "P": "992",
                                "S": "5",
                                "T": "8.2",
                                "V": "3300",
                                "W": "12",
                                "Pt": "R",
                                "Dp": "7.8",
                                "$": "180"
                            },
                            {
                                "D": "SE",
                                "G": "8",
                                "H": "97.4",
                                "P": "992",
                                "S": "6",
                                "T": "8.1",
                                "V": "6000",
                                "W": "8",
                                "Pt": "R",
                                "Dp": "7.7",
                                "$": "240"
                            },
                            {
                                "D": "ESE",
                                "G": "9",
                                "H": "96.6",
                                "P": "993",
                                "S": "6",
                                "T": "7.9",
                                "V": "11000",
                                "W": "11",
                                "Pt": "R",
                                "Dp": "7.4",
                                "$": "300"
                            },
                            {
                                "D": "E",
                                "G": "9",
                                "H": "96.0",
                                "P": "993",
                                "S": "7",
                                "T": "7.9",
                                "V": "17000",
                                "W": "8",
                                "Pt": "R",
                                "Dp": "7.3",
                                "$": "360"
                            },
                            {
                                "D": "E",
                                "G": "11",
                                "H": "95.3",
                                "P": "994",
                                "S": "9",
                                "T": "8.0",
                                "V": "2300",
                                "W": "12",
                                "Pt": "R",
                                "Dp": "7.3",
                                "$": "420"
                            },
                            {
                                "D": "E",
                                "G": "11",
                                "H": "96.7",
                                "P": "994",
                                "S": "6",
                                "T": "8.1",
                                "V": "7000",
                                "W": "12",
                                "Pt": "R",
                                "Dp": "7.6",
                                "$": "480"
                            },
                            {
                                "D": "NE",
                                "G": "10",
                                "H": "96.0",
                                "P": "995",
                                "S": "5",
                                "T": "8.5",
                                "V": "13000",
                                "W": "8",
                                "Pt": "R",
                                "Dp": "7.9",
                                "$": "540"
                            },
                            {
                                "D": "E",
                                "G": "7",
                                "H": "94.1",
                                "P": "995",
                                "S": "5",
                                "T": "8.9",
                                "V": "6000",
                                "W": "12",
                                "Pt": "R",
                                "Dp": "8.0",
                                "$": "600"
                            },
                            {
                                "D": "E",
                                "G": "9",
                                "H": "91.6",
                                "P": "995",
                                "S": "3",
                                "T": "9.3",
                                "V": "12000",
                                "W": "12",
                                "Pt": "R",
                                "Dp": "8.0",
                                "$": "660"
                            },
                            {
                                "D": "E",
                                "G": "8",
                                "H": "88.0",
                                "P": "995",
                                "S": "5",
                                "T": "9.7",
                                "V": "15000",
                                "W": "12",
                                "Pt": "R",
                                "Dp": "7.8",
                                "$": "720"
                            },
                            {
                                "D": "ENE",
                                "G": "9",
                                "H": "88.5",
                                "P": "995",
                                "S": "5",
                                "T": "9.9",
                                "V": "18000",
                                "W": "12",
                                "Pt": "R",
                                "Dp": "8.1",
                                "$": "780"
                            },
                            {
                                "D": "NE",
                                "G": "9",
                                "H": "92.2",
                                "P": "995",
                                "S": "6",
                                "T": "9.4",
                                "V": "4000",
                                "W": "12",
                                "Pt": "S",
                                "Dp": "8.2",
                                "$": "840"
                            },
                            {
                                "D": "NE",
                                "G": "10",
                                "H": "94.1",
                                "P": "995",
                                "S": "5",
                                "T": "9.1",
                                "V": "3700",
                                "W": "12",
                                "Pt": "F",
                                "Dp": "8.2",
                                "$": "900"
                            },
                            {
                                "D": "N",
                                "G": "7",
                                "H": "94.1",
                                "P": "995",
                                "S": "2",
                                "T": "9.2",
                                "V": "2200",
                                "W": "12",
                                "Pt": "R",
                                "Dp": "8.3",
                                "$": "960"
                            }
                        ]
                    }
                ]
            }
        }
    }
}