{
    "SiteRep": {
        "Wx": {
            "Param": [
                {
                    "name": "G",
                    "units": "mph",
                    "$": "Wind Gust"
                },
                {
                    "name": "T",
                    "units": "C",
                    "$": "Temperature"
                },
                {
                    "name": "V",
                    "units": "m",
                    "$": "Visibility"
                },
                {
                    "name": "D",
                    "units": "compass",
                    "$": "Wind Direction"
                },
                {
                    "name": "S",
                    "units": "mph",
                    "$": "Wind Speed"
                },
                {
                    "name": "W",
                    "units": "",
                    "$": "Weather Type"
                },
                {
                    "name": "P",
                    "units": "hpa",
                    "$": "Pressure"
                },
                {
                    "name": "Pt",
                    "units": "Pa/s",
                    "$": "Pressure Tendency"
                },
                {
                    "name": "Dp",
                    "units": "C",
                    "$": "Dew Point"
                },
                {
                    "name": "H",
                    "units": "%",
                    "$": "Screen Relative Humidity"
                }
            ]
        },
        "DV": {
            "dataDate": "2023-11-07T16:00:00Z",
            "type": "Obs",
            "Location": {
                "i": "3772",
                "lat": "51.479",
                "lon": "-0.449",
                "name": "HEATHROW",
                "country": "ENGLAND",
                "continent": "EUROPE",
                "elevation": "25.0",
                "Period": [
                    {
                        "type": "Day",
                        "value": "2023-11-06Z",
                        "Rep": [
                            {
                                "D": "WSW",
                                "G": "24",
                                "H": "75.5",
                                "P": "1000",
                                "S": "13",
                                "T": "11.9",
                                "V": "35000",
                                "W": "1",
                                "Pt": "R",
                                "Dp": "7.7",
                                "$": "960"
                            },
                            {
                                "D": "SW",
                                "G": "21",
                                "H": "74.8",
                                "P": "1001",
                                "S": "14",
                                "T": "11.0",
                                "V": "35000",
                                "W": "0",
                                "Pt": "R",
                                "Dp": "6.7",
                                "$": "1020"
                            },
                            {
                                "D": "SW",
                                "G": "18",
                                "H": "78.3",
                                "P": "1002",
                                "S": "13",
                                "T": "10.1",
                                "V": "40000",
                                "W": "0",
                                "Pt": "R",
                                "Dp": "6.5",
                                "$": "1080"
                            },
                            {
                                "D": "SSW",
                                "G": "16",
                                "H": "83.2",
                                "P": "1002",
                                "S": "9",
                                "T": "9.5",
                                "V": "30000",
                                "W": "0",
                                "Pt": "R",
                                "Dp": "6.8",
                                "$": "1140"
                            },
                            {
                                "D": "SW",
                                "G": "16",
                                "H": "86.6",
                                "P": "1003",
                                "S": "10",
                                "T": "9.2",
                                "V": "29000",
                                "W": "0",
                                "Pt": "R",
                                "Dp": "7.1",
                                "$": "1200"
                            },
                            {
                                "D": "SW",
                                "G": "18",
                                "H": "85.5",
                                "P": "1003",
                                "S": "11",
                                "T": "9.2",
                                "V": "30000",
                                "W": "0",
                                "Pt": "R",
                                "Dp": "6.9",
                                "$": "1260"
                            },
                            {
                                "D": "WSW",
                                "G": "16",
                                "H": "86.6",
                                "P": "1004",
                                "S": "11",
                                "T": "8.3",
                                "V": "30000",
                                "W": "0",
                                "Pt": "R",
                                "Dp": "6.2",
                                "$": "1320"
                            },
                            {
                                "D": "SW",
                                "G": "16",
                                "H": "87.7",
                                "P": "1004",
                                "S": "8",
                                "T": "8.0",
                                "V": "30000",
                                "W": "0",
                                "Pt": "R",
                                "Dp": "6.1",
                                "$": "1380"
                            }
                        ]
                    },
                    {
                        "type": "Day",
                        "value": "2023-11-07Z",
                        "Rep": [
                            {
                                "D": "SSW",
                                "G": "10",
                                "H": "90.2",
                                "P": "1005",
                                "S": "5",
                                "T": "6.3",
                                "V": "27000",
                                "W": "0",
                                "Pt": "R",
                                "Dp": "4.8",
                                "$": "0"
                            },
                            {
                                "D": "S",
                                "G": "10",
                                "H": "93.2",
                                "P": "1005",
                                "S": "7",
                                "T": "6.4",
                                "V": "27000",
                                "W": "0",
                                "Pt": "R",
                                "Dp": "5.4",
                                "$": "60"
                            },
                            {
                                "D": "SSW",
                                "G": "13",
                                "H": "93.3",
                                "P": "1006",
                                "S": "9",
                                "T": "6.3",
                                "V": "27000",
                                "W": "0",
                                "Pt": "R",
                                "Dp": "5.3",
                                "$": "120"
                            },
                            {
                                "D": "SSW",
                                "G": "13",
                                "H": "93.9",
                                "P": "1006",
                                "S": "7",
                                "T": "6.0",
                                "V": "29000",
                                "W": "0",
                                "Pt": "R",
                                "Dp": "5.1",
                                "$": "180"
                            },
                            {
                                "D": "SSW",
                                "G": "9",
                                "H": "94.6",
                                "P": "1006",
                                "S": "7",
                                "T": "5.8",
                                "V": "30000",
                                "W": "0",
                                "Pt": "R",
                                "Dp": "5.0",
                                "$": "240"
                            },
                            {
                                "D": "SW",
                                "G": "11",
                                "H": "94.6",
                                "P": "1006",
                                "S": "7",
                                "T": "6.1",
                                "V": "30000",
                                "W": "0",
                                "Pt": "R",
                                "Dp": "5.3",
                                "$": "300"
                            },
                            {
                                "D": "S",
                                "G": "8",
                                "H": "94.7",
                                "P": "1006",
                                "S": "6",
                                "T": "6.0",
                                "V": "30000",
                                "W": "0",
                                "Pt": "R",
                                "Dp": "5.2",
                                "$": "360"
                            },
                            {
                                "D": "SW",
                                "G": "14",
                                "H": "91.9",
                                "P": "1007",
                                "S": "9",
                                "T": "6.5",
                                "V": "30000",
                                "W": "0",
                                "Pt": "R",
                                "Dp": "5.3",
                                "$": "420"
                            },
                            {
                                "D": "SSW",
                                "G": "11",
                                "H": "90.8",
                                "P": "1007",
                                "S": "6",
                                "T": "7.0",
                                "V": "35000",
                                "W": "1",
                                "Pt": "R",
                                "Dp": "5.6",
                                "$": "480"
                            },
                            {
                                "D": "SSW",
                                "G": "13",
                                "H": "86.6",
                                "P": "1007",
                                "S": "7",
                                "T": "8.8",
                                "V": "30000",
                                "W": "1",
                                "Pt": "R",
                                "Dp": "6.7",
                                "$": "540"
                            },
                            {
                                "D": "WSW",
                                "G": "21",
                                "H": "80.4",
                                "P": "1008",
                                "S": "13",
                                "T": "10.2",
                                "V": "30000",
                                "W": "1",
                                "Pt": "R",
                                "Dp": "7.0",
                                "$": "600"
                            },
                            {
                                "D": "W",
                                "G": "24",
                                "H": "74.7",
                                "P": "1008",
                                "S": "14",
                                "T": "11.6",
                                "V": "40000",
                                "W": "1",
                                "Pt": "R",
                                "Dp": "7.3",
                                "$": "660"
                            },
                            {
                                "D": "WSW",
                                "G": "23",
                                "H": "73.9",
                                "P": "1008",
                                "S": "16",
                                "T": "12.1",
                                "V": "45000",
                                "W": "3",
                                "Pt": "R",
                                "Dp": "7.6",
                                "$": "720"
                            },
                            {
                                "D": "W",
                                "G": "23",
                                "H": "71.9",
                                "P": "1008",
                                "S": "14",
                                "T": "12.1",
                                "V": "40000",
                                "W": "8",
                                "Pt": "R",
                                "Dp": "7.2",
                                "$": "780"
                            },
                            {
                                "D": "WSW",
                                "G": "21",
                                "H": "72.9",
                                "P": "1008",
                                "S": "13",
                                "T": "12.2",
                                "V": "40000",
                                "W": "8",
                                "Pt": "R",
                                "Dp": "7.5",
                                "$": "840"
                            },
                            {
                                "D": "W",
                                "G": "19",
                                "H": "70.3",
                                "P": "1008",
                                "S": "11",
                                "T": "11.9",
                                "V": "40000",
                                "W": "3",
                                "Pt": "R",
                                "Dp": "6.7",
                                "$": "900"
                            },
                            {
                                "D": "WSW",
                                "G": "19",
                                "H": "75.7",
                                "P": "1009",
                                "S": "11",
                                "T": "11.2",
                                "V": "35000",
                                "W": "1",
                                "Pt": "R",
                                "Dp": "7.1",
                                "$": "960"
                            }
                        ]
                    }
                ]
            }
        }
    }
}