{
    "SiteRep": {
        "Wx": {
            "Param": [
                {
                    "name": "G",
                    "units": "mph",
                    "$": "Wind Gust"
                },
                {
                    "name": "T",
                    "units": "C",
                    "$": "Temperature"
                },
                {
                    "name": "V",
                    "units": "m",
                    "$": "Visibility"
                },
                {
                    "name": "D",
                    "units": "compass",
                    "$": "Wind Direction"
                },
                {
                    "name": "S",
                    "units": "mph",
                    "$": "Wind Speed"
                },
                {
                    "name": "W",
                    "units": "",
                    "$": "Weather Type"
                },
                {
                    "name": "P",
                    "units": "hpa",
                    "$": "Pressure"
                },
                {
                    "name": "Pt",
                    "units": "Pa/s",
                    "$": "Pressure Tendency"
                },
                {
                    "name": "Dp",
                    "units": "C",
                    "$": "Dew Point"
                },
                {
                    "name": "H",
                    "units": "%",
                    "$": "Screen Relative Humidity"
                }
            ]
        },
        "DV": {
            "dataDate": "2024-04-13T16:00:00Z",
            "type": "Obs",
            "Location": {
                "i": "3772",
                "lat": "51.479",
                "lon": "-0.449",
                "name": "HEATHROW",
                "country": "ENGLAND",
                "continent": "EUROPE",
                "elevation": "25.0",
                "Period": [
                    {
                        "type": "Day",
                        "value": "2024-04-12Z",
                        "Rep": [
                            {
                                "D": "SSW",
                                "G": "26",
                                "H": "59.7",
                                "P": "1027",
                                "S": "17",
                                "T": "18.9",
                                "V": "60000",
                                "W": "1",
                                "Pt": "F",
                                "Dp": "11.0",
                                "$": "960"
                            },
                            {
                                "D": "SSW",
                                "G": "30",
                                "H": "61.0",
                                "P": "1026",
                                "S": "19",
                                "T": "17.7",
                                "V": "65000",
                                "W": "1",
                                "Pt": "F",
                                "Dp": "10.2",
                                "$": "1020"
                            },
                            {
                                "D": "SSW",
                                "G": "28",
                                "H": "63.2",
                                "P": "1026",
                                "S": "15",
                                "T": "16.3",
                                "V": "65000",
                                "W": "3",
                                "Pt": "F",
                                "Dp": "9.4",
                                "$": "1080"
                            },
                            {
                                "D": "SSW",
                                "G": "22",
                                "H": "66.2",
                                "P": "1027",
                                "S": "13",
                                "T": "15.5",
                                "V": "55000",
                                "W": "8",
                                "Pt": "F",
                                "Dp": "9.3",
                                "$": "1140"
                            },
                            {
                                "D": "SSW",
                                "G": "22",
                                "H": "69.7",
                                "P": "1027",
                                "S": "11",
                                "T": "14.8",
                                "V": "50000",
                                "W": "8",
                                "Pt": "R",
                                "Dp": "9.4",
                                "$": "1200"
                            },
                            {
                                "D": "SSW",
                                "G": "21",
                                "H": "75.6",
                                "P": "1027",
                                "S": "13",
                                "T": "14.5",
                                "V": "50000",
                                "W": "8",
                                "Pt": "R",
                                "Dp": "10.3",
                                "$": "1260"
                            },
                            {
                                "D": "SW",
                                "G": "19",
                                "H": "78.6",
                                "P": "1027",
                                "S": "11",
                                "T": "13.9",
                                "V": "50000",
                                "W": "8",
                                "Pt": "R",
                                "Dp": "10.3",
                                "$": "1320"
                            },
                            {
                                "D": "SSW",
                                "G": "18",
                                "H": "80.7",
                                "P": "1027",
                                "S": "13",
                                "T": "13.4",
                                "V": "55000",
                                "W": "8",
                                "Pt": "R",
                                "Dp": "10.2",
                                "$": "1380"
                            }
                        ]
                    },
                    {
                        "type": "Day",
                        "value": "2024-04-13Z",
                        "Rep": [
                            {
                                "D": "SSW",
                                "G": "22",
                                "H": "81.3",
                                "P": "1026",
                                "S": "15",
                                "T": "13.4",
                                "V": "55000",
                                "W": "8",
                                "Pt": "F",
                                "Dp": "10.3",
                                "$": "0"
                            },
                            {
                                "D": "SSW",
                                "G": "19",
                                "H": "84.0",
                                "P": "1025",
                                "S": "9",
                                "T": "13.0",
                                "V": "40000",
                                "W": "8",
                                "Pt": "F",
                                "Dp": "10.4",
                                "$": "60"
                            },
                            {
                                "D": "SSW",
                                "G": "11",
                                "H": "86.9",
                                "P": "1025",
                                "S": "6",
                                "T": "12.3",
                                "V": "45000",
                                "W": "8",
                                "Pt": "F",
                                "Dp": "10.2",
                                "$": "120"
                            },
                            {
                                "D": "SW",
                                "G": "9",
                                "H": "88.6",
                                "P": "1025",
                                "S": "3",
                                "T": "11.3",
                                "V": "35000",
                                "W": "2",
                                "Pt": "F",
                                "Dp": "9.5",
                                "$": "180"
                            },
                            {
                                "D": "SSW",
                                "G": "9",
                                "H": "92.9",
                                "P": "1024",
                                "S": "6",
                                "T": "11.5",
                                "V": "30000",
                                "W": "2",
                                "Pt": "F",
                                "Dp": "10.4",
                                "$": "240"
                            },
                            {
                                "D": "SSW",
                                "G": "11",
                                "H": "93.0",
                                "P": "1024",
                                "S": "6",
                                "T": "11.4",
                                "V": "22000",
                                "W": "7",
                                "Pt": "F",
                                "Dp": "10.3",
                                "$": "300"
                            },
                            {
                                "D": "SSW",
                                "G": "11",
                                "H": "91.6",
                                "P": "1024",
                                "S": "8",
                                "T": "12.1",
                                "V": "23000",
                                "W": "8",
                                "Pt": "F",
                                "Dp": "10.8",
                                "$": "360"
                            },
                            {
                                "D": "S",
                                "G": "11",
                                "H": "89.9",
                                "P": "1023",
                                "S": "7",
                                "T": "13.0",
                                "V": "26000",
                                "W": "8",
                                "Pt": "F",
                                "Dp": "11.4",
                                "$": "420"
                            },
                            {
                                "D": "SSW",
                                "G": "17",
                                "H": "83.6",
                                "P": "1023",
                                "S": "11",
                                "T": "14.2",
                                "V": "18000",
                                "W": "8",
                                "Pt": "F",
                                "Dp": "11.5",
                                "$": "480"
                            },
                            {
                                "D": "SSW",
                                "G": "24",
                                "H": "79.4",
                                "P": "1022",
                                "S": "15",
                                "T": "15.2",
                                "V": "35000",
                                "W": "7",
                                "Pt": "F",
                                "Dp": "11.7",
                                "$": "540"
                            },
                            {
                                "D": "SSW",
                                "G": "22",
                                "H": "73.5",
                                "P": "1022",
                                "S": "13",
                                "T": "16.4",
                                "V": "30000",
                                "W": "3",
                                "Pt": "F",
                                "Dp": "11.7",
                                "$": "600"
                            },
                            {
                                "D": "SSW",
                                "G": "22",
                                "H": "67.2",
                                "P": "1022",
                                "S": "16",
                                "T": "17.9",
                                "V": "45000",
                                "W": "1",
                                "Pt": "F",
                                "Dp": "11.8",
                                "$": "660"
                            },
                            {
                                "D": "SSW",
                                "G": "22",
                                "H": "60.7",
                                "P": "1021",
                                "S": "13",
                                "T": "19.1",
                                "V": "60000",
                                "W": "1",
                                "Pt": "F",
                                "Dp": "11.4",
                                "$": "720"
                            },
                            {
                                "D": "SSW",
                                "G": "25",
                                "H": "47.0",
                                "P": "1020",
                                "S": "16",
                                "T": "19.8",
                                "V": "65000",
                                "W": "1",
                                "Pt": "F",
                                "Dp": "8.3",
                                "$": "780"
                            },
                            {
                                "D": "SSW",
                                "G": "23",
                                "H": "46.9",
                                "P": "1020",
                                "S": "16",
                                "T": "20.5",
                                "V": "75000",
                                "W": "1",
                                "Pt": "F",
                                "Dp": "8.9",
                                "$": "840"
                            },
                            {
                                "D": "SW",
                                "G": "26",
                                "H": "43.9",
                                "P": "1019",
                                "S": "16",
                                "T": "19.8",
                                "V": "65000",
                                "W": "1",
                                "Pt": "F",
                                "Dp": "7.3",
                                "$": "900"
                            },
                            {
                                "D": "SW",
                                "G": "25",
                                "H": "51.9",
                                "P": "1019",
                                "S": "16",
                                "T": "19.1",
                                "V": "45000",
                                "W": "1",
                                "Pt": "F",
                                "Dp": "9.1",
                                "$": "960"
                            }
                        ]
                    }
                ]
            }
        }
    }
}