{
    "SiteRep": {
        "Wx": {
            "Param": [
                {
                    "name": "G",
                    "units": "mph",
                    "$": "Wind Gust"
                },
                {
                    "name": "T",
                    "units": "C",
                    "$": "Temperature"
                },
                {
                    "name": "V",
                    "units": "m",
                    "$": "Visibility"
                },
                {
                    "name": "D",
                    "units": "compass",
                    "$": "Wind Direction"
                },
                {
                    "name": "S",
                    "units": "mph",
                    "$": "Wind Speed"
                },
                {
                    "name": "W",
                    "units": "",
                    "$": "Weather Type"
                },
                {
                    "name": "P",
                    "units": "hpa",
                    "$": "Pressure"
                },
                {
                    "name": "Pt",
                    "units": "Pa/s",
                    "$": "Pressure Tendency"
                },
                {
                    "name": "Dp",
                    "units": "C",
                    "$": "Dew Point"
                },
                {
                    "name": "H",
                    "units": "%",
                    "$": "Screen Relative Humidity"
                }
            ]
        },
        "DV": {
            "dataDate": "2023-09-05T16:00:00Z",
            "type": "Obs",
            "Location": {
                "i": "3772",
                "lat": "51.479",
                "lon": "-0.449",
                "name": "HEATHROW",
                "country": "ENGLAND",
                "continent": "EUROPE",
                "elevation": "25.0",
                "Period": [
                    {
                        "type": "Day",
                        "value": "2023-09-04Z",
                        "Rep": [
                            {
                                "D": "ENE",
                                "G": "18",
                                "H": "37.2",
                                "P": "1020",
                                "S": "11",
                                "T": "28.9",
                                "V": "40000",
                                "W": "1",
                                "Pt": "F",
                                "Dp": "13.0",
                                "$": "960"
                            },
                            {
                                "D": "E",
                                "G": "19",
                                "H": "29.4",
                                "P": "1019",
                                "S": "14",
                                "T": "27.6",
                                "V": "50000",
                                "W": "1",
                                "Pt": "F",
                                "Dp": "8.4",
                                "$": "1020"
                            },
                            {
                                "D": "E",
                                "G": "21",
                                "H": "38.3",
                                "P": "1019",
                                "S": "14",
                                "T": "24.9",
                                "V": "50000",
                                "W": "1",
                                "Pt": "F",
                                "Dp": "9.9",
                                "$": "1080"
                            },
                            {
                                "D": "E",
                                "G": "18",
                                "H": "55.1",
                                "P": "1019",
                                "S": "10",
                                "T": "21.5",
                                "V": "45000",
                                "W": "0",
                                "Pt": "F",
                                "Dp": "12.2",
                                "$": "1140"
                            },
                            {
                                "D": "ENE",
                                "G": "13",
                                "H": "58.5",
                                "P": "1020",
                                "S": "8",
                                "T": "21.4",
                                "V": "40000",
                                "W": "0",
                                "Pt": "R",
                                "Dp": "13.0",
                                "$": "1200"
                            },
                            {
                                "D": "NE",
                                "G": "13",
                                "H": "57.9",
                                "P": "1020",
                                "S": "6",
                                "T": "20.5",
                                "V": "35000",
                                "W": "0",
                                "Pt": "R",
                                "Dp": "12.0",
                                "$": "1260"
                            },
                            {
                                "D": "NE",
                                "G": "11",
                                "H": "66.7",
                                "P": "1019",
                                "S": "7",
                                "T": "19.3",
                                "V": "30000",
                                "W": "0",
                                "Pt": "F",
                                "Dp": "13.0",
                                "$": "1320"
                            },
                            {
                                "D": "NE",
                                "G": "11",
                                "H": "73.8",
                                "P": "1019",
                                "S": "5",
                                "T": "18.3",
                                "V": "19000",
                                "W": "0",
                                "Pt": "F",
                                "Dp": "13.6",
                                "$": "1380"
                            }
                        ]
                    },
                    {
                        "type": "Day",
                        "value": "2023-09-05Z",
                        "Rep": [
                            {
                                "D": "NNE",
                                "G": "8",
                                "H": "80.2",
                                "P": "1019",
                                "S": "5",
                                "T": "17.2",
                                "V": "11000",
                                "W": "0",
                                "Pt": "F",
                                "Dp": "13.8",
                                "$": "0"
                            },
                            {
                                "D": "NNE",
                                "G": "9",
                                "H": "84.5",
                                "P": "1019",
                                "S": "5",
                                "T": "16.4",
                                "V": "9000",
                                "W": "0",
                                "Pt": "F",
                                "Dp": "13.8",
                                "$": "60"
                            },
                            {
                                "D": "NE",
                                "G": "9",
                                "H": "85.6",
                                "P": "1018",
                                "S": "3",
                                "T": "16.3",
                                "V": "7000",
                                "W": "5",
                                "Pt": "F",
                                "Dp": "13.9",
                                "$": "120"
                            },
                            {
                                "D": "NE",
                                "G": "8",
                                "H": "87.8",
                                "P": "1018",
                                "S": "5",
                                "T": "16.0",
                                "V": "6000",
                                "W": "5",
                                "Pt": "F",
                                "Dp": "14.0",
                                "$": "180"
                            },
                            {
                                "D": "NE",
                                "G": "8",
                                "S": "5",
                                "$": "240"
                            },
                            {
                                "D": "NE",
                                "G": "9",
                                "H": "89.6",
                                "P": "1017",
                                "S": "3",
                                "T": "16.0",
                                "V": "5000",
                                "W": "5",
                                "Pt": "F",
                                "Dp": "14.3",
                                "$": "300"
                            },
                            {
                                "D": "NE",
                                "G": "9",
                                "H": "90.2",
                                "P": "1017",
                                "S": "5",
                                "T": "16.2",
                                "V": "5000",
                                "W": "5",
                                "Pt": "F",
                                "Dp": "14.6",
                                "$": "360"
                            },
                            {
                                "D": "NE",
                                "G": "9",
                                "H": "85.2",
                                "P": "1017",
                                "S": "5",
                                "T": "18.1",
                                "V": "6000",
                                "W": "5",
                                "Pt": "F",
                                "Dp": "15.6",
                                "$": "420"
                            },
                            {
                                "D": "ENE",
                                "G": "11",
                                "H": "77.2",
                                "P": "1017",
                                "S": "7",
                                "T": "20.3",
                                "V": "9000",
                                "W": "5",
                                "Pt": "F",
                                "Dp": "16.2",
                                "$": "480"
                            },
                            {
                                "D": "ENE",
                                "G": "15",
                                "H": "67.8",
                                "P": "1017",
                                "S": "7",
                                "T": "22.6",
                                "V": "16000",
                                "W": "1",
                                "Pt": "F",
                                "Dp": "16.4",
                                "$": "540"
                            },
                            {
                                "D": "ENE",
                                "G": "13",
                                "H": "57.0",
                                "P": "1017",
                                "S": "8",
                                "T": "24.4",
                                "V": "21000",
                                "W": "1",
                                "Pt": "F",
                                "Dp": "15.4",
                                "$": "600"
                            },
                            {
                                "D": "ENE",
                                "G": "16",
                                "H": "51.2",
                                "P": "1016",
                                "S": "9",
                                "T": "26.1",
                                "V": "28000",
                                "W": "1",
                                "Pt": "F",
                                "Dp": "15.3",
                                "$": "660"
                            },
                            {
                                "D": "NE",
                                "G": "16",
                                "H": "48.2",
                                "P": "1016",
                                "S": "9",
                                "T": "28.0",
                                "V": "30000",
                                "W": "1",
                                "Pt": "F",
                                "Dp": "16.1",
                                "$": "720"
                            },
                            {
                                "D": "E",
                                "G": "19",
                                "H": "40.8",
                                "P": "1015",
                                "S": "10",
                                "T": "29.3",
                                "V": "40000",
                                "W": "1",
                                "Pt": "F",
                                "Dp": "14.7",
                                "$": "780"
                            },
                            {
                                "D": "E",
                                "G": "18",
                                "H": "38.6",
                                "P": "1015",
                                "S": "13",
                                "T": "29.9",
                                "V": "40000",
                                "W": "1",
                                "Pt": "F",
                                "Dp": "14.4",
                                "$": "840"
                            },
                            {
                                "D": "E",
                                "G": "19",
                                "H": "37.4",
                                "P": "1015",
                                "S": "11",
                                "T": "30.0",
                                "V": "45000",
                                "W": "1",
                                "Pt": "F",
                                "Dp": "14.0",
                                "$": "900"
                            },
                            {
                                "D": "ENE",
                                "G": "18",
                                "H": "36.7",
                                "P": "1015",
                                "S": "10",
                                "T": "29.3",
                                "V": "45000",
                                "W": "1",
                                "Pt": "F",
                                "Dp": "13.1",
                                "$": "960"
                            }
                        ]
                    }
                ]
            }
        }
    }
}