{
    "SiteRep": {
        "Wx": {
            "Param": [
                {
                    "name": "G",
                    "units": "mph",
                    "$": "Wind Gust"
                },
                {
                    "name": "T",
                    "units": "C",
                    "$": "Temperature"
                },
                {
                    "name": "V",
                    "units": "m",
                    "$": "Visibility"
                },
                {
                    "name": "D",
                    "units": "compass",
                    "$": "Wind Direction"
                },
                {
                    "name": "S",
                    "units": "mph",
                    "$": "Wind Speed"
                },
                {
                    "name": "W",
                    "units": "",
                    "$": "Weather Type"
                },
                {
                    "name": "P",
                    "units": "hpa",
                    "$": "Pressure"
                },
                {
                    "name": "Pt",
                    "units": "Pa/s",
                    "$": "Pressure Tendency"
                },
                {
                    "name": "Dp",
                    "units": "C",
                    "$": "Dew Point"
                },
                {
                    "name": "H",
                    "units": "%",
                    "$": "Screen Relative Humidity"
                }
            ]
        },
        "DV": {
            "dataDate": "2024-02-19T16:00:00Z",
            "type": "Obs",
            "Location": {
                "i": "3772",
                "lat": "51.479",
                "lon": "-0.449",
                "name": "HEATHROW",
                "country": "ENGLAND",
                "continent": "EUROPE",
                "elevation": "25.0",
                "Period": [
                    {
                        "type": "Day",
                        "value": "2024-02-18Z",
                        "Rep": [
                            {
                                "D": "WNW",
                                "G": "22",
                                "H": "71.5",
                                "P": "1025",
                                "S": "13",
                                "T": "14.4",
                                "V": "45000",
                                "W": "7",
                                "Pt": "R",
                                "Dp": "9.4",
                                "$": "960"
                            },
                            {
                                "D": "W",
                                "G": "18",
                                "H": "73.0",
                                "P": "1026",
                                "S": "7",
                                "T": "13.7",
                                "V": "40000",
                                "W": "0",
                                "Pt": "R",
                                "Dp": "9.0",
                                "$": "1020"
                            },
                            {
                                "D": "W",
                                "G": "10",
                                "H": "73.7",
                                "P": "1026",
                                "S": "5",
                                "T": "12.4",
                                "V": "30000",
                                "W": "0",
                                "Pt": "R",
                                "Dp": "7.9",
                                "$": "1080"
                            },
                            {
                                "D": "W",
                                "G": "13",
                                "H": "82.7",
                                "P": "1028",
                                "S": "7",
                                "T": "11.9",
                                "V": "35000",
                                "W": "0",
                                "Pt": "R",
                                "Dp": "9.1",
                                "$": "1140"
                            },
                            {
                                "D": "WSW",
                                "G": "14",
                                "H": "88.5",
                                "P": "1028",
                                "S": "10",
                                "T": "11.6",
                                "V": "27000",
                                "W": "8",
                                "Pt": "R",
                                "Dp": "9.8",
                                "$": "1200"
                            },
                            {
                                "D": "W",
                                "G": "15",
                                "H": "89.8",
                                "P": "1029",
                                "S": "9",
                                "T": "11.4",
                                "V": "24000",
                                "W": "7",
                                "Pt": "R",
                                "Dp": "9.8",
                                "$": "1260"
                            },
                            {
                                "D": "W",
                                "G": "13",
                                "H": "90.3",
                                "P": "1030",
                                "S": "7",
                                "T": "10.3",
                                "V": "25000",
                                "W": "2",
                                "Pt": "R",
                                "Dp": "8.8",
                                "$": "1320"
                            },
                            {
                                "D": "W",
                                "G": "10",
                                "H": "88.4",
                                "P": "1030",
                                "S": "7",
                                "T": "9.8",
                                "V": "22000",
                                "W": "2",
                                "Pt": "R",
                                "Dp": "8.0",
                                "$": "1380"
                            }
                        ]
                    },
                    {
                        "type": "Day",
                        "value": "2024-02-19Z",
                        "Rep": [
                            {
                                "D": "W",
                                "G": "13",
                                "H": "92.7",
                                "P": "1030",
                                "S": "7",
                                "T": "8.8",
                                "V": "22000",
                                "W": "0",
                                "Pt": "R",
                                "Dp": "7.7",
                                "$": "0"
                            },
                            {
                                "D": "W",
                                "G": "9",
                                "H": "94.0",
                                "P": "1030",
                                "S": "5",
                                "T": "8.1",
                                "V": "23000",
                                "W": "0",
                                "Pt": "R",
                                "Dp": "7.2",
                                "$": "60"
                            },
                            {
                                "D": "SSW",
                                "G": "9",
                                "H": "94.6",
                                "P": "1030",
                                "S": "6",
                                "T": "7.4",
                                "V": "18000",
                                "W": "0",
                                "Pt": "F",
                                "Dp": "6.6",
                                "$": "120"
                            },
                            {
                                "D": "SSW",
                                "G": "10",
                                "H": "96.5",
                                "P": "1030",
                                "S": "7",
                                "T": "7.1",
                                "V": "14000",
                                "W": "0",
                                "Pt": "F",
                                "Dp": "6.6",
                                "$": "180"
                            },
                            {
                                "D": "WSW",
                                "G": "14",
                                "H": "98.5",
                                "P": "1029",
                                "S": "9",
                                "T": "7.3",
                                "V": "7000",
                                "W": "5",
                                "Pt": "F",
                                "Dp": "7.1",
                                "$": "240"
                            },
                            {
                                "D": "WSW",
                                "G": "19",
                                "H": "97.9",
                                "P": "1029",
                                "S": "11",
                                "T": "8.2",
                                "V": "9000",
                                "W": "8",
                                "Pt": "F",
                                "Dp": "7.9",
                                "$": "300"
                            },
                            {
                                "D": "SW",
                                "G": "19",
                                "H": "96.6",
                                "P": "1029",
                                "S": "8",
                                "T": "8.7",
                                "V": "17000",
                                "W": "8",
                                "Pt": "F",
                                "Dp": "8.2",
                                "$": "360"
                            },
                            {
                                "D": "WSW",
                                "G": "21",
                                "H": "90.8",
                                "P": "1029",
                                "S": "13",
                                "T": "9.4",
                                "V": "25000",
                                "W": "8",
                                "Pt": "F",
                                "Dp": "8.0",
                                "$": "420"
                            },
                            {
                                "D": "SW",
                                "G": "19",
                                "H": "89.6",
                                "P": "1029",
                                "S": "10",
                                "T": "9.5",
                                "V": "26000",
                                "W": "8",
                                "Pt": "F",
                                "Dp": "7.9",
                                "$": "480"
                            },
                            {
                                "D": "SW",
                                "G": "21",
                                "H": "87.8",
                                "P": "1029",
                                "S": "10",
                                "T": "9.9",
                                "V": "20000",
                                "W": "11",
                                "Pt": "R",
                                "Dp": "8.0",
                                "$": "540"
                            },
                            {
                                "D": "WSW",
                                "G": "18",
                                "H": "87.2",
                                "P": "1028",
                                "S": "11",
                                "T": "10.5",
                                "V": "23000",
                                "W": "8",
                                "Pt": "F",
                                "Dp": "8.5",
                                "$": "600"
                            },
                            {
                                "D": "W",
                                "G": "19",
                                "H": "87.8",
                                "P": "1029",
                                "S": "14",
                                "T": "11.2",
                                "V": "35000",
                                "W": "11",
                                "Pt": "R",
                                "Dp": "9.3",
                                "$": "660"
                            },
                            {
                                "D": "W",
                                "G": "22",
                                "H": "75.7",
                                "P": "1029",
                                "S": "10",
                                "T": "12.5",
                                "V": "50000",
                                "W": "8",
                                "Pt": "R",
                                "Dp": "8.4",
                                "$": "720"
                            },
                            {
                                "D": "W",
                                "G": "19",
                                "H": "68.8",
                                "P": "1028",
                                "S": "13",
                                "T": "12.9",
                                "V": "45000",
                                "W": "8",
                                "Pt": "R",
                                "Dp": "7.4",
                                "$": "780"
                            },
                            {
                                "D": "WNW",
                                "G": "21",
                                "H": "63.3",
                                "P": "1028",
                                "S": "13",
                                "T": "13.4",
                                "V": "40000",
                                "W": "8",
                                "Pt": "F",
                                "Dp": "6.7",
                                "$": "840"
                            },
                            {
                                "D": "WNW",
                                "G": "24",
                                "H": "58.1",
                                "P": "1029",
                                "S": "10",
                                "T": "13.2",
                                "V": "29000",
                                "W": "8",
                                "Pt": "F",
                                "Dp": "5.3",
                                "$": "900"
                            },
                            {
                                "D": "WNW",
                                "G": "19",
                                "H": "57.7",
                                "P": "1029",
                                "S": "11",
                                "T": "12.9",
                                "V": "30000",
                                "W": "7",
                                "Pt": "R",
                                "Dp": "4.9",
                                "$": "960"
                            }
                        ]
                    }
                ]
            }
        }
    }
}