{
    "SiteRep": {
        "Wx": {
            "Param": [
                {
                    "name": "G",
                    "units": "mph",
                    "$": "Wind Gust"
                },
                {
                    "name": "T",
                    "units": "C",
                    "$": "Temperature"
                },
                {
                    "name": "V",
                    "units": "m",
                    "$": "Visibility"
                },
                {
                    "name": "D",
                    "units": "compass",
                    "$": "Wind Direction"
                },
                {
                    "name": "S",
                    "units": "mph",
                    "$": "Wind Speed"
                },
                {
                    "name": "W",
                    "units": "",
                    "$": "Weather Type"
                },
                {
                    "name": "P",
                    "units": "hpa",
                    "$": "Pressure"
                },
                {
                    "name": "Pt",
                    "units": "Pa/s",
                    "$": "Pressure Tendency"
                },
                {
                    "name": "Dp",
                    "units": "C",
                    "$": "Dew Point"
                },
                {
                    "name": "H",
                    "units": "%",
                    "$": "Screen Relative Humidity"
                }
            ]
        },
        "DV": {
            "dataDate": "2023-09-26T16:00:00Z",
            "type": "Obs",
            "Location": {
                "i": "3772",
                "lat": "51.479",
                "lon": "-0.449",
                "name": "HEATHROW",
                "country": "ENGLAND",
                "continent": "EUROPE",
                "elevation": "25.0",
                "Period": [
                    {
                        "type": "Day",
                        "value": "2023-09-25Z",
                        "Rep": [
                            {
                                "D": "SSW",
                                "G": "19",
                                "H": "55.7",
                                "P": "1019",
                                "S": "9",
                                "T": "21.1",
                                "V": "30000",
                                "W": "1",
                                "Pt": "F",
                                "Dp": "12.0",
                                "$": "960"
                            },
                            {
                                "D": "SSW",
                                "G": "18",
                                "H": "58.2",
                                "P": "1019",
                                "S": "13",
                                "T": "20.3",
                                "V": "26000",
                                "W": "3",
                                "Pt": "S",
                                "Dp": "11.9",
                                "$": "1020"
                            },
                            {
                                "D": "SSW",
                                "G": "18",
                                "H": "64.0",
                                "P": "1020",
                                "S": "9",
                                "T": "18.9",
                                "V": "25000",
                                "W": "2",
                                "Pt": "R",
                                "Dp": "12.0",
                                "$": "1080"
                            },
                            {
                                "D": "SSW",
                                "G": "14",
                                "H": "69.9",
                                "P": "1020",
                                "S": "10",
                                "T": "17.7",
                                "V": "23000",
                                "W": "8",
                                "Pt": "R",
                                "Dp": "12.2",
                                "$": "1140"
                            },
                            {
                                "D": "S",
                                "G": "15",
                                "H": "76.6",
                                "P": "1020",
                                "S": "8",
                                "T": "16.9",
                                "V": "20000",
                                "W": "8",
                                "Pt": "R",
                                "Dp": "12.8",
                                "$": "1200"
                            },
                            {
                                "D": "SSW",
                                "G": "16",
                                "H": "80.2",
                                "P": "1020",
                                "S": "8",
                                "T": "16.3",
                                "V": "17000",
                                "W": "8",
                                "Pt": "R",
                                "Dp": "12.9",
                                "$": "1260"
                            },
                            {
                                "D": "SSW",
                                "G": "11",
                                "H": "83.3",
                                "P": "1020",
                                "S": "6",
                                "T": "15.9",
                                "V": "16000",
                                "W": "8",
                                "Pt": "R",
                                "Dp": "13.1",
                                "$": "1320"
                            },
                            {
                                "D": "SSE",
                                "G": "10",
                                "H": "88.3",
                                "P": "1020",
                                "S": "5",
                                "T": "14.8",
                                "V": "14000",
                                "W": "8",
                                "Pt": "F",
                                "Dp": "12.9",
                                "$": "1380"
                            }
                        ]
                    },
                    {
                        "type": "Day",
                        "value": "2023-09-26Z",
                        "Rep": [
                            {
                                "D": "SE",
                                "G": "7",
                                "H": "92.3",
                                "P": "1019",
                                "S": "5",
                                "T": "13.7",
                                "V": "13000",
                                "W": "8",
                                "Pt": "F",
                                "Dp": "12.5",
                                "$": "0"
                            },
                            {
                                "D": "SE",
                                "G": "7",
                                "H": "93.5",
                                "P": "1019",
                                "S": "5",
                                "T": "12.7",
                                "V": "12000",
                                "W": "8",
                                "Pt": "F",
                                "Dp": "11.7",
                                "$": "60"
                            },
                            {
                                "D": "E",
                                "G": "7",
                                "H": "94.9",
                                "P": "1019",
                                "S": "5",
                                "T": "12.4",
                                "V": "11000",
                                "W": "7",
                                "Pt": "F",
                                "Dp": "11.6",
                                "$": "120"
                            },
                            {
                                "D": "ESE",
                                "G": "7",
                                "H": "96.1",
                                "P": "1018",
                                "S": "5",
                                "T": "12.4",
                                "V": "11000",
                                "W": "8",
                                "Pt": "F",
                                "Dp": "11.8",
                                "$": "180"
                            },
                            {
                                "D": "ENE",
                                "G": "6",
                                "H": "96.2",
                                "P": "1017",
                                "S": "2",
                                "T": "13.8",
                                "V": "15000",
                                "W": "8",
                                "Pt": "F",
                                "Dp": "13.2",
                                "$": "240"
                            },
                            {
                                "D": "E",
                                "G": "6",
                                "H": "95.6",
                                "P": "1016",
                                "S": "3",
                                "T": "14.4",
                                "V": "18000",
                                "W": "7",
                                "Pt": "F",
                                "Dp": "13.7",
                                "$": "300"
                            },
                            {
                                "D": "ESE",
                                "G": "9",
                                "H": "92.5",
                                "P": "1016",
                                "S": "6",
                                "T": "14.8",
                                "V": "22000",
                                "W": "8",
                                "Pt": "F",
                                "Dp": "13.6",
                                "$": "360"
                            },
                            {
                                "D": "SE",
                                "G": "14",
                                "H": "95.5",
                                "P": "1016",
                                "S": "8",
                                "T": "15.8",
                                "V": "13000",
                                "W": "8",
                                "Pt": "F",
                                "Dp": "15.1",
                                "$": "420"
                            },
                            {
                                "D": "SSE",
                                "G": "19",
                                "H": "92.0",
                                "P": "1016",
                                "S": "13",
                                "T": "17.9",
                                "V": "15000",
                                "W": "8",
                                "Pt": "F",
                                "Dp": "16.6",
                                "$": "480"
                            },
                            {
                                "D": "SSE",
                                "G": "19",
                                "H": "84.3",
                                "P": "1015",
                                "S": "11",
                                "T": "19.7",
                                "V": "28000",
                                "W": "8",
                                "Pt": "F",
                                "Dp": "17.0",
                                "$": "540"
                            },
                            {
                                "D": "S",
                                "G": "22",
                                "H": "76.3",
                                "P": "1015",
                                "S": "14",
                                "T": "21.0",
                                "V": "30000",
                                "W": "8",
                                "Pt": "F",
                                "Dp": "16.7",
                                "$": "600"
                            },
                            {
                                "D": "SSW",
                                "G": "25",
                                "H": "63.1",
                                "P": "1015",
                                "S": "13",
                                "T": "22.0",
                                "V": "45000",
                                "W": "8",
                                "Pt": "F",
                                "Dp": "14.7",
                                "$": "660"
                            },
                            {
                                "D": "SW",
                                "G": "25",
                                "H": "53.8",
                                "P": "1015",
                                "S": "18",
                                "T": "21.9",
                                "V": "50000",
                                "W": "8",
                                "Pt": "R",
                                "Dp": "12.2",
                                "$": "720"
                            },
                            {
                                "D": "SSW",
                                "G": "26",
                                "H": "49.7",
                                "P": "1015",
                                "S": "15",
                                "T": "23.1",
                                "V": "50000",
                                "W": "1",
                                "Pt": "F",
                                "Dp": "12.1",
                                "$": "780"
                            },
                            {
                                "D": "SW",
                                "G": "23",
                                "H": "46.7",
                                "P": "1015",
                                "S": "15",
                                "T": "22.9",
                                "V": "45000",
                                "W": "1",
                                "Pt": "R",
                                "Dp": "11.0",
                                "$": "840"
                            },
                            {
                                "D": "SSW",
                                "G": "23",
                                "H": "50.9",
                                "P": "1015",
                                "S": "16",
                                "T": "21.6",
                                "V": "40000",
                                "W": "1",
                                "Pt": "F",
                                "Dp": "11.1",
                                "$": "900"
                            },
                            {
                                "D": "SSW",
                                "G": "24",
                                "H": "60.0",
                                "P": "1016",
                                "S": "16",
                                "T": "20.8",
                                "V": "35000",
                                "W": "3",
                                "Pt": "R",
                                "Dp": "12.8",
                                "$": "960"
                            }
                        ]
                    }
                ]
            }
        }
    }
}