{
    "SiteRep": {
        "Wx": {
            "Param": [
                {
                    "name": "G",
                    "units": "mph",
                    "$": "Wind Gust"
                },
                {
                    "name": "T",
                    "units": "C",
                    "$": "Temperature"
                },
                {
                    "name": "V",
                    "units": "m",
                    "$": "Visibility"
                },
                {
                    "name": "D",
                    "units": "compass",
                    "$": "Wind Direction"
                },
                {
                    "name": "S",
                    "units": "mph",
                    "$": "Wind Speed"
                },
                {
                    "name": "W",
                    "units": "",
                    "$": "Weather Type"
                },
                {
                    "name": "P",
                    "units": "hpa",
                    "$": "Pressure"
                },
                {
                    "name": "Pt",
                    "units": "Pa/s",
                    "$": "Pressure Tendency"
                },
                {
                    "name": "Dp",
                    "units": "C",
                    "$": "Dew Point"
                },
                {
                    "name": "H",
                    "units": "%",
                    "$": "Screen Relative Humidity"
                }
            ]
        },
        "DV": {
            "dataDate": "2024-02-06T16:00:00Z",
            "type": "Obs",
            "Location": {
                "i": "3772",
                "lat": "51.479",
                "lon": "-0.449",
                "name": "HEATHROW",
                "country": "ENGLAND",
                "continent": "EUROPE",
                "elevation": "25.0",
                "Period": [
                    {
                        "type": "Day",
                        "value": "2024-02-05Z",
                        "Rep": [
                            {
                                "D": "WSW",
                                "G": "30",
                                "H": "72.0",
                                "P": "1018",
                                "S": "18",
                                "T": "11.2",
                                "V": "40000",
                                "W": "8",
                                "Pt": "F",
                                "Dp": "6.4",
                                "$": "960"
                            },
                            {
                                "D": "SW",
                                "G": "33",
                                "H": "73.0",
                                "P": "1017",
                                "S": "18",
                                "T": "11.1",
                                "V": "40000",
                                "W": "8",
                                "Pt": "F",
                                "Dp": "6.5",
                                "$": "1020"
                            },
                            {
                                "D": "SW",
                                "G": "28",
                                "H": "71.5",
                                "P": "1017",
                                "S": "18",
                                "T": "11.2",
                                "V": "30000",
                                "W": "8",
                                "Pt": "F",
                                "Dp": "6.3",
                                "$": "1080"
                            },
                            {
                                "D": "SW",
                                "G": "30",
                                "H": "73.6",
                                "P": "1017",
                                "S": "17",
                                "T": "11.1",
                                "V": "30000",
                                "W": "8",
                                "Pt": "F",
                                "Dp": "6.6",
                                "$": "1140"
                            },
                            {
                                "D": "SW",
                                "G": "25",
                                "H": "74.6",
                                "P": "1016",
                                "S": "13",
                                "T": "11.1",
                                "V": "30000",
                                "W": "8",
                                "Pt": "F",
                                "Dp": "6.8",
                                "$": "1200"
                            },
                            {
                                "D": "SW",
                                "G": "25",
                                "H": "75.6",
                                "P": "1016",
                                "S": "16",
                                "T": "11.0",
                                "V": "28000",
                                "W": "8",
                                "Pt": "F",
                                "Dp": "6.9",
                                "$": "1260"
                            },
                            {
                                "D": "SW",
                                "G": "26",
                                "H": "75.1",
                                "P": "1015",
                                "S": "17",
                                "T": "11.2",
                                "V": "27000",
                                "W": "8",
                                "Pt": "F",
                                "Dp": "7.0",
                                "$": "1320"
                            },
                            {
                                "D": "SW",
                                "G": "25",
                                "H": "77.8",
                                "P": "1015",
                                "S": "17",
                                "T": "11.2",
                                "V": "26000",
                                "W": "8",
                                "Pt": "F",
                                "Dp": "7.5",
                                "$": "1380"
                            }
                        ]
                    },
                    {
                        "type": "Day",
                        "value": "2024-02-06Z",
                        "Rep": [
                            {
                                "D": "SW",
                                "G": "33",
                                "H": "78.9",
                                "P": "1014",
                                "S": "19",
                                "T": "11.2",
                                "V": "28000",
                                "W": "8",
                                "Pt": "F",
                                "Dp": "7.7",
                                "$": "0"
                            },
                            {
                                "D": "SW",
                                "G": "30",
                                "H": "81.1",
                                "P": "1014",
                                "S": "21",
                                "T": "11.3",
                                "V": "26000",
                                "W": "8",
                                "Pt": "F",
                                "Dp": "8.2",
                                "$": "60"
                            },
                            {
                                "D": "SW",
                                "G": "28",
                                "H": "80.6",
                                "P": "1013",
                                "S": "18",
                                "T": "11.5",
                                "V": "28000",
                                "W": "8",
                                "Pt": "F",
                                "Dp": "8.3",
                                "$": "120"
                            },
                            {
                                "D": "SW",
                                "G": "28",
                                "H": "79.0",
                                "P": "1013",
                                "S": "19",
                                "T": "11.6",
                                "V": "27000",
                                "W": "8",
                                "Pt": "F",
                                "Dp": "8.1",
                                "$": "180"
                            },
                            {
                                "D": "SW",
                                "G": "29",
                                "H": "78.5",
                                "P": "1012",
                                "S": "18",
                                "T": "11.7",
                                "V": "25000",
                                "W": "8",
                                "Pt": "F",
                                "Dp": "8.1",
                                "$": "240"
                            },
                            {
                                "D": "SW",
                                "G": "38",
                                "H": "76.4",
                                "P": "1011",
                                "S": "22",
                                "T": "12.1",
                                "V": "27000",
                                "W": "8",
                                "Pt": "F",
                                "Dp": "8.1",
                                "$": "300"
                            },
                            {
                                "D": "SW",
                                "G": "32",
                                "H": "78.0",
                                "P": "1011",
                                "S": "22",
                                "T": "12.0",
                                "V": "30000",
                                "W": "8",
                                "Pt": "F",
                                "Dp": "8.3",
                                "$": "360"
                            },
                            {
                                "D": "SW",
                                "G": "34",
                                "H": "79.7",
                                "P": "1010",
                                "S": "23",
                                "T": "12.3",
                                "V": "30000",
                                "W": "8",
                                "Pt": "F",
                                "Dp": "8.9",
                                "$": "420"
                            },
                            {
                                "D": "WSW",
                                "G": "39",
                                "H": "76.9",
                                "P": "1010",
                                "S": "23",
                                "T": "12.1",
                                "V": "35000",
                                "W": "8",
                                "Pt": "F",
                                "Dp": "8.2",
                                "$": "480"
                            },
                            {
                                "D": "WSW",
                                "G": "37",
                                "H": "76.9",
                                "P": "1010",
                                "S": "21",
                                "T": "12.0",
                                "V": "40000",
                                "W": "8",
                                "Pt": "F",
                                "Dp": "8.1",
                                "$": "540"
                            },
                            {
                                "D": "WSW",
                                "G": "34",
                                "H": "72.9",
                                "P": "1010",
                                "S": "22",
                                "T": "12.5",
                                "V": "35000",
                                "W": "8",
                                "Pt": "R",
                                "Dp": "7.8",
                                "$": "600"
                            },
                            {
                                "D": "SW",
                                "G": "36",
                                "H": "70.5",
                                "P": "1010",
                                "S": "24",
                                "T": "12.9",
                                "V": "29000",
                                "W": "7",
                                "Pt": "F",
                                "Dp": "7.7",
                                "$": "660"
                            },
                            {
                                "D": "SW",
                                "G": "38",
                                "H": "69.1",
                                "P": "1010",
                                "S": "25",
                                "T": "13.4",
                                "V": "25000",
                                "W": "8",
                                "Pt": "F",
                                "Dp": "7.9",
                                "$": "720"
                            },
                            {
                                "D": "WSW",
                                "G": "37",
                                "H": "69.2",
                                "P": "1009",
                                "S": "23",
                                "T": "13.5",
                                "V": "24000",
                                "W": "8",
                                "Pt": "F",
                                "Dp": "8.0",
                                "$": "780"
                            },
                            {
                                "D": "SW",
                                "G": "37",
                                "H": "70.7",
                                "P": "1008",
                                "S": "22",
                                "T": "13.6",
                                "V": "21000",
                                "W": "8",
                                "Pt": "F",
                                "Dp": "8.4",
                                "$": "840"
                            },
                            {
                                "D": "SW",
                                "G": "38",
                                "H": "71.3",
                                "P": "1007",
                                "S": "24",
                                "T": "14.1",
                                "V": "20000",
                                "W": "8",
                                "Pt": "F",
                                "Dp": "9.0",
                                "$": "900"
                            },
                            {
                                "D": "SW",
                                "G": "34",
                                "H": "71.2",
                                "P": "1007",
                                "S": "24",
                                "T": "13.7",
                                "V": "19000",
                                "W": "8",
                                "Pt": "F",
                                "Dp": "8.6",
                                "$": "960"
                            }
                        ]
                    }
                ]
            }
        }
    }
}