{
    "SiteRep": {
        "Wx": {
            "Param": [
                {
                    "name": "G",
                    "units": "mph",
                    "$": "Wind Gust"
                },
                {
                    "name": "T",
                    "units": "C",
                    "$": "Temperature"
                },
                {
                    "name": "V",
                    "units": "m",
                    "$": "Visibility"
                },
                {
                    "name": "D",
                    "units": "compass",
                    "$": "Wind Direction"
                },
                {
                    "name": "S",
                    "units": "mph",
                    "$": "Wind Speed"
                },
                {
                    "name": "W",
                    "units": "",
                    "$": "Weather Type"
                },
                {
                    "name": "P",
                    "units": "hpa",
                    "$": "Pressure"
                },
                {
                    "name": "Pt",
                    "units": "Pa/s",
                    "$": "Pressure Tendency"
                },
                {
                    "name": "Dp",
                    "units": "C",
                    "$": "Dew Point"
                },
                {
                    "name": "H",
                    "units": "%",
                    "$": "Screen Relative Humidity"
                }
            ]
        },
        "DV": {
            "dataDate": "2023-12-26T16:00:00Z",
            "type": "Obs",
            "Location": {
                "i": "3772",
                "lat": "51.479",
                "lon": "-0.449",
                "name": "HEATHROW",
                "country": "ENGLAND",
                "continent": "EUROPE",
                "elevation": "25.0",
                "Period": [
                    {
                        "type": "Day",
                        "value": "2023-12-25Z",
                        "Rep": [
                            {
                                "D": "SW",
                                "G": "17",
                                "H": "95.5",
                                "P": "1006",
                                "S": "11",
                                "T": "11.6",
                                "V": "3500",
                                "W": "11",
                                "Pt": "F",
                                "Dp": "10.9",
                                "$": "960"
                            },
                            {
                                "D": "SSW",
                                "G": "19",
                                "H": "96.1",
                                "P": "1006",
                                "S": "13",
                                "T": "12.2",
                                "V": "35000",
                                "W": "8",
                                "Pt": "F",
                                "Dp": "11.6",
                                "$": "1020"
                            },
                            {
                                "D": "SSW",
                                "G": "24",
                                "H": "91.2",
                                "P": "1006",
                                "S": "15",
                                "T": "12.5",
                                "V": "40000",
                                "W": "8",
                                "Pt": "F",
                                "Dp": "11.1",
                                "$": "1080"
                            },
                            {
                                "D": "SW",
                                "G": "26",
                                "H": "87.6",
                                "P": "1006",
                                "S": "17",
                                "T": "12.7",
                                "V": "40000",
                                "W": "8",
                                "Pt": "F",
                                "Dp": "10.7",
                                "$": "1140"
                            },
                            {
                                "D": "WSW",
                                "G": "29",
                                "H": "94.2",
                                "P": "1006",
                                "S": "17",
                                "T": "11.4",
                                "V": "2900",
                                "W": "12",
                                "Pt": "R",
                                "Dp": "10.5",
                                "$": "1200"
                            },
                            {
                                "D": "WSW",
                                "G": "26",
                                "H": "92.9",
                                "P": "1006",
                                "S": "15",
                                "T": "10.9",
                                "V": "15000",
                                "W": "12",
                                "Pt": "R",
                                "Dp": "9.8",
                                "$": "1260"
                            },
                            {
                                "D": "WSW",
                                "G": "23",
                                "H": "91.0",
                                "P": "1007",
                                "S": "15",
                                "T": "10.9",
                                "V": "75000",
                                "W": "8",
                                "Pt": "R",
                                "Dp": "9.5",
                                "$": "1320"
                            },
                            {
                                "D": "WSW",
                                "G": "24",
                                "H": "88.0",
                                "P": "1007",
                                "S": "15",
                                "T": "10.5",
                                "V": "65000",
                                "W": "8",
                                "Pt": "R",
                                "Dp": "8.6",
                                "$": "1380"
                            }
                        ]
                    },
                    {
                        "type": "Day",
                        "value": "2023-12-26Z",
                        "Rep": [
                            {
                                "D": "WSW",
                                "G": "23",
                                "H": "89.1",
                                "P": "1008",
                                "S": "14",
                                "T": "9.8",
                                "V": "35000",
                                "W": "8",
                                "Pt": "R",
                                "Dp": "8.1",
                                "$": "0"
                            },
                            {
                                "D": "WSW",
                                "G": "21",
                                "H": "87.3",
                                "P": "1008",
                                "S": "14",
                                "T": "9.7",
                                "V": "26000",
                                "W": "8",
                                "Pt": "R",
                                "Dp": "7.7",
                                "$": "60"
                            },
                            {
                                "D": "WSW",
                                "G": "19",
                                "H": "82.5",
                                "P": "1009",
                                "S": "14",
                                "T": "8.7",
                                "V": "30000",
                                "W": "8",
                                "Pt": "R",
                                "Dp": "5.9",
                                "$": "120"
                            },
                            {
                                "D": "WSW",
                                "G": "22",
                                "H": "80.6",
                                "P": "1010",
                                "S": "15",
                                "T": "8.2",
                                "V": "30000",
                                "W": "8",
                                "Pt": "R",
                                "Dp": "5.1",
                                "$": "180"
                            },
                            {
                                "D": "WSW",
                                "G": "21",
                                "H": "85.4",
                                "P": "1010",
                                "S": "13",
                                "T": "8.1",
                                "V": "23000",
                                "W": "8",
                                "Pt": "R",
                                "Dp": "5.8",
                                "$": "240"
                            },
                            {
                                "D": "WSW",
                                "G": "21",
                                "H": "84.6",
                                "P": "1011",
                                "S": "11",
                                "T": "7.4",
                                "V": "23000",
                                "W": "0",
                                "Pt": "R",
                                "Dp": "5.0",
                                "$": "300"
                            },
                            {
                                "D": "WSW",
                                "G": "17",
                                "H": "81.1",
                                "P": "1012",
                                "S": "10",
                                "T": "7.2",
                                "V": "27000",
                                "W": "8",
                                "Pt": "R",
                                "Dp": "4.2",
                                "$": "360"
                            },
                            {
                                "D": "WSW",
                                "G": "16",
                                "H": "80.0",
                                "P": "1013",
                                "S": "10",
                                "T": "7.3",
                                "V": "26000",
                                "W": "2",
                                "Pt": "R",
                                "Dp": "4.1",
                                "$": "420"
                            },
                            {
                                "D": "WSW",
                                "G": "18",
                                "H": "82.7",
                                "P": "1014",
                                "S": "10",
                                "T": "6.6",
                                "V": "24000",
                                "W": "0",
                                "Pt": "R",
                                "Dp": "3.9",
                                "$": "480"
                            },
                            {
                                "D": "WSW",
                                "G": "15",
                                "H": "85.7",
                                "P": "1015",
                                "S": "10",
                                "T": "6.5",
                                "V": "22000",
                                "W": "1",
                                "Pt": "R",
                                "Dp": "4.3",
                                "$": "540"
                            },
                            {
                                "D": "WSW",
                                "G": "19",
                                "H": "78.8",
                                "P": "1016",
                                "S": "13",
                                "T": "8.0",
                                "V": "25000",
                                "W": "1",
                                "Pt": "R",
                                "Dp": "4.6",
                                "$": "600"
                            },
                            {
                                "D": "W",
                                "G": "17",
                                "H": "79.9",
                                "P": "1017",
                                "S": "10",
                                "T": "7.6",
                                "V": "24000",
                                "W": "1",
                                "Pt": "R",
                                "Dp": "4.4",
                                "$": "660"
                            },
                            {
                                "D": "WSW",
                                "G": "17",
                                "H": "79.9",
                                "P": "1018",
                                "S": "10",
                                "T": "7.9",
                                "V": "25000",
                                "W": "3",
                                "Pt": "R",
                                "Dp": "4.7",
                                "$": "720"
                            },
                            {
                                "D": "WSW",
                                "G": "15",
                                "H": "78.3",
                                "P": "1018",
                                "S": "9",
                                "T": "8.2",
                                "V": "27000",
                                "W": "7",
                                "Pt": "R",
                                "Dp": "4.7",
                                "$": "780"
                            },
                            {
                                "D": "WSW",
                                "G": "13",
                                "H": "74.7",
                                "P": "1018",
                                "S": "8",
                                "T": "8.5",
                                "V": "29000",
                                "W": "3",
                                "Pt": "R",
                                "Dp": "4.3",
                                "$": "840"
                            },
                            {
                                "D": "W",
                                "G": "11",
                                "H": "73.6",
                                "P": "1018",
                                "S": "5",
                                "T": "8.7",
                                "V": "28000",
                                "W": "8",
                                "Pt": "R",
                                "Dp": "4.3",
                                "$": "900"
                            },
                            {
                                "D": "WSW",
                                "G": "7",
                                "H": "78.2",
                                "P": "1018",
                                "S": "2",
                                "T": "7.4",
                                "V": "26000",
                                "W": "8",
                                "Pt": "R",
                                "Dp": "3.9",
                                "$": "960"
                            }
                        ]
                    }
                ]
            }
        }
    }
}