{
    "SiteRep": {
        "Wx": {
            "Param": [
                {
                    "name": "G",
                    "units": "mph",
                    "$": "Wind Gust"
                },
                {
                    "name": "T",
                    "units": "C",
                    "$": "Temperature"
                },
                {
                    "name": "V",
                    "units": "m",
                    "$": "Visibility"
                },
                {
                    "name": "D",
                    "units": "compass",
                    "$": "Wind Direction"
                },
                {
                    "name": "S",
                    "units": "mph",
                    "$": "Wind Speed"
                },
                {
                    "name": "W",
                    "units": "",
                    "$": "Weather Type"
                },
                {
                    "name": "P",
                    "units": "hpa",
                    "$": "Pressure"
                },
                {
                    "name": "Pt",
                    "units": "Pa/s",
                    "$": "Pressure Tendency"
                },
                {
                    "name": "Dp",
                    "units": "C",
                    "$": "Dew Point"
                },
                {
                    "name": "H",
                    "units": "%",
                    "$": "Screen Relative Humidity"
                }
            ]
        },
        "DV": {
            "dataDate": "2023-11-12T16:00:00Z",
            "type": "Obs",
            "Location": {
                "i": "3772",
                "lat": "51.479",
                "lon": "-0.449",
                "name": "HEATHROW",
                "country": "ENGLAND",
                "continent": "EUROPE",
                "elevation": "25.0",
                "Period": [
                    {
                        "type": "Day",
                        "value": "2023-11-11Z",
                        "Rep": [
                            {
                                "D": "W",
                                "G": "7",
                                "H": "68.9",
                                "P": "1007",
                                "S": "3",
                                "T": "9.7",
                                "V": "50000",
                                "W": "7",
                                "Pt": "F",
                                "Dp": "4.3",
                                "$": "960"
                            },
                            {
                                "D": "WSW",
                                "G": "8",
                                "H": "70.5",
                                "P": "1007",
                                "S": "3",
                                "T": "8.0",
                                "V": "55000",
                                "W": "2",
                                "Pt": "F",
                                "Dp": "3.0",
                                "$": "1020"
                            },
                            {
                                "D": "ENE",
                                "G": "5",
                                "H": "82.3",
                                "P": "1007",
                                "S": "1",
                                "T": "6.6",
                                "V": "21000",
                                "W": "0",
                                "Pt": "F",
                                "Dp": "3.8",
                                "$": "1080"
                            },
                            {
                                "D": "E",
                                "G": "7",
                                "H": "87.1",
                                "P": "1006",
                                "S": "5",
                                "T": "6.0",
                                "V": "14000",
                                "W": "0",
                                "Pt": "F",
                                "Dp": "4.0",
                                "$": "1140"
                            },
                            {
                                "D": "E",
                                "G": "6",
                                "H": "88.0",
                                "P": "1006",
                                "S": "3",
                                "T": "4.2",
                                "V": "4900",
                                "W": "5",
                                "Pt": "F",
                                "Dp": "2.4",
                                "$": "1200"
                            },
                            {
                                "D": "N",
                                "G": "7",
                                "H": "93.8",
                                "P": "1006",
                                "S": "0",
                                "T": "4.1",
                                "V": "10000",
                                "W": "5",
                                "Pt": "F",
                                "Dp": "3.2",
                                "$": "1260"
                            },
                            {
                                "D": "NE",
                                "G": "5",
                                "H": "95.1",
                                "P": "1005",
                                "S": "3",
                                "T": "4.5",
                                "V": "5000",
                                "W": "5",
                                "Pt": "F",
                                "Dp": "3.8",
                                "$": "1320"
                            },
                            {
                                "D": "NE",
                                "G": "7",
                                "H": "95.8",
                                "P": "1004",
                                "S": "5",
                                "T": "4.0",
                                "V": "4100",
                                "W": "5",
                                "Pt": "F",
                                "Dp": "3.4",
                                "$": "1380"
                            }
                        ]
                    },
                    {
                        "type": "Day",
                        "value": "2023-11-12Z",
                        "Rep": [
                            {
                                "D": "NE",
                                "G": "10",
                                "H": "95.2",
                                "P": "1003",
                                "S": "6",
                                "T": "4.4",
                                "V": "8000",
                                "W": "5",
                                "Pt": "F",
                                "Dp": "3.7",
                                "$": "0"
                            },
                            {
                                "D": "NE",
                                "G": "10",
                                "H": "92.6",
                                "P": "1003",
                                "S": "7",
                                "T": "4.9",
                                "V": "10000",
                                "W": "0",
                                "Pt": "F",
                                "Dp": "3.8",
                                "$": "60"
                            },
                            {
                                "D": "ENE",
                                "G": "11",
                                "H": "93.3",
                                "P": "1003",
                                "S": "6",
                                "T": "4.8",
                                "V": "7000",
                                "W": "5",
                                "Pt": "F",
                                "Dp": "3.8",
                                "$": "120"
                            },
                            {
                                "D": "ENE",
                                "G": "11",
                                "H": "91.9",
                                "P": "1002",
                                "S": "6",
                                "T": "5.2",
                                "V": "9000",
                                "W": "8",
                                "Pt": "F",
                                "Dp": "4.0",
                                "$": "180"
                            },
                            {
                                "D": "N",
                                "G": "9",
                                "H": "93.3",
                                "P": "1002",
                                "S": "0",
                                "T": "5.4",
                                "V": "12000",
                                "W": "8",
                                "Pt": "F",
                                "Dp": "4.4",
                                "$": "240"
                            },
                            {
                                "D": "NNW",
                                "G": "7",
                                "H": "94.5",
                                "P": "1002",
                                "S": "3",
                                "T": "5.7",
                                "V": "9000",
                                "W": "8",
                                "Pt": "F",
                                "Dp": "4.9",
                                "$": "300"
                            },
                            {
                                "D": "NNE",
                                "G": "6",
                                "H": "96.0",
                                "P": "1002",
                                "S": "3",
                                "T": "5.7",
                                "V": "10000",
                                "W": "8",
                                "Pt": "F",
                                "Dp": "5.1",
                                "$": "360"
                            },
                            {
                                "D": "ENE",
                                "G": "6",
                                "H": "95.9",
                                "P": "1002",
                                "S": "2",
                                "T": "5.9",
                                "V": "11000",
                                "W": "8",
                                "Pt": "F",
                                "Dp": "5.3",
                                "$": "420"
                            },
                            {
                                "D": "NE",
                                "G": "6",
                                "H": "96.6",
                                "P": "1003",
                                "S": "3",
                                "T": "6.4",
                                "V": "12000",
                                "W": "8",
                                "Pt": "R",
                                "Dp": "5.9",
                                "$": "480"
                            },
                            {
                                "D": "ENE",
                                "G": "6",
                                "H": "95.9",
                                "P": "1003",
                                "S": "3",
                                "T": "7.0",
                                "V": "11000",
                                "W": "8",
                                "Pt": "R",
                                "Dp": "6.4",
                                "$": "540"
                            },
                            {
                                "D": "NE",
                                "G": "6",
                                "H": "94.6",
                                "P": "1004",
                                "S": "2",
                                "T": "7.6",
                                "V": "8000",
                                "W": "12",
                                "Pt": "R",
                                "Dp": "6.8",
                                "$": "600"
                            },
                            {
                                "D": "NE",
                                "G": "7",
                                "H": "94.0",
                                "P": "1004",
                                "S": "3",
                                "T": "8.4",
                                "V": "11000",
                                "W": "12",
                                "Pt": "R",
                                "Dp": "7.5",
                                "$": "660"
                            },
                            {
                                "D": "E",
                                "G": "8",
                                "H": "90.3",
                                "P": "1004",
                                "S": "5",
                                "T": "9.3",
                                "V": "17000",
                                "W": "8",
                                "Pt": "R",
                                "Dp": "7.8",
                                "$": "720"
                            },
                            {
                                "D": "ESE",
                                "G": "13",
                                "H": "88.5",
                                "P": "1003",
                                "S": "8",
                                "T": "9.5",
                                "V": "29000",
                                "W": "8",
                                "Pt": "F",
                                "Dp": "7.7",
                                "$": "780"
                            },
                            {
                                "D": "SE",
                                "G": "14",
                                "H": "85.5",
                                "P": "1004",
                                "S": "10",
                                "T": "9.7",
                                "V": "40000",
                                "W": "8",
                                "Pt": "F",
                                "Dp": "7.4",
                                "$": "840"
                            },
                            {
                                "D": "SE",
                                "G": "17",
                                "H": "88.5",
                                "P": "1003",
                                "S": "11",
                                "T": "9.3",
                                "V": "13000",
                                "W": "12",
                                "Pt": "F",
                                "Dp": "7.5",
                                "$": "900"
                            },
                            {
                                "D": "SE",
                                "G": "15",
                                "H": "89.7",
                                "P": "1003",
                                "S": "10",
                                "T": "9.4",
                                "V": "29000",
                                "W": "12",
                                "Pt": "F",
                                "Dp": "7.8",
                                "$": "960"
                            }
                        ]
                    }
                ]
            }
        }
    }
}