{
    "SiteRep": {
        "Wx": {
            "Param": [
                {
                    "name": "G",
                    "units": "mph",
                    "$": "Wind Gust"
                },
                {
                    "name": "T",
                    "units": "C",
                    "$": "Temperature"
                },
                {
                    "name": "V",
                    "units": "m",
                    "$": "Visibility"
                },
                {
                    "name": "D",
                    "units": "compass",
                    "$": "Wind Direction"
                },
                {
                    "name": "S",
                    "units": "mph",
                    "$": "Wind Speed"
                },
                {
                    "name": "W",
                    "units": "",
                    "$": "Weather Type"
                },
                {
                    "name": "P",
                    "units": "hpa",
                    "$": "Pressure"
                },
                {
                    "name": "Pt",
                    "units": "Pa/s",
                    "$": "Pressure Tendency"
                },
                {
                    "name": "Dp",
                    "units": "C",
                    "$": "Dew Point"
                },
                {
                    "name": "H",
                    "units": "%",
                    "$": "Screen Relative Humidity"
                }
            ]
        },
        "DV": {
            "dataDate": "2023-12-21T16:00:00Z",
            "type": "Obs",
            "Location": {
                "i": "3772",
                "lat": "51.479",
                "lon": "-0.449",
                "name": "HEATHROW",
                "country": "ENGLAND",
                "continent": "EUROPE",
                "elevation": "25.0",
                "Period": [
                    {
                        "type": "Day",
                        "value": "2023-12-20Z",
                        "Rep": [
                            {
                                "D": "WSW",
                                "G": "29",
                                "H": "79.3",
                                "P": "1015",
                                "S": "19",
                                "T": "10.7",
                                "V": "50000",
                                "W": "8",
                                "Pt": "F",
                                "Dp": "7.3",
                                "$": "960"
                            },
                            {
                                "D": "W",
                                "G": "29",
                                "H": "81.6",
                                "P": "1015",
                                "S": "15",
                                "T": "10.5",
                                "V": "50000",
                                "W": "8",
                                "Pt": "F",
                                "Dp": "7.5",
                                "$": "1020"
                            },
                            {
                                "D": "WSW",
                                "G": "28",
                                "H": "82.1",
                                "P": "1015",
                                "S": "17",
                                "T": "10.4",
                                "V": "40000",
                                "W": "8",
                                "Pt": "F",
                                "Dp": "7.5",
                                "$": "1080"
                            },
                            {
                                "D": "W",
                                "G": "30",
                                "H": "83.2",
                                "P": "1015",
                                "S": "19",
                                "T": "10.3",
                                "V": "28000",
                                "W": "8",
                                "Pt": "F",
                                "Dp": "7.6",
                                "$": "1140"
                            },
                            {
                                "D": "WSW",
                                "G": "28",
                                "H": "84.2",
                                "P": "1014",
                                "S": "17",
                                "T": "10.1",
                                "V": "20000",
                                "W": "8",
                                "Pt": "F",
                                "Dp": "7.6",
                                "$": "1200"
                            },
                            {
                                "D": "W",
                                "G": "28",
                                "H": "83.8",
                                "P": "1014",
                                "S": "19",
                                "T": "10.3",
                                "V": "20000",
                                "W": "8",
                                "Pt": "F",
                                "Dp": "7.7",
                                "$": "1260"
                            },
                            {
                                "D": "W",
                                "G": "31",
                                "H": "81.6",
                                "P": "1013",
                                "S": "19",
                                "T": "10.8",
                                "V": "30000",
                                "W": "8",
                                "Pt": "F",
                                "Dp": "7.8",
                                "$": "1320"
                            },
                            {
                                "D": "W",
                                "G": "26",
                                "H": "83.7",
                                "P": "1012",
                                "S": "16",
                                "T": "10.6",
                                "V": "35000",
                                "W": "8",
                                "Pt": "F",
                                "Dp": "8.0",
                                "$": "1380"
                            }
                        ]
                    },
                    {
                        "type": "Day",
                        "value": "2023-12-21Z",
                        "Rep": [
                            {
                                "D": "W",
                                "G": "25",
                                "H": "85.5",
                                "P": "1012",
                                "S": "14",
                                "T": "10.6",
                                "V": "45000",
                                "W": "8",
                                "Pt": "F",
                                "Dp": "8.3",
                                "$": "0"
                            },
                            {
                                "D": "WSW",
                                "G": "24",
                                "H": "86.2",
                                "P": "1010",
                                "S": "17",
                                "T": "10.7",
                                "V": "45000",
                                "W": "8",
                                "Pt": "F",
                                "Dp": "8.5",
                                "$": "60"
                            },
                            {
                                "D": "WSW",
                                "G": "25",
                                "H": "84.5",
                                "P": "1010",
                                "S": "15",
                                "T": "11.1",
                                "V": "55000",
                                "W": "8",
                                "Pt": "F",
                                "Dp": "8.6",
                                "$": "120"
                            },
                            {
                                "D": "WSW",
                                "G": "25",
                                "H": "81.7",
                                "P": "1009",
                                "S": "14",
                                "T": "11.2",
                                "V": "75000",
                                "W": "8",
                                "Pt": "F",
                                "Dp": "8.2",
                                "$": "180"
                            },
                            {
                                "D": "W",
                                "G": "25",
                                "H": "79.1",
                                "P": "1008",
                                "S": "17",
                                "T": "11.5",
                                "V": "65000",
                                "W": "8",
                                "Pt": "F",
                                "Dp": "8.0",
                                "$": "240"
                            },
                            {
                                "D": "W",
                                "G": "29",
                                "H": "82.3",
                                "P": "1007",
                                "S": "18",
                                "T": "11.3",
                                "V": "60000",
                                "W": "0",
                                "Pt": "F",
                                "Dp": "8.4",
                                "$": "300"
                            },
                            {
                                "D": "W",
                                "G": "32",
                                "H": "83.3",
                                "P": "1007",
                                "S": "22",
                                "T": "11.2",
                                "V": "65000",
                                "W": "0",
                                "Pt": "F",
                                "Dp": "8.5",
                                "$": "360"
                            },
                            {
                                "D": "WSW",
                                "G": "30",
                                "H": "82.3",
                                "P": "1006",
                                "S": "21",
                                "T": "11.7",
                                "V": "55000",
                                "W": "8",
                                "Pt": "F",
                                "Dp": "8.8",
                                "$": "420"
                            },
                            {
                                "D": "WSW",
                                "G": "34",
                                "H": "83.5",
                                "P": "1006",
                                "S": "19",
                                "T": "12.2",
                                "V": "20000",
                                "W": "11",
                                "Pt": "F",
                                "Dp": "9.5",
                                "$": "480"
                            },
                            {
                                "D": "WSW",
                                "G": "29",
                                "H": "90.5",
                                "P": "1006",
                                "S": "19",
                                "T": "11.5",
                                "V": "21000",
                                "W": "11",
                                "Pt": "F",
                                "Dp": "10.0",
                                "$": "540"
                            },
                            {
                                "D": "WSW",
                                "G": "33",
                                "H": "88.1",
                                "P": "1006",
                                "S": "24",
                                "T": "11.8",
                                "V": "5000",
                                "W": "12",
                                "Pt": "F",
                                "Dp": "9.9",
                                "$": "600"
                            },
                            {
                                "D": "W",
                                "G": "26",
                                "H": "80.3",
                                "P": "1006",
                                "S": "17",
                                "T": "12.6",
                                "V": "75000",
                                "W": "8",
                                "Pt": "R",
                                "Dp": "9.3",
                                "$": "660"
                            },
                            {
                                "D": "W",
                                "G": "38",
                                "H": "66.1",
                                "P": "1006",
                                "S": "21",
                                "T": "13.9",
                                "V": "65000",
                                "W": "8",
                                "Pt": "R",
                                "Dp": "7.7",
                                "$": "720"
                            },
                            {
                                "D": "W",
                                "G": "38",
                                "H": "66.1",
                                "P": "1006",
                                "S": "21",
                                "T": "13.7",
                                "V": "55000",
                                "W": "12",
                                "Pt": "F",
                                "Dp": "7.5",
                                "$": "780"
                            },
                            {
                                "D": "WNW",
                                "G": "37",
                                "H": "56.4",
                                "P": "1006",
                                "S": "22",
                                "T": "14.0",
                                "V": "45000",
                                "W": "8",
                                "Pt": "R",
                                "Dp": "5.5",
                                "$": "840"
                            },
                            {
                                "D": "W",
                                "G": "34",
                                "H": "68.2",
                                "P": "1007",
                                "S": "19",
                                "T": "13.0",
                                "V": "55000",
                                "W": "8",
                                "Pt": "R",
                                "Dp": "7.3",
                                "$": "900"
                            },
                            {
                                "D": "WNW",
                                "G": "39",
                                "H": "58.5",
                                "P": "1007",
                                "S": "19",
                                "T": "13.0",
                                "V": "40000",
                                "W": "8",
                                "Pt": "R",
                                "Dp": "5.1",
                                "$": "960"
                            }
                        ]
                    }
                ]
            }
        }
    }
}