{
    "SiteRep": {
        "Wx": {
            "Param": [
                {
                    "name": "G",
                    "units": "mph",
                    "$": "Wind Gust"
                },
                {
                    "name": "T",
                    "units": "C",
                    "$": "Temperature"
                },
                {
                    "name": "V",
                    "units": "m",
                    "$": "Visibility"
                },
                {
                    "name": "D",
                    "units": "compass",
                    "$": "Wind Direction"
                },
                {
                    "name": "S",
                    "units": "mph",
                    "$": "Wind Speed"
                },
                {
                    "name": "W",
                    "units": "",
                    "$": "Weather Type"
                },
                {
                    "name": "P",
                    "units": "hpa",
                    "$": "Pressure"
                },
                {
                    "name": "Pt",
                    "units": "Pa/s",
                    "$": "Pressure Tendency"
                },
                {
                    "name": "Dp",
                    "units": "C",
                    "$": "Dew Point"
                },
                {
                    "name": "H",
                    "units": "%",
                    "$": "Screen Relative Humidity"
                }
            ]
        },
        "DV": {
            "dataDate": "2023-10-11T16:00:00Z",
            "type": "Obs",
            "Location": {
                "i": "3772",
                "lat": "51.479",
                "lon": "-0.449",
                "name": "HEATHROW",
                "country": "ENGLAND",
                "continent": "EUROPE",
                "elevation": "25.0",
                "Period": [
                    {
                        "type": "Day",
                        "value": "2023-10-10Z",
                        "Rep": [
                            {
                                "D": "WSW",
                                "G": "18",
                                "H": "66.2",
                                "P": "1015",
                                "S": "11",
                                "T": "20.7",
                                "V": "30000",
                                "W": "3",
                                "Pt": "F",
                                "Dp": "14.2",
                                "$": "960"
                            },
                            {
                                "D": "WSW",
                                "G": "17",
                                "H": "71.7",
                                "P": "1015",
                                "S": "11",
                                "T": "19.2",
                                "V": "30000",
                                "W": "8",
                                "Pt": "F",
                                "Dp": "14.0",
                                "$": "1020"
                            },
                            {
                                "D": "SSW",
                                "G": "18",
                                "H": "79.8",
                                "P": "1015",
                                "S": "11",
                                "T": "17.9",
                                "V": "24000",
                                "W": "8",
                                "Pt": "F",
                                "Dp": "14.4",
                                "$": "1080"
                            },
                            {
                                "D": "SSW",
                                "G": "19",
                                "H": "85.2",
                                "P": "1015",
                                "S": "13",
                                "T": "16.9",
                                "V": "17000",
                                "W": "8",
                                "Pt": "R",
                                "Dp": "14.4",
                                "$": "1140"
                            },
                            {
                                "D": "SW",
                                "G": "19",
                                "H": "87.8",
                                "P": "1015",
                                "S": "13",
                                "T": "16.0",
                                "V": "9000",
                                "W": "8",
                                "Pt": "S",
                                "Dp": "14.0",
                                "$": "1200"
                            },
                            {
                                "D": "SW",
                                "G": "19",
                                "H": "90.1",
                                "P": "1015",
                                "S": "11",
                                "T": "15.5",
                                "V": "8000",
                                "W": "5",
                                "Pt": "F",
                                "Dp": "13.9",
                                "$": "1260"
                            },
                            {
                                "D": "SW",
                                "G": "16",
                                "H": "90.1",
                                "P": "1015",
                                "S": "10",
                                "T": "15.2",
                                "V": "8000",
                                "W": "5",
                                "Pt": "F",
                                "Dp": "13.6",
                                "$": "1320"
                            },
                            {
                                "D": "SSW",
                                "G": "15",
                                "H": "91.2",
                                "P": "1015",
                                "S": "7",
                                "T": "14.7",
                                "V": "9000",
                                "W": "0",
                                "Pt": "F",
                                "Dp": "13.3",
                                "$": "1380"
                            }
                        ]
                    },
                    {
                        "type": "Day",
                        "value": "2023-10-11Z",
                        "Rep": [
                            {
                                "D": "SSW",
                                "G": "10",
                                "H": "92.4",
                                "P": "1014",
                                "S": "6",
                                "T": "14.5",
                                "V": "9000",
                                "W": "8",
                                "Pt": "F",
                                "Dp": "13.3",
                                "$": "0"
                            },
                            {
                                "D": "SSW",
                                "G": "10",
                                "H": "91.9",
                                "P": "1014",
                                "S": "7",
                                "T": "14.8",
                                "V": "10000",
                                "W": "8",
                                "Pt": "F",
                                "Dp": "13.5",
                                "$": "60"
                            },
                            {
                                "D": "SSW",
                                "G": "15",
                                "H": "89.5",
                                "P": "1014",
                                "S": "9",
                                "T": "15.1",
                                "V": "12000",
                                "W": "8",
                                "Pt": "F",
                                "Dp": "13.4",
                                "$": "120"
                            },
                            {
                                "D": "SSW",
                                "G": "16",
                                "H": "90.2",
                                "P": "1013",
                                "S": "9",
                                "T": "15.4",
                                "V": "13000",
                                "W": "8",
                                "Pt": "F",
                                "Dp": "13.8",
                                "$": "180"
                            },
                            {
                                "D": "SSW",
                                "G": "17",
                                "H": "89.6",
                                "P": "1013",
                                "S": "11",
                                "T": "15.9",
                                "V": "15000",
                                "W": "8",
                                "Pt": "F",
                                "Dp": "14.2",
                                "$": "240"
                            },
                            {
                                "D": "SW",
                                "G": "16",
                                "H": "89.6",
                                "P": "1013",
                                "S": "8",
                                "T": "16.3",
                                "V": "19000",
                                "W": "8",
                                "Pt": "F",
                                "Dp": "14.6",
                                "$": "300"
                            },
                            {
                                "D": "SSW",
                                "G": "17",
                                "H": "87.4",
                                "P": "1013",
                                "S": "11",
                                "T": "17.0",
                                "V": "22000",
                                "W": "8",
                                "Pt": "F",
                                "Dp": "14.9",
                                "$": "360"
                            },
                            {
                                "D": "SSW",
                                "G": "16",
                                "H": "86.8",
                                "P": "1013",
                                "S": "9",
                                "T": "17.4",
                                "V": "22000",
                                "W": "8",
                                "Pt": "R",
                                "Dp": "15.2",
                                "$": "420"
                            },
                            {
                                "D": "SW",
                                "G": "15",
                                "H": "86.3",
                                "P": "1013",
                                "S": "10",
                                "T": "18.0",
                                "V": "23000",
                                "W": "8",
                                "Pt": "R",
                                "Dp": "15.7",
                                "$": "480"
                            },
                            {
                                "D": "SSW",
                                "G": "21",
                                "H": "83.1",
                                "P": "1013",
                                "S": "13",
                                "T": "18.8",
                                "V": "27000",
                                "W": "8",
                                "Pt": "R",
                                "Dp": "15.9",
                                "$": "540"
                            },
                            {
                                "D": "SSW",
                                "G": "21",
                                "H": "82.1",
                                "P": "1013",
                                "S": "14",
                                "T": "18.9",
                                "V": "26000",
                                "W": "8",
                                "Pt": "F",
                                "Dp": "15.8",
                                "$": "600"
                            },
                            {
                                "D": "SSW",
                                "G": "22",
                                "H": "82.1",
                                "P": "1013",
                                "S": "11",
                                "T": "18.6",
                                "V": "19000",
                                "W": "8",
                                "Pt": "F",
                                "Dp": "15.5",
                                "$": "660"
                            },
                            {
                                "D": "SSW",
                                "G": "22",
                                "H": "77.6",
                                "P": "1012",
                                "S": "16",
                                "T": "19.3",
                                "V": "13000",
                                "W": "3",
                                "Pt": "F",
                                "Dp": "15.3",
                                "$": "720"
                            },
                            {
                                "D": "SSW",
                                "G": "22",
                                "H": "72.7",
                                "P": "1011",
                                "S": "14",
                                "T": "19.7",
                                "V": "16000",
                                "W": "8",
                                "Pt": "F",
                                "Dp": "14.7",
                                "$": "780"
                            },
                            {
                                "D": "SSW",
                                "G": "23",
                                "H": "73.1",
                                "P": "1011",
                                "S": "15",
                                "T": "18.9",
                                "V": "19000",
                                "W": "8",
                                "Pt": "F",
                                "Dp": "14.0",
                                "$": "840"
                            },
                            {
                                "D": "SSW",
                                "G": "25",
                                "H": "74.0",
                                "P": "1011",
                                "S": "16",
                                "T": "18.4",
                                "V": "23000",
                                "W": "8",
                                "Pt": "F",
                                "Dp": "13.7",
                                "$": "900"
                            },
                            {
                                "D": "SW",
                                "G": "23",
                                "H": "79.3",
                                "P": "1011",
                                "S": "13",
                                "T": "17.7",
                                "V": "20000",
                                "W": "8",
                                "Pt": "F",
                                "Dp": "14.1",
                                "$": "960"
                            }
                        ]
                    }
                ]
            }
        }
    }
}