{
    "SiteRep": {
        "Wx": {
            "Param": [
                {
                    "name": "G",
                    "units": "mph",
                    "$": "Wind Gust"
                },
                {
                    "name": "T",
                    "units": "C",
                    "$": "Temperature"
                },
                {
                    "name": "V",
                    "units": "m",
                    "$": "Visibility"
                },
                {
                    "name": "D",
                    "units": "compass",
                    "$": "Wind Direction"
                },
                {
                    "name": "S",
                    "units": "mph",
                    "$": "Wind Speed"
                },
                {
                    "name": "W",
                    "units": "",
                    "$": "Weather Type"
                },
                {
                    "name": "P",
                    "units": "hpa",
                    "$": "Pressure"
                },
                {
                    "name": "Pt",
                    "units": "Pa/s",
                    "$": "Pressure Tendency"
                },
                {
                    "name": "Dp",
                    "units": "C",
                    "$": "Dew Point"
                },
                {
                    "name": "H",
                    "units": "%",
                    "$": "Screen Relative Humidity"
                }
            ]
        },
        "DV": {
            "dataDate": "2023-08-21T16:00:00Z",
            "type": "Obs",
            "Location": {
                "i": "3772",
                "lat": "51.479",
                "lon": "-0.449",
                "name": "HEATHROW",
                "country": "ENGLAND",
                "continent": "EUROPE",
                "elevation": "25.0",
                "Period": [
                    {
                        "type": "Day",
                        "value": "2023-08-20Z",
                        "Rep": [
                            {
                                "D": "SSW",
                                "G": "22",
                                "H": "50.5",
                                "P": "1021",
                                "S": "11",
                                "T": "25.0",
                                "V": "45000",
                                "W": "3",
                                "Pt": "F",
                                "Dp": "14.1",
                                "$": "960"
                            },
                            {
                                "D": "SW",
                                "G": "22",
                                "H": "53.5",
                                "P": "1021",
                                "S": "14",
                                "T": "23.5",
                                "V": "55000",
                                "W": "3",
                                "Pt": "F",
                                "Dp": "13.6",
                                "$": "1020"
                            },
                            {
                                "D": "SW",
                                "G": "19",
                                "H": "57.6",
                                "P": "1021",
                                "S": "11",
                                "T": "22.3",
                                "V": "50000",
                                "W": "1",
                                "Pt": "S",
                                "Dp": "13.6",
                                "$": "1080"
                            },
                            {
                                "D": "SW",
                                "G": "17",
                                "H": "62.9",
                                "P": "1022",
                                "S": "10",
                                "T": "21.7",
                                "V": "45000",
                                "W": "1",
                                "Pt": "R",
                                "Dp": "14.4",
                                "$": "1140"
                            },
                            {
                                "D": "SSW",
                                "G": "17",
                                "H": "69.5",
                                "P": "1022",
                                "S": "9",
                                "T": "20.4",
                                "V": "40000",
                                "W": "0",
                                "Pt": "R",
                                "Dp": "14.7",
                                "$": "1200"
                            },
                            {
                                "D": "SW",
                                "G": "17",
                                "H": "77.9",
                                "P": "1023",
                                "S": "8",
                                "T": "19.1",
                                "V": "35000",
                                "W": "0",
                                "Pt": "R",
                                "Dp": "15.2",
                                "$": "1260"
                            },
                            {
                                "D": "SW",
                                "G": "15",
                                "H": "82.5",
                                "P": "1023",
                                "S": "8",
                                "T": "18.4",
                                "V": "30000",
                                "W": "0",
                                "Pt": "R",
                                "Dp": "15.4",
                                "$": "1320"
                            },
                            {
                                "D": "SW",
                                "G": "11",
                                "H": "87.9",
                                "P": "1023",
                                "S": "7",
                                "T": "16.7",
                                "V": "28000",
                                "W": "0",
                                "Pt": "R",
                                "Dp": "14.7",
                                "$": "1380"
                            }
                        ]
                    },
                    {
                        "type": "Day",
                        "value": "2023-08-21Z",
                        "Rep": [
                            {
                                "D": "SW",
                                "G": "11",
                                "H": "90.8",
                                "P": "1023",
                                "S": "7",
                                "T": "16.1",
                                "V": "26000",
                                "W": "0",
                                "Pt": "R",
                                "Dp": "14.6",
                                "$": "0"
                            },
                            {
                                "D": "SW",
                                "G": "9",
                                "H": "92.5",
                                "P": "1023",
                                "S": "6",
                                "T": "15.6",
                                "V": "21000",
                                "W": "0",
                                "Pt": "R",
                                "Dp": "14.4",
                                "$": "60"
                            },
                            {
                                "D": "WSW",
                                "G": "8",
                                "H": "93.7",
                                "P": "1023",
                                "S": "5",
                                "T": "14.6",
                                "V": "18000",
                                "W": "2",
                                "Pt": "S",
                                "Dp": "13.6",
                                "$": "120"
                            },
                            {
                                "D": "WSW",
                                "G": "15",
                                "H": "95.5",
                                "P": "1023",
                                "S": "8",
                                "T": "15.1",
                                "V": "14000",
                                "W": "8",
                                "Pt": "R",
                                "Dp": "14.4",
                                "$": "180"
                            },
                            {
                                "D": "WSW",
                                "G": "11",
                                "H": "95.0",
                                "P": "1024",
                                "S": "8",
                                "T": "15.2",
                                "V": "17000",
                                "W": "8",
                                "Pt": "R",
                                "Dp": "14.4",
                                "$": "240"
                            },
                            {
                                "D": "W",
                                "G": "11",
                                "H": "94.3",
                                "P": "1024",
                                "S": "7",
                                "T": "15.3",
                                "V": "21000",
                                "W": "8",
                                "Pt": "R",
                                "Dp": "14.4",
                                "$": "300"
                            },
                            {
                                "D": "SW",
                                "G": "11",
                                "H": "91.9",
                                "P": "1024",
                                "S": "8",
                                "T": "15.7",
                                "V": "19000",
                                "W": "8",
                                "Pt": "R",
                                "Dp": "14.4",
                                "$": "360"
                            },
                            {
                                "D": "WSW",
                                "G": "13",
                                "H": "90.8",
                                "P": "1024",
                                "S": "9",
                                "T": "15.7",
                                "V": "18000",
                                "W": "8",
                                "Pt": "R",
                                "Dp": "14.2",
                                "$": "420"
                            },
                            {
                                "D": "SW",
                                "G": "11",
                                "H": "83.4",
                                "P": "1024",
                                "S": "7",
                                "T": "17.2",
                                "V": "40000",
                                "W": "8",
                                "Pt": "R",
                                "Dp": "14.4",
                                "$": "480"
                            },
                            {
                                "D": "SW",
                                "G": "15",
                                "H": "73.9",
                                "P": "1024",
                                "S": "7",
                                "T": "18.6",
                                "V": "40000",
                                "W": "8",
                                "Pt": "R",
                                "Dp": "13.9",
                                "$": "540"
                            },
                            {
                                "D": "SW",
                                "G": "17",
                                "H": "65.1",
                                "P": "1024",
                                "S": "9",
                                "T": "20.5",
                                "V": "50000",
                                "W": "7",
                                "Pt": "F",
                                "Dp": "13.8",
                                "$": "600"
                            },
                            {
                                "D": "WSW",
                                "G": "16",
                                "H": "57.9",
                                "P": "1024",
                                "S": "10",
                                "T": "22.4",
                                "V": "40000",
                                "W": "8",
                                "Pt": "F",
                                "Dp": "13.8",
                                "$": "660"
                            },
                            {
                                "D": "WSW",
                                "G": "18",
                                "H": "58.9",
                                "P": "1023",
                                "S": "9",
                                "T": "23.1",
                                "V": "50000",
                                "W": "3",
                                "Pt": "F",
                                "Dp": "14.7",
                                "$": "720"
                            },
                            {
                                "D": "SW",
                                "G": "17",
                                "H": "53.9",
                                "P": "1023",
                                "S": "10",
                                "T": "24.0",
                                "V": "55000",
                                "W": "7",
                                "Pt": "F",
                                "Dp": "14.2",
                                "$": "780"
                            },
                            {
                                "D": "SW",
                                "G": "19",
                                "H": "53.8",
                                "P": "1022",
                                "S": "11",
                                "T": "24.8",
                                "V": "50000",
                                "W": "1",
                                "Pt": "F",
                                "Dp": "14.9",
                                "$": "840"
                            },
                            {
                                "D": "SW",
                                "G": "19",
                                "H": "53.0",
                                "P": "1022",
                                "S": "10",
                                "T": "23.2",
                                "V": "55000",
                                "W": "3",
                                "Pt": "F",
                                "Dp": "13.2",
                                "$": "900"
                            },
                            {
                                "D": "SSW",
                                "G": "18",
                                "H": "55.0",
                                "P": "1021",
                                "S": "10",
                                "T": "23.8",
                                "V": "50000",
                                "W": "3",
                                "Pt": "F",
                                "Dp": "14.3",
                                "$": "960"
                            }
                        ]
                    }
                ]
            }
        }
    }
}