{
    "SiteRep": {
        "Wx": {
            "Param": [
                {
                    "name": "G",
                    "units": "mph",
                    "$": "Wind Gust"
                },
                {
                    "name": "T",
                    "units": "C",
                    "$": "Temperature"
                },
                {
                    "name": "V",
                    "units": "m",
                    "$": "Visibility"
                },
                {
                    "name": "D",
                    "units": "compass",
                    "$": "Wind Direction"
                },
                {
                    "name": "S",
                    "units": "mph",
                    "$": "Wind Speed"
                },
                {
                    "name": "W",
                    "units": "",
                    "$": "Weather Type"
                },
                {
                    "name": "P",
                    "units": "hpa",
                    "$": "Pressure"
                },
                {
                    "name": "Pt",
                    "units": "Pa/s",
                    "$": "Pressure Tendency"
                },
                {
                    "name": "Dp",
                    "units": "C",
                    "$": "Dew Point"
                },
                {
                    "name": "H",
                    "units": "%",
                    "$": "Screen Relative Humidity"
                }
            ]
        },
        "DV": {
            "dataDate": "2023-11-24T16:00:00Z",
            "type": "Obs",
            "Location": {
                "i": "3772",
                "lat": "51.479",
                "lon": "-0.449",
                "name": "HEATHROW",
                "country": "ENGLAND",
                "continent": "EUROPE",
                "elevation": "25.0",
                "Period": [
                    {
                        "type": "Day",
                        "value": "2023-11-23Z",
                        "Rep": [
                            {
                                "D": "W",
                                "G": "25",
                                "H": "77.3",
                                "P": "1023",
                                "S": "17",
                                "T": "12.1",
                                "V": "35000",
                                "W": "1",
                                "Pt": "F",
                                "Dp": "8.3",
                                "$": "960"
                            },
                            {
                                "D": "W",
                                "G": "26",
                                "H": "80.5",
                                "P": "1022",
                                "S": "17",
                                "T": "11.3",
                                "V": "35000",
                                "W": "0",
                                "Pt": "F",
                                "Dp": "8.1",
                                "$": "1020"
                            },
                            {
                                "D": "WSW",
                                "G": "26",
                                "H": "84.9",
                                "P": "1022",
                                "S": "15",
                                "T": "10.6",
                                "V": "30000",
                                "W": "8",
                                "Pt": "F",
                                "Dp": "8.2",
                                "$": "1080"
                            },
                            {
                                "D": "W",
                                "G": "23",
                                "H": "84.4",
                                "P": "1023",
                                "S": "13",
                                "T": "10.9",
                                "V": "25000",
                                "W": "8",
                                "Pt": "F",
                                "Dp": "8.4",
                                "$": "1140"
                            },
                            {
                                "D": "W",
                                "G": "25",
                                "H": "85.0",
                                "P": "1022",
                                "S": "10",
                                "T": "11.0",
                                "V": "30000",
                                "W": "8",
                                "Pt": "F",
                                "Dp": "8.6",
                                "$": "1200"
                            },
                            {
                                "D": "W",
                                "G": "19",
                                "H": "86.7",
                                "P": "1022",
                                "S": "9",
                                "T": "10.9",
                                "V": "30000",
                                "W": "2",
                                "Pt": "F",
                                "Dp": "8.8",
                                "$": "1260"
                            },
                            {
                                "D": "WSW",
                                "G": "22",
                                "H": "88.0",
                                "P": "1021",
                                "S": "14",
                                "T": "10.9",
                                "V": "30000",
                                "W": "8",
                                "Pt": "F",
                                "Dp": "9.0",
                                "$": "1320"
                            },
                            {
                                "D": "NW",
                                "G": "17",
                                "H": "86.1",
                                "P": "1022",
                                "S": "6",
                                "T": "11.8",
                                "V": "30000",
                                "W": "8",
                                "Pt": "R",
                                "Dp": "9.6",
                                "$": "1380"
                            }
                        ]
                    },
                    {
                        "type": "Day",
                        "value": "2023-11-24Z",
                        "Rep": [
                            {
                                "D": "NW",
                                "G": "18",
                                "H": "84.4",
                                "P": "1022",
                                "S": "7",
                                "T": "10.9",
                                "W": "8",
                                "Pt": "R",
                                "Dp": "8.4",
                                "$": "0"
                            },
                            {
                                "D": "NW",
                                "G": "21",
                                "H": "70.9",
                                "P": "1022",
                                "S": "13",
                                "T": "10.7",
                                "V": "35000",
                                "W": "7",
                                "Pt": "R",
                                "Dp": "5.7",
                                "$": "60"
                            },
                            {
                                "D": "WNW",
                                "G": "21",
                                "H": "66.8",
                                "P": "1022",
                                "S": "13",
                                "T": "10.4",
                                "V": "27000",
                                "W": "2",
                                "Pt": "F",
                                "Dp": "4.6",
                                "$": "120"
                            },
                            {
                                "D": "W",
                                "G": "23",
                                "H": "66.8",
                                "P": "1022",
                                "S": "11",
                                "T": "9.9",
                                "V": "22000",
                                "W": "8",
                                "Pt": "F",
                                "Dp": "4.1",
                                "$": "180"
                            },
                            {
                                "D": "W",
                                "G": "18",
                                "H": "64.0",
                                "P": "1021",
                                "S": "10",
                                "T": "10.1",
                                "V": "23000",
                                "W": "8",
                                "Pt": "F",
                                "Dp": "3.7",
                                "$": "240"
                            },
                            {
                                "D": "WNW",
                                "G": "19",
                                "H": "64.0",
                                "P": "1021",
                                "S": "10",
                                "T": "10.0",
                                "V": "23000",
                                "W": "8",
                                "Pt": "F",
                                "Dp": "3.6",
                                "$": "300"
                            },
                            {
                                "D": "NW",
                                "G": "25",
                                "H": "64.9",
                                "P": "1020",
                                "S": "13",
                                "T": "9.8",
                                "V": "19000",
                                "W": "8",
                                "Pt": "F",
                                "Dp": "3.6",
                                "$": "360"
                            },
                            {
                                "D": "WNW",
                                "G": "18",
                                "H": "65.8",
                                "P": "1020",
                                "S": "10",
                                "T": "9.8",
                                "V": "22000",
                                "W": "8",
                                "Pt": "F",
                                "Dp": "3.8",
                                "$": "420"
                            },
                            {
                                "D": "WNW",
                                "G": "22",
                                "H": "76.2",
                                "P": "1021",
                                "S": "10",
                                "T": "8.9",
                                "V": "18000",
                                "W": "8",
                                "Pt": "F",
                                "Dp": "5.0",
                                "$": "480"
                            },
                            {
                                "D": "NW",
                                "G": "19",
                                "H": "78.4",
                                "P": "1021",
                                "S": "7",
                                "T": "8.8",
                                "V": "15000",
                                "W": "12",
                                "Pt": "R",
                                "Dp": "5.3",
                                "$": "540"
                            },
                            {
                                "D": "NW",
                                "G": "21",
                                "H": "68.6",
                                "P": "1020",
                                "S": "11",
                                "T": "9.0",
                                "V": "30000",
                                "W": "8",
                                "Pt": "R",
                                "Dp": "3.6",
                                "$": "600"
                            },
                            {
                                "D": "NNW",
                                "G": "24",
                                "H": "63.3",
                                "P": "1020",
                                "S": "14",
                                "T": "8.9",
                                "V": "35000",
                                "W": "8",
                                "Pt": "F",
                                "Dp": "2.4",
                                "$": "660"
                            },
                            {
                                "D": "NNW",
                                "G": "32",
                                "H": "49.1",
                                "P": "1020",
                                "S": "15",
                                "T": "8.4",
                                "V": "45000",
                                "W": "8",
                                "Pt": "F",
                                "Dp": "-1.5",
                                "$": "720"
                            },
                            {
                                "D": "N",
                                "G": "25",
                                "H": "50.9",
                                "P": "1020",
                                "S": "13",
                                "T": "8.0",
                                "V": "55000",
                                "W": "7",
                                "Pt": "F",
                                "Dp": "-1.4",
                                "$": "780"
                            },
                            {
                                "D": "NW",
                                "G": "28",
                                "H": "51.1",
                                "P": "1020",
                                "S": "10",
                                "T": "7.4",
                                "V": "55000",
                                "W": "3",
                                "Pt": "F",
                                "Dp": "-1.9",
                                "$": "840"
                            },
                            {
                                "D": "NNW",
                                "G": "22",
                                "H": "48.4",
                                "P": "1021",
                                "S": "11",
                                "T": "7.2",
                                "V": "50000",
                                "W": "7",
                                "Pt": "R",
                                "Dp": "-2.8",
                                "$": "900"
                            },
                            {
                                "D": "NNW",
                                "G": "22",
                                "H": "51.2",
                                "P": "1021",
                                "S": "6",
                                "T": "6.6",
                                "V": "50000",
                                "W": "1",
                                "Pt": "R",
                                "Dp": "-2.6",
                                "$": "960"
                            }
                        ]
                    }
                ]
            }
        }
    }
}