{
    "SiteRep": {
        "Wx": {
            "Param": [
                {
                    "name": "G",
                    "units": "mph",
                    "$": "Wind Gust"
                },
                {
                    "name": "T",
                    "units": "C",
                    "$": "Temperature"
                },
                {
                    "name": "V",
                    "units": "m",
                    "$": "Visibility"
                },
                {
                    "name": "D",
                    "units": "compass",
                    "$": "Wind Direction"
                },
                {
                    "name": "S",
                    "units": "mph",
                    "$": "Wind Speed"
                },
                {
                    "name": "W",
                    "units": "",
                    "$": "Weather Type"
                },
                {
                    "name": "P",
                    "units": "hpa",
                    "$": "Pressure"
                },
                {
                    "name": "Pt",
                    "units": "Pa/s",
                    "$": "Pressure Tendency"
                },
                {
                    "name": "Dp",
                    "units": "C",
                    "$": "Dew Point"
                },
                {
                    "name": "H",
                    "units": "%",
                    "$": "Screen Relative Humidity"
                }
            ]
        },
        "DV": {
            "dataDate": "2024-05-27T16:00:00Z",
            "type": "Obs",
            "Location": {
                "i": "3772",
                "lat": "51.479",
                "lon": "-0.449",
                "name": "HEATHROW",
                "country": "ENGLAND",
                "continent": "EUROPE",
                "elevation": "25.0",
                "Period": [
                    {
                        "type": "Day",
                        "value": "2024-05-26Z",
                        "Rep": [
                            {
                                "D": "SW",
                                "G": "30",
                                "H": "54.7",
                                "P": "1011",
                                "S": "18",
                                "T": "19.6",
                                "V": "65000",
                                "W": "3",
                                "Pt": "F",
                                "Dp": "10.3",
                                "$": "960"
                            },
                            {
                                "D": "WSW",
                                "G": "26",
                                "H": "66.2",
                                "P": "1011",
                                "S": "14",
                                "T": "16.7",
                                "V": "65000",
                                "W": "12",
                                "Pt": "R",
                                "Dp": "10.4",
                                "$": "1020"
                            },
                            {
                                "D": "SW",
                                "G": "30",
                                "H": "81.5",
                                "P": "1012",
                                "S": "13",
                                "T": "14.3",
                                "V": "75000",
                                "W": "12",
                                "Pt": "R",
                                "Dp": "11.2",
                                "$": "1080"
                            },
                            {
                                "D": "SW",
                                "G": "21",
                                "H": "79.0",
                                "P": "1012",
                                "S": "13",
                                "T": "15.0",
                                "V": "75000",
                                "W": "7",
                                "Pt": "R",
                                "Dp": "11.4",
                                "$": "1140"
                            },
                            {
                                "D": "SW",
                                "G": "23",
                                "H": "74.2",
                                "P": "1013",
                                "S": "11",
                                "T": "14.6",
                                "V": "75000",
                                "W": "8",
                                "Pt": "R",
                                "Dp": "10.1",
                                "$": "1200"
                            },
                            {
                                "D": "SSW",
                                "G": "16",
                                "H": "76.7",
                                "P": "1013",
                                "S": "9",
                                "T": "14.2",
                                "V": "60000",
                                "W": "8",
                                "Pt": "R",
                                "Dp": "10.2",
                                "$": "1260"
                            },
                            {
                                "D": "SSW",
                                "G": "14",
                                "H": "82.5",
                                "P": "1013",
                                "S": "10",
                                "T": "13.8",
                                "V": "45000",
                                "W": "8",
                                "Pt": "R",
                                "Dp": "10.9",
                                "$": "1320"
                            },
                            {
                                "D": "SW",
                                "G": "17",
                                "H": "86.4",
                                "P": "1014",
                                "S": "11",
                                "T": "12.7",
                                "V": "50000",
                                "W": "0",
                                "Pt": "R",
                                "Dp": "10.5",
                                "$": "1380"
                            }
                        ]
                    },
                    {
                        "type": "Day",
                        "value": "2024-05-27Z",
                        "Rep": [
                            {
                                "D": "WSW",
                                "G": "21",
                                "H": "84.0",
                                "P": "1014",
                                "S": "10",
                                "T": "12.2",
                                "V": "75000",
                                "W": "8",
                                "Pt": "R",
                                "Dp": "9.6",
                                "$": "0"
                            },
                            {
                                "D": "SSW",
                                "G": "13",
                                "H": "85.7",
                                "P": "1014",
                                "S": "8",
                                "T": "12.0",
                                "V": "65000",
                                "W": "8",
                                "Pt": "R",
                                "Dp": "9.7",
                                "$": "60"
                            },
                            {
                                "D": "SSW",
                                "G": "11",
                                "H": "89.2",
                                "P": "1014",
                                "S": "8",
                                "T": "11.8",
                                "V": "40000",
                                "W": "8",
                                "Pt": "R",
                                "Dp": "10.1",
                                "$": "120"
                            },
                            {
                                "D": "SW",
                                "G": "14",
                                "H": "86.9",
                                "P": "1014",
                                "S": "9",
                                "T": "11.5",
                                "V": "40000",
                                "W": "8",
                                "Pt": "S",
                                "Dp": "9.4",
                                "$": "180"
                            },
                            {
                                "D": "SW",
                                "G": "14",
                                "H": "82.7",
                                "P": "1014",
                                "S": "8",
                                "T": "11.3",
                                "V": "45000",
                                "W": "8",
                                "Pt": "R",
                                "Dp": "8.5",
                                "$": "240"
                            },
                            {
                                "D": "SSW",
                                "G": "13",
                                "H": "82.7",
                                "P": "1015",
                                "S": "9",
                                "T": "11.3",
                                "V": "45000",
                                "W": "8",
                                "Pt": "R",
                                "Dp": "8.5",
                                "$": "300"
                            },
                            {
                                "D": "SW",
                                "G": "14",
                                "H": "79.5",
                                "P": "1015",
                                "S": "9",
                                "T": "11.8",
                                "V": "40000",
                                "W": "3",
                                "Pt": "R",
                                "Dp": "8.4",
                                "$": "360"
                            },
                            {
                                "D": "WSW",
                                "G": "18",
                                "H": "72.1",
                                "P": "1015",
                                "S": "10",
                                "T": "13.6",
                                "V": "45000",
                                "W": "7",
                                "Pt": "R",
                                "Dp": "8.7",
                                "$": "420"
                            },
                            {
                                "D": "WSW",
                                "G": "19",
                                "H": "64.5",
                                "P": "1015",
                                "S": "13",
                                "T": "15.2",
                                "V": "45000",
                                "W": "1",
                                "Pt": "R",
                                "Dp": "8.6",
                                "$": "480"
                            },
                            {
                                "D": "WSW",
                                "G": "21",
                                "H": "58.2",
                                "P": "1015",
                                "S": "13",
                                "T": "15.8",
                                "V": "50000",
                                "W": "8",
                                "Pt": "S",
                                "Dp": "7.7",
                                "$": "540"
                            },
                            {
                                "D": "WSW",
                                "G": "23",
                                "H": "56.4",
                                "P": "1015",
                                "S": "14",
                                "T": "16.0",
                                "V": "65000",
                                "W": "8",
                                "Pt": "F",
                                "Dp": "7.4",
                                "$": "600"
                            },
                            {
                                "D": "WSW",
                                "G": "22",
                                "H": "57.9",
                                "P": "1015",
                                "S": "11",
                                "T": "15.7",
                                "V": "65000",
                                "W": "8",
                                "Pt": "F",
                                "Dp": "7.5",
                                "$": "660"
                            },
                            {
                                "D": "WSW",
                                "G": "22",
                                "H": "46.2",
                                "P": "1014",
                                "S": "15",
                                "T": "17.9",
                                "V": "75000",
                                "W": "7",
                                "Pt": "F",
                                "Dp": "6.3",
                                "$": "720"
                            },
                            {
                                "D": "SW",
                                "G": "24",
                                "H": "48.0",
                                "P": "1014",
                                "S": "16",
                                "T": "17.0",
                                "V": "75000",
                                "W": "3",
                                "Pt": "F",
                                "Dp": "6.0",
                                "$": "780"
                            },
                            {
                                "D": "SW",
                                "G": "26",
                                "H": "48.4",
                                "P": "1014",
                                "S": "17",
                                "T": "17.6",
                                "V": "75000",
                                "W": "7",
                                "Pt": "F",
                                "Dp": "6.7",
                                "$": "840"
                            },
                            {
                                "D": "SW",
                                "G": "26",
                                "H": "62.3",
                                "P": "1015",
                                "S": "14",
                                "T": "15.1",
                                "V": "75000",
                                "W": "8",
                                "Pt": "R",
                                "Dp": "8.0",
                                "$": "900"
                            },
                            {
                                "D": "SSW",
                                "G": "22",
                                "H": "58.0",
                                "P": "1015",
                                "S": "11",
                                "T": "16.4",
                                "V": "75000",
                                "W": "8",
                                "Pt": "R",
                                "Dp": "8.2",
                                "$": "960"
                            }
                        ]
                    }
                ]
            }
        }
    }
}