{
    "SiteRep": {
        "Wx": {
            "Param": [
                {
                    "name": "G",
                    "units": "mph",
                    "$": "Wind Gust"
                },
                {
                    "name": "T",
                    "units": "C",
                    "$": "Temperature"
                },
                {
                    "name": "V",
                    "units": "m",
                    "$": "Visibility"
                },
                {
                    "name": "D",
                    "units": "compass",
                    "$": "Wind Direction"
                },
                {
                    "name": "S",
                    "units": "mph",
                    "$": "Wind Speed"
                },
                {
                    "name": "W",
                    "units": "",
                    "$": "Weather Type"
                },
                {
                    "name": "P",
                    "units": "hpa",
                    "$": "Pressure"
                },
                {
                    "name": "Pt",
                    "units": "Pa/s",
                    "$": "Pressure Tendency"
                },
                {
                    "name": "Dp",
                    "units": "C",
                    "$": "Dew Point"
                },
                {
                    "name": "H",
                    "units": "%",
                    "$": "Screen Relative Humidity"
                }
            ]
        },
        "DV": {
            "dataDate": "2024-03-04T16:00:00Z",
            "type": "Obs",
            "Location": {
                "i": "3772",
                "lat": "51.479",
                "lon": "-0.449",
                "name": "HEATHROW",
                "country": "ENGLAND",
                "continent": "EUROPE",
                "elevation": "25.0",
                "Period": [
                    {
                        "type": "Day",
                        "value": "2024-03-03Z",
                        "Rep": [
                            {
                                "D": "W",
                                "G": "17",
                                "H": "52.3",
                                "P": "1004",
                                "S": "7",
                                "T": "10.2",
                                "V": "75000",
                                "W": "8",
                                "Pt": "R",
                                "Dp": "0.9",
                                "$": "960"
                            },
                            {
                                "D": "WSW",
                                "G": "14",
                                "H": "54.1",
                                "P": "1005",
                                "S": "7",
                                "T": "8.7",
                                "V": "75000",
                                "W": "1",
                                "Pt": "R",
                                "Dp": "0.0",
                                "$": "1020"
                            },
                            {
                                "D": "WSW",
                                "G": "10",
                                "H": "61.4",
                                "P": "1006",
                                "S": "7",
                                "T": "7.6",
                                "V": "75000",
                                "W": "7",
                                "Pt": "R",
                                "Dp": "0.7",
                                "$": "1080"
                            },
                            {
                                "D": "NW",
                                "G": "6",
                                "H": "61.9",
                                "P": "1007",
                                "S": "2",
                                "T": "7.7",
                                "V": "55000",
                                "W": "7",
                                "Pt": "R",
                                "Dp": "0.9",
                                "$": "1140"
                            },
                            {
                                "D": "W",
                                "G": "3",
                                "H": "68.3",
                                "P": "1007",
                                "S": "2",
                                "T": "6.7",
                                "V": "30000",
                                "W": "0",
                                "Pt": "R",
                                "Dp": "1.3",
                                "$": "1200"
                            },
                            {
                                "D": "SSW",
                                "G": "8",
                                "H": "70.2",
                                "P": "1008",
                                "S": "5",
                                "T": "6.6",
                                "V": "23000",
                                "W": "0",
                                "Pt": "R",
                                "Dp": "1.6",
                                "$": "1260"
                            },
                            {
                                "D": "SW",
                                "G": "9",
                                "H": "80.2",
                                "P": "1008",
                                "S": "6",
                                "T": "5.0",
                                "V": "30000",
                                "W": "0",
                                "Pt": "R",
                                "Dp": "1.9",
                                "$": "1320"
                            },
                            {
                                "D": "SW",
                                "G": "10",
                                "H": "83.0",
                                "P": "1008",
                                "S": "3",
                                "T": "3.9",
                                "V": "30000",
                                "W": "2",
                                "Pt": "R",
                                "Dp": "1.3",
                                "$": "1380"
                            }
                        ]
                    },
                    {
                        "type": "Day",
                        "value": "2024-03-04Z",
                        "Rep": [
                            {
                                "D": "SE",
                                "G": "8",
                                "H": "86.6",
                                "P": "1009",
                                "S": "2",
                                "T": "2.5",
                                "V": "20000",
                                "W": "7",
                                "Pt": "R",
                                "Dp": "0.5",
                                "$": "0"
                            },
                            {
                                "D": "ESE",
                                "G": "3",
                                "H": "91.7",
                                "P": "1009",
                                "S": "2",
                                "T": "2.4",
                                "V": "19000",
                                "W": "0",
                                "Pt": "R",
                                "Dp": "1.2",
                                "$": "60"
                            },
                            {
                                "D": "N",
                                "G": "5",
                                "H": "95.2",
                                "P": "1009",
                                "S": "0",
                                "T": "2.0",
                                "V": "19000",
                                "W": "0",
                                "Pt": "R",
                                "Dp": "1.3",
                                "$": "120"
                            },
                            {
                                "D": "ENE",
                                "G": "3",
                                "H": "95.7",
                                "P": "1009",
                                "S": "2",
                                "T": "1.5",
                                "V": "17000",
                                "W": "0",
                                "Pt": "R",
                                "Dp": "0.9",
                                "$": "180"
                            },
                            {
                                "D": "ENE",
                                "G": "3",
                                "H": "95.0",
                                "P": "1009",
                                "S": "2",
                                "T": "1.0",
                                "V": "17000",
                                "W": "0",
                                "Pt": "R",
                                "Dp": "0.3",
                                "$": "240"
                            },
                            {
                                "D": "ENE",
                                "G": "3",
                                "H": "97.1",
                                "P": "1009",
                                "S": "1",
                                "T": "1.2",
                                "V": "16000",
                                "W": "2",
                                "Pt": "R",
                                "Dp": "0.8",
                                "$": "300"
                            },
                            {
                                "D": "NE",
                                "G": "5",
                                "H": "97.9",
                                "P": "1009",
                                "S": "2",
                                "T": "2.2",
                                "V": "19000",
                                "W": "7",
                                "Pt": "R",
                                "Dp": "1.9",
                                "$": "360"
                            },
                            {
                                "D": "ESE",
                                "G": "8",
                                "H": "96.4",
                                "P": "1010",
                                "S": "5",
                                "T": "1.8",
                                "V": "21000",
                                "W": "1",
                                "Pt": "R",
                                "Dp": "1.3",
                                "$": "420"
                            },
                            {
                                "D": "SE",
                                "G": "8",
                                "H": "95.2",
                                "P": "1010",
                                "S": "6",
                                "T": "4.3",
                                "V": "21000",
                                "W": "1",
                                "Pt": "R",
                                "Dp": "3.6",
                                "$": "480"
                            },
                            {
                                "D": "SE",
                                "G": "9",
                                "H": "89.5",
                                "P": "1010",
                                "S": "7",
                                "T": "6.5",
                                "V": "20000",
                                "W": "1",
                                "Pt": "R",
                                "Dp": "4.9",
                                "$": "540"
                            },
                            {
                                "D": "SE",
                                "G": "11",
                                "H": "79.1",
                                "P": "1009",
                                "S": "8",
                                "T": "8.8",
                                "V": "40000",
                                "W": "1",
                                "Pt": "F",
                                "Dp": "5.4",
                                "$": "600"
                            },
                            {
                                "D": "S",
                                "G": "17",
                                "H": "71.8",
                                "P": "1009",
                                "S": "11",
                                "T": "9.7",
                                "V": "35000",
                                "W": "8",
                                "Pt": "F",
                                "Dp": "4.9",
                                "$": "660"
                            },
                            {
                                "D": "SSE",
                                "G": "19",
                                "H": "59.8",
                                "P": "1009",
                                "S": "11",
                                "T": "11.5",
                                "V": "40000",
                                "W": "8",
                                "Pt": "F",
                                "Dp": "4.0",
                                "$": "720"
                            },
                            {
                                "D": "SSE",
                                "G": "28",
                                "H": "50.9",
                                "P": "1008",
                                "S": "18",
                                "T": "10.9",
                                "V": "55000",
                                "W": "3",
                                "Pt": "F",
                                "Dp": "1.2",
                                "$": "780"
                            },
                            {
                                "D": "SSE",
                                "G": "26",
                                "H": "53.4",
                                "P": "1008",
                                "S": "18",
                                "T": "10.2",
                                "V": "45000",
                                "W": "8",
                                "Pt": "F",
                                "Dp": "1.2",
                                "$": "840"
                            },
                            {
                                "D": "SSE",
                                "G": "28",
                                "H": "49.8",
                                "P": "1007",
                                "S": "16",
                                "T": "9.8",
                                "V": "50000",
                                "W": "8",
                                "Pt": "F",
                                "Dp": "-0.1",
                                "$": "900"
                            },
                            {
                                "D": "SE",
                                "G": "28",
                                "H": "55.9",
                                "P": "1007",
                                "S": "16",
                                "T": "9.1",
                                "V": "45000",
                                "W": "8",
                                "Pt": "F",
                                "Dp": "0.8",
                                "$": "960"
                            }
                        ]
                    }
                ]
            }
        }
    }
}