{
    "SiteRep": {
        "Wx": {
            "Param": [
                {
                    "name": "G",
                    "units": "mph",
                    "$": "Wind Gust"
                },
                {
                    "name": "T",
                    "units": "C",
                    "$": "Temperature"
                },
                {
                    "name": "V",
                    "units": "m",
                    "$": "Visibility"
                },
                {
                    "name": "D",
                    "units": "compass",
                    "$": "Wind Direction"
                },
                {
                    "name": "S",
                    "units": "mph",
                    "$": "Wind Speed"
                },
                {
                    "name": "W",
                    "units": "",
                    "$": "Weather Type"
                },
                {
                    "name": "P",
                    "units": "hpa",
                    "$": "Pressure"
                },
                {
                    "name": "Pt",
                    "units": "Pa/s",
                    "$": "Pressure Tendency"
                },
                {
                    "name": "Dp",
                    "units": "C",
                    "$": "Dew Point"
                },
                {
                    "name": "H",
                    "units": "%",
                    "$": "Screen Relative Humidity"
                }
            ]
        },
        "DV": {
            "dataDate": "2024-05-07T16:00:00Z",
            "type": "Obs",
            "Location": {
                "i": "3772",
                "lat": "51.479",
                "lon": "-0.449",
                "name": "HEATHROW",
                "country": "ENGLAND",
                "continent": "EUROPE",
                "elevation": "25.0",
                "Period": [
                    {
                        "type": "Day",
                        "value": "2024-05-06Z",
                        "Rep": [
                            {
                                "D": "N",
                                "G": "14",
                                "H": "90.1",
                                "P": "1009",
                                "S": "6",
                                "T": "13.9",
                                "V": "12000",
                                "W": "12",
                                "Pt": "R",
                                "Dp": "12.3",
                                "$": "960"
                            },
                            {
                                "D": "NNE",
                                "G": "14",
                                "H": "88.3",
                                "P": "1009",
                                "S": "6",
                                "T": "14.5",
                                "V": "12000",
                                "W": "8",
                                "Pt": "R",
                                "Dp": "12.6",
                                "$": "1020"
                            },
                            {
                                "D": "N",
                                "G": "13",
                                "H": "87.7",
                                "P": "1010",
                                "S": "6",
                                "T": "14.2",
                                "V": "14000",
                                "W": "12",
                                "Pt": "R",
                                "Dp": "12.2",
                                "$": "1080"
                            },
                            {
                                "D": "NNE",
                                "G": "9",
                                "H": "89.5",
                                "P": "1010",
                                "S": "6",
                                "T": "14.2",
                                "V": "12000",
                                "W": "8",
                                "Pt": "R",
                                "Dp": "12.5",
                                "$": "1140"
                            },
                            {
                                "D": "NE",
                                "G": "18",
                                "H": "82.1",
                                "P": "1011",
                                "S": "9",
                                "T": "14.0",
                                "V": "10000",
                                "W": "8",
                                "Pt": "R",
                                "Dp": "11.0",
                                "$": "1200"
                            },
                            {
                                "D": "NNE",
                                "G": "19",
                                "H": "87.6",
                                "P": "1012",
                                "S": "7",
                                "T": "12.9",
                                "V": "5000",
                                "W": "12",
                                "Pt": "R",
                                "Dp": "10.9",
                                "$": "1260"
                            },
                            {
                                "D": "NE",
                                "G": "11",
                                "H": "91.8",
                                "P": "1013",
                                "S": "6",
                                "T": "12.7",
                                "V": "3500",
                                "W": "12",
                                "Pt": "R",
                                "Dp": "11.4",
                                "$": "1320"
                            },
                            {
                                "D": "N",
                                "G": "9",
                                "H": "93.0",
                                "P": "1014",
                                "S": "5",
                                "T": "12.4",
                                "V": "4800",
                                "W": "12",
                                "Pt": "R",
                                "Dp": "11.3",
                                "$": "1380"
                            }
                        ]
                    },
                    {
                        "type": "Day",
                        "value": "2024-05-07Z",
                        "Rep": [
                            {
                                "D": "N",
                                "G": "10",
                                "H": "89.9",
                                "P": "1014",
                                "S": "5",
                                "T": "12.1",
                                "V": "8000",
                                "W": "12",
                                "Pt": "R",
                                "Dp": "10.5",
                                "$": "0"
                            },
                            {
                                "D": "N",
                                "G": "9",
                                "H": "92.2",
                                "P": "1015",
                                "S": "3",
                                "T": "11.8",
                                "V": "6000",
                                "W": "8",
                                "Pt": "R",
                                "Dp": "10.6",
                                "$": "60"
                            },
                            {
                                "D": "N",
                                "G": "9",
                                "H": "89.9",
                                "P": "1015",
                                "S": "5",
                                "T": "11.5",
                                "V": "8000",
                                "W": "5",
                                "Pt": "R",
                                "Dp": "9.9",
                                "$": "120"
                            },
                            {
                                "D": "NNW",
                                "G": "9",
                                "H": "92.8",
                                "P": "1016",
                                "S": "3",
                                "T": "10.8",
                                "V": "5000",
                                "W": "5",
                                "Pt": "R",
                                "Dp": "9.7",
                                "$": "180"
                            },
                            {
                                "D": "N",
                                "G": "7",
                                "H": "93.4",
                                "P": "1017",
                                "S": "3",
                                "T": "10.2",
                                "V": "5000",
                                "W": "5",
                                "Pt": "R",
                                "Dp": "9.2",
                                "$": "240"
                            },
                            {
                                "D": "N",
                                "G": "9",
                                "H": "94.6",
                                "P": "1017",
                                "S": "2",
                                "T": "9.6",
                                "V": "5000",
                                "W": "5",
                                "Pt": "R",
                                "Dp": "8.8",
                                "$": "300"
                            },
                            {
                                "D": "N",
                                "G": "11",
                                "H": "91.6",
                                "P": "1018",
                                "S": "6",
                                "T": "10.9",
                                "V": "7000",
                                "W": "5",
                                "Pt": "R",
                                "Dp": "9.6",
                                "$": "360"
                            },
                            {
                                "D": "N",
                                "G": "11",
                                "H": "80.7",
                                "P": "1019",
                                "S": "6",
                                "T": "12.4",
                                "V": "16000",
                                "W": "1",
                                "Pt": "R",
                                "Dp": "9.2",
                                "$": "420"
                            },
                            {
                                "D": "N",
                                "G": "16",
                                "H": "69.2",
                                "P": "1020",
                                "S": "8",
                                "T": "14.4",
                                "V": "29000",
                                "W": "1",
                                "Pt": "R",
                                "Dp": "8.9",
                                "$": "480"
                            },
                            {
                                "D": "NNE",
                                "G": "14",
                                "H": "56.7",
                                "P": "1020",
                                "S": "8",
                                "T": "16.3",
                                "V": "50000",
                                "W": "1",
                                "Pt": "R",
                                "Dp": "7.8",
                                "$": "540"
                            },
                            {
                                "D": "NNE",
                                "G": "16",
                                "H": "49.1",
                                "P": "1021",
                                "S": "7",
                                "T": "17.8",
                                "V": "60000",
                                "W": "1",
                                "Pt": "R",
                                "Dp": "7.1",
                                "$": "600"
                            },
                            {
                                "D": "NNE",
                                "G": "15",
                                "H": "50.6",
                                "P": "1021",
                                "S": "8",
                                "T": "18.3",
                                "V": "65000",
                                "W": "1",
                                "Pt": "R",
                                "Dp": "8.0",
                                "$": "660"
                            },
                            {
                                "D": "N",
                                "G": "15",
                                "H": "50.3",
                                "P": "1022",
                                "S": "7",
                                "T": "18.7",
                                "V": "45000",
                                "W": "1",
                                "Pt": "R",
                                "Dp": "8.3",
                                "$": "720"
                            },
                            {
                                "D": "N",
                                "G": "15",
                                "H": "51.7",
                                "P": "1023",
                                "S": "8",
                                "T": "19.7",
                                "V": "40000",
                                "W": "1",
                                "Pt": "R",
                                "Dp": "9.6",
                                "$": "780"
                            },
                            {
                                "D": "NNE",
                                "G": "17",
                                "H": "48.9",
                                "P": "1023",
                                "S": "8",
                                "T": "19.8",
                                "V": "55000",
                                "W": "1",
                                "Pt": "R",
                                "Dp": "8.9",
                                "$": "840"
                            },
                            {
                                "D": "N",
                                "G": "18",
                                "H": "57.0",
                                "P": "1023",
                                "S": "9",
                                "T": "18.7",
                                "V": "30000",
                                "W": "3",
                                "Pt": "R",
                                "Dp": "10.1",
                                "$": "900"
                            },
                            {
                                "D": "NNE",
                                "G": "17",
                                "H": "57.8",
                                "P": "1024",
                                "S": "9",
                                "T": "18.9",
                                "V": "45000",
                                "W": "3",
                                "Pt": "R",
                                "Dp": "10.5",
                                "$": "960"
                            }
                        ]
                    }
                ]
            }
        }
    }
}