{
    "SiteRep": {
        "Wx": {
            "Param": [
                {
                    "name": "G",
                    "units": "mph",
                    "$": "Wind Gust"
                },
                {
                    "name": "T",
                    "units": "C",
                    "$": "Temperature"
                },
                {
                    "name": "V",
                    "units": "m",
                    "$": "Visibility"
                },
                {
                    "name": "D",
                    "units": "compass",
                    "$": "Wind Direction"
                },
                {
                    "name": "S",
                    "units": "mph",
                    "$": "Wind Speed"
                },
                {
                    "name": "W",
                    "units": "",
                    "$": "Weather Type"
                },
                {
                    "name": "P",
                    "units": "hpa",
                    "$": "Pressure"
                },
                {
                    "name": "Pt",
                    "units": "Pa/s",
                    "$": "Pressure Tendency"
                },
                {
                    "name": "Dp",
                    "units": "C",
                    "$": "Dew Point"
                },
                {
                    "name": "H",
                    "units": "%",
                    "$": "Screen Relative Humidity"
                }
            ]
        },
        "DV": {
            "dataDate": "2024-03-13T16:00:00Z",
            "type": "Obs",
            "Location": {
                "i": "3772",
                "lat": "51.479",
                "lon": "-0.449",
                "name": "HEATHROW",
                "country": "ENGLAND",
                "continent": "EUROPE",
                "elevation": "25.0",
                "Period": [
                    {
                        "type": "Day",
                        "value": "2024-03-12Z",
                        "Rep": [
                            {
                                "D": "WSW",
                                "G": "25",
                                "H": "86.5",
                                "P": "1010",
                                "S": "18",
                                "T": "13.9",
                                "V": "30000",
                                "W": "8",
                                "Pt": "R",
                                "Dp": "11.7",
                                "$": "960"
                            },
                            {
                                "D": "WSW",
                                "G": "25",
                                "H": "86.0",
                                "P": "1010",
                                "S": "16",
                                "T": "13.7",
                                "V": "45000",
                                "W": "8",
                                "Pt": "R",
                                "Dp": "11.4",
                                "$": "1020"
                            },
                            {
                                "D": "WSW",
                                "G": "24",
                                "H": "87.6",
                                "P": "1011",
                                "S": "10",
                                "T": "13.2",
                                "V": "55000",
                                "W": "8",
                                "Pt": "R",
                                "Dp": "11.2",
                                "$": "1080"
                            },
                            {
                                "D": "SW",
                                "G": "18",
                                "H": "84.2",
                                "P": "1011",
                                "S": "10",
                                "T": "13.3",
                                "V": "55000",
                                "W": "8",
                                "Pt": "R",
                                "Dp": "10.7",
                                "$": "1140"
                            },
                            {
                                "D": "SW",
                                "G": "21",
                                "H": "86.4",
                                "P": "1012",
                                "S": "14",
                                "T": "13.1",
                                "V": "45000",
                                "W": "8",
                                "Pt": "R",
                                "Dp": "10.9",
                                "$": "1200"
                            },
                            {
                                "D": "SW",
                                "G": "21",
                                "H": "89.4",
                                "P": "1012",
                                "S": "10",
                                "T": "12.6",
                                "V": "30000",
                                "W": "8",
                                "Pt": "R",
                                "Dp": "10.9",
                                "$": "1260"
                            },
                            {
                                "D": "SW",
                                "G": "18",
                                "H": "88.1",
                                "P": "1012",
                                "S": "10",
                                "T": "12.5",
                                "V": "45000",
                                "W": "8",
                                "Pt": "R",
                                "Dp": "10.6",
                                "$": "1320"
                            },
                            {
                                "D": "SSW",
                                "G": "17",
                                "H": "88.1",
                                "P": "1012",
                                "S": "11",
                                "T": "12.3",
                                "V": "30000",
                                "W": "8",
                                "Pt": "R",
                                "Dp": "10.4",
                                "$": "1380"
                            }
                        ]
                    },
                    {
                        "type": "Day",
                        "value": "2024-03-13Z",
                        "Rep": [
                            {
                                "D": "SW",
                                "G": "18",
                                "H": "88.7",
                                "P": "1012",
                                "S": "13",
                                "T": "12.0",
                                "V": "30000",
                                "W": "8",
                                "Pt": "R",
                                "Dp": "10.2",
                                "$": "0"
                            },
                            {
                                "D": "SW",
                                "G": "22",
                                "H": "87.4",
                                "P": "1012",
                                "S": "15",
                                "T": "11.9",
                                "V": "30000",
                                "W": "8",
                                "Pt": "R",
                                "Dp": "9.9",
                                "$": "60"
                            },
                            {
                                "D": "SW",
                                "G": "22",
                                "H": "86.8",
                                "P": "1012",
                                "S": "15",
                                "T": "11.7",
                                "V": "35000",
                                "W": "8",
                                "Pt": "R",
                                "Dp": "9.6",
                                "$": "120"
                            },
                            {
                                "D": "SW",
                                "G": "19",
                                "H": "88.1",
                                "P": "1012",
                                "S": "11",
                                "T": "11.4",
                                "V": "30000",
                                "W": "8",
                                "Pt": "R",
                                "Dp": "9.5",
                                "$": "180"
                            },
                            {
                                "D": "SW",
                                "G": "19",
                                "H": "84.0",
                                "P": "1012",
                                "S": "13",
                                "T": "11.4",
                                "V": "55000",
                                "W": "8",
                                "Pt": "F",
                                "Dp": "8.8",
                                "$": "240"
                            },
                            {
                                "D": "SSW",
                                "G": "19",
                                "H": "86.8",
                                "P": "1012",
                                "S": "10",
                                "T": "11.1",
                                "V": "55000",
                                "W": "8",
                                "Pt": "F",
                                "Dp": "9.0",
                                "$": "300"
                            },
                            {
                                "D": "SW",
                                "G": "17",
                                "H": "86.9",
                                "P": "1012",
                                "S": "11",
                                "T": "11.3",
                                "V": "45000",
                                "W": "8",
                                "Pt": "F",
                                "Dp": "9.2",
                                "$": "360"
                            },
                            {
                                "D": "SSW",
                                "G": "19",
                                "H": "85.2",
                                "P": "1012",
                                "S": "11",
                                "T": "11.4",
                                "V": "40000",
                                "W": "8",
                                "Pt": "F",
                                "Dp": "9.0",
                                "$": "420"
                            },
                            {
                                "D": "SSW",
                                "G": "19",
                                "H": "84.6",
                                "P": "1012",
                                "S": "13",
                                "T": "11.7",
                                "V": "40000",
                                "W": "8",
                                "Pt": "R",
                                "Dp": "9.2",
                                "$": "480"
                            },
                            {
                                "D": "SSW",
                                "G": "19",
                                "H": "88.7",
                                "P": "1012",
                                "S": "14",
                                "T": "11.5",
                                "V": "11000",
                                "W": "11",
                                "Pt": "R",
                                "Dp": "9.7",
                                "$": "540"
                            },
                            {
                                "D": "SSW",
                                "G": "19",
                                "H": "85.7",
                                "P": "1012",
                                "S": "11",
                                "T": "11.9",
                                "V": "40000",
                                "W": "8",
                                "Pt": "R",
                                "Dp": "9.6",
                                "$": "600"
                            },
                            {
                                "D": "SSW",
                                "G": "24",
                                "H": "81.8",
                                "P": "1012",
                                "S": "16",
                                "T": "12.7",
                                "V": "40000",
                                "W": "8",
                                "Pt": "R",
                                "Dp": "9.7",
                                "$": "660"
                            },
                            {
                                "D": "SW",
                                "G": "24",
                                "H": "79.1",
                                "P": "1012",
                                "S": "14",
                                "T": "12.7",
                                "V": "40000",
                                "W": "8",
                                "Pt": "R",
                                "Dp": "9.2",
                                "$": "720"
                            },
                            {
                                "D": "SSW",
                                "G": "21",
                                "H": "77.6",
                                "P": "1012",
                                "S": "14",
                                "T": "13.4",
                                "V": "35000",
                                "W": "8",
                                "Pt": "F",
                                "Dp": "9.6",
                                "$": "780"
                            },
                            {
                                "D": "SSW",
                                "G": "24",
                                "H": "76.6",
                                "P": "1012",
                                "S": "13",
                                "T": "13.3",
                                "V": "35000",
                                "W": "8",
                                "Pt": "F",
                                "Dp": "9.3",
                                "$": "840"
                            },
                            {
                                "D": "SSW",
                                "G": "24",
                                "H": "77.1",
                                "P": "1012",
                                "S": "14",
                                "T": "13.3",
                                "V": "35000",
                                "W": "8",
                                "Pt": "F",
                                "Dp": "9.4",
                                "$": "900"
                            },
                            {
                                "D": "SSW",
                                "G": "25",
                                "H": "75.0",
                                "P": "1012",
                                "S": "14",
                                "T": "13.4",
                                "V": "40000",
                                "W": "8",
                                "Pt": "F",
                                "Dp": "9.1",
                                "$": "960"
                            }
                        ]
                    }
                ]
            }
        }
    }
}