{
    "SiteRep": {
        "Wx": {
            "Param": [
                {
                    "name": "G",
                    "units": "mph",
                    "$": "Wind Gust"
                },
                {
                    "name": "T",
                    "units": "C",
                    "$": "Temperature"
                },
                {
                    "name": "V",
                    "units": "m",
                    "$": "Visibility"
                },
                {
                    "name": "D",
                    "units": "compass",
                    "$": "Wind Direction"
                },
                {
                    "name": "S",
                    "units": "mph",
                    "$": "Wind Speed"
                },
                {
                    "name": "W",
                    "units": "",
                    "$": "Weather Type"
                },
                {
                    "name": "P",
                    "units": "hpa",
                    "$": "Pressure"
                },
                {
                    "name": "Pt",
                    "units": "Pa/s",
                    "$": "Pressure Tendency"
                },
                {
                    "name": "Dp",
                    "units": "C",
                    "$": "Dew Point"
                },
                {
                    "name": "H",
                    "units": "%",
                    "$": "Screen Relative Humidity"
                }
            ]
        },
        "DV": {
            "dataDate": "2023-11-06T16:00:00Z",
            "type": "Obs",
            "Location": {
                "i": "3772",
                "lat": "51.479",
                "lon": "-0.449",
                "name": "HEATHROW",
                "country": "ENGLAND",
                "continent": "EUROPE",
                "elevation": "25.0",
                "Period": [
                    {
                        "type": "Day",
                        "value": "2023-11-05Z",
                        "Rep": [
                            {
                                "D": "SW",
                                "G": "26",
                                "H": "72.1",
                                "P": "987",
                                "S": "13",
                                "T": "11.9",
                                "V": "40000",
                                "W": "3",
                                "Pt": "R",
                                "Dp": "7.0",
                                "$": "960"
                            },
                            {
                                "D": "SW",
                                "G": "21",
                                "H": "73.5",
                                "P": "988",
                                "S": "10",
                                "T": "11.5",
                                "V": "40000",
                                "W": "8",
                                "Pt": "R",
                                "Dp": "6.9",
                                "$": "1020"
                            },
                            {
                                "D": "SW",
                                "G": "18",
                                "H": "76.9",
                                "P": "988",
                                "S": "9",
                                "T": "10.8",
                                "V": "35000",
                                "W": "8",
                                "Pt": "R",
                                "Dp": "6.9",
                                "$": "1080"
                            },
                            {
                                "D": "SW",
                                "G": "17",
                                "H": "80.0",
                                "P": "989",
                                "S": "11",
                                "T": "10.0",
                                "V": "30000",
                                "W": "0",
                                "Pt": "R",
                                "Dp": "6.7",
                                "$": "1140"
                            },
                            {
                                "D": "SW",
                                "G": "17",
                                "H": "81.6",
                                "P": "990",
                                "S": "11",
                                "T": "9.7",
                                "V": "30000",
                                "W": "0",
                                "Pt": "R",
                                "Dp": "6.7",
                                "$": "1200"
                            },
                            {
                                "D": "SW",
                                "G": "18",
                                "H": "85.1",
                                "P": "991",
                                "S": "13",
                                "T": "9.3",
                                "V": "26000",
                                "W": "7",
                                "Pt": "R",
                                "Dp": "6.9",
                                "$": "1260"
                            },
                            {
                                "D": "SW",
                                "G": "18",
                                "H": "85.1",
                                "P": "992",
                                "S": "13",
                                "T": "9.3",
                                "V": "30000",
                                "W": "8",
                                "Pt": "R",
                                "Dp": "6.9",
                                "$": "1320"
                            },
                            {
                                "D": "SW",
                                "G": "19",
                                "H": "86.2",
                                "P": "992",
                                "S": "11",
                                "T": "8.9",
                                "V": "29000",
                                "W": "7",
                                "Pt": "R",
                                "Dp": "6.7",
                                "$": "1380"
                            }
                        ]
                    },
                    {
                        "type": "Day",
                        "value": "2023-11-06Z",
                        "Rep": [
                            {
                                "D": "SSW",
                                "G": "15",
                                "H": "86.6",
                                "P": "992",
                                "S": "9",
                                "T": "8.4",
                                "V": "27000",
                                "W": "8",
                                "Pt": "R",
                                "Dp": "6.3",
                                "$": "0"
                            },
                            {
                                "D": "SSW",
                                "G": "14",
                                "H": "85.4",
                                "P": "992",
                                "S": "8",
                                "T": "8.4",
                                "V": "25000",
                                "W": "2",
                                "Pt": "R",
                                "Dp": "6.1",
                                "$": "60"
                            },
                            {
                                "D": "SSW",
                                "G": "14",
                                "H": "86.6",
                                "P": "993",
                                "S": "10",
                                "T": "8.4",
                                "V": "23000",
                                "W": "7",
                                "Pt": "R",
                                "Dp": "6.3",
                                "$": "120"
                            },
                            {
                                "D": "SSW",
                                "G": "15",
                                "H": "86.0",
                                "P": "993",
                                "S": "9",
                                "T": "8.4",
                                "V": "25000",
                                "W": "2",
                                "Pt": "R",
                                "Dp": "6.2",
                                "$": "180"
                            },
                            {
                                "D": "SW",
                                "G": "14",
                                "H": "86.0",
                                "P": "993",
                                "S": "9",
                                "T": "8.4",
                                "V": "29000",
                                "W": "2",
                                "Pt": "R",
                                "Dp": "6.2",
                                "$": "240"
                            },
                            {
                                "D": "SSW",
                                "G": "14",
                                "H": "88.4",
                                "P": "994",
                                "S": "9",
                                "T": "8.2",
                                "V": "26000",
                                "W": "0",
                                "Pt": "R",
                                "Dp": "6.4",
                                "$": "300"
                            },
                            {
                                "D": "SW",
                                "G": "13",
                                "H": "90.2",
                                "P": "995",
                                "S": "9",
                                "T": "7.3",
                                "V": "35000",
                                "W": "0",
                                "Pt": "R",
                                "Dp": "5.8",
                                "$": "360"
                            },
                            {
                                "D": "SW",
                                "G": "15",
                                "H": "90.2",
                                "P": "995",
                                "S": "9",
                                "T": "7.6",
                                "V": "35000",
                                "W": "0",
                                "Pt": "R",
                                "Dp": "6.1",
                                "$": "420"
                            },
                            {
                                "D": "SW",
                                "G": "14",
                                "H": "89.1",
                                "P": "996",
                                "S": "10",
                                "T": "8.1",
                                "V": "30000",
                                "W": "1",
                                "Pt": "R",
                                "Dp": "6.4",
                                "$": "480"
                            },
                            {
                                "D": "WSW",
                                "G": "16",
                                "H": "81.0",
                                "P": "997",
                                "S": "10",
                                "T": "9.7",
                                "V": "35000",
                                "W": "1",
                                "Pt": "R",
                                "Dp": "6.6",
                                "$": "540"
                            },
                            {
                                "D": "WSW",
                                "G": "21",
                                "H": "74.4",
                                "P": "998",
                                "S": "14",
                                "T": "11.4",
                                "V": "30000",
                                "W": "1",
                                "Pt": "R",
                                "Dp": "7.0",
                                "$": "600"
                            },
                            {
                                "D": "SW",
                                "G": "23",
                                "H": "69.2",
                                "P": "999",
                                "S": "16",
                                "T": "12.5",
                                "V": "30000",
                                "W": "1",
                                "Pt": "R",
                                "Dp": "7.0",
                                "$": "660"
                            },
                            {
                                "D": "WSW",
                                "G": "26",
                                "H": "67.7",
                                "P": "999",
                                "S": "17",
                                "T": "12.8",
                                "V": "30000",
                                "W": "1",
                                "Pt": "R",
                                "Dp": "7.0",
                                "$": "720"
                            },
                            {
                                "D": "WSW",
                                "G": "25",
                                "H": "65.7",
                                "P": "999",
                                "S": "16",
                                "T": "13.5",
                                "V": "40000",
                                "W": "3",
                                "Pt": "R",
                                "Dp": "7.2",
                                "$": "780"
                            },
                            {
                                "D": "WSW",
                                "G": "26",
                                "H": "66.0",
                                "P": "1000",
                                "S": "17",
                                "T": "13.1",
                                "V": "35000",
                                "W": "7",
                                "Pt": "R",
                                "Dp": "6.9",
                                "$": "840"
                            },
                            {
                                "D": "WSW",
                                "G": "26",
                                "H": "68.2",
                                "P": "1000",
                                "S": "15",
                                "T": "12.5",
                                "V": "35000",
                                "W": "1",
                                "Pt": "R",
                                "Dp": "6.8",
                                "$": "900"
                            },
                            {
                                "D": "WSW",
                                "G": "24",
                                "H": "75.5",
                                "P": "1000",
                                "S": "13",
                                "T": "11.9",
                                "V": "35000",
                                "W": "1",
                                "Pt": "R",
                                "Dp": "7.7",
                                "$": "960"
                            }
                        ]
                    }
                ]
            }
        }
    }
}