{
    "SiteRep": {
        "Wx": {
            "Param": [
                {
                    "name": "G",
                    "units": "mph",
                    "$": "Wind Gust"
                },
                {
                    "name": "T",
                    "units": "C",
                    "$": "Temperature"
                },
                {
                    "name": "V",
                    "units": "m",
                    "$": "Visibility"
                },
                {
                    "name": "D",
                    "units": "compass",
                    "$": "Wind Direction"
                },
                {
                    "name": "S",
                    "units": "mph",
                    "$": "Wind Speed"
                },
                {
                    "name": "W",
                    "units": "",
                    "$": "Weather Type"
                },
                {
                    "name": "P",
                    "units": "hpa",
                    "$": "Pressure"
                },
                {
                    "name": "Pt",
                    "units": "Pa/s",
                    "$": "Pressure Tendency"
                },
                {
                    "name": "Dp",
                    "units": "C",
                    "$": "Dew Point"
                },
                {
                    "name": "H",
                    "units": "%",
                    "$": "Screen Relative Humidity"
                }
            ]
        },
        "DV": {
            "dataDate": "2023-11-10T16:00:00Z",
            "type": "Obs",
            "Location": {
                "i": "3772",
                "lat": "51.479",
                "lon": "-0.449",
                "name": "HEATHROW",
                "country": "ENGLAND",
                "continent": "EUROPE",
                "elevation": "25.0",
                "Period": [
                    {
                        "type": "Day",
                        "value": "2023-11-09Z",
                        "Rep": [
                            {
                                "D": "S",
                                "G": "15",
                                "H": "79.4",
                                "P": "994",
                                "S": "8",
                                "T": "9.3",
                                "V": "35000",
                                "W": "3",
                                "Pt": "F",
                                "Dp": "5.9",
                                "$": "960"
                            },
                            {
                                "D": "SSW",
                                "G": "17",
                                "H": "74.1",
                                "P": "993",
                                "S": "10",
                                "T": "9.3",
                                "V": "29000",
                                "W": "8",
                                "Pt": "F",
                                "Dp": "4.9",
                                "$": "1020"
                            },
                            {
                                "D": "SSW",
                                "G": "23",
                                "H": "84.3",
                                "P": "994",
                                "S": "10",
                                "T": "8.5",
                                "V": "28000",
                                "W": "12",
                                "Pt": "F",
                                "Dp": "6.0",
                                "$": "1080"
                            },
                            {
                                "D": "WSW",
                                "G": "21",
                                "H": "88.4",
                                "P": "994",
                                "S": "14",
                                "T": "6.8",
                                "V": "24000",
                                "W": "12",
                                "Pt": "F",
                                "Dp": "5.0",
                                "$": "1140"
                            },
                            {
                                "D": "SW",
                                "G": "23",
                                "H": "84.9",
                                "P": "993",
                                "S": "15",
                                "T": "7.7",
                                "V": "35000",
                                "W": "2",
                                "Pt": "F",
                                "Dp": "5.3",
                                "$": "1200"
                            },
                            {
                                "D": "SSW",
                                "G": "23",
                                "H": "86.6",
                                "P": "993",
                                "S": "11",
                                "T": "7.4",
                                "V": "30000",
                                "W": "8",
                                "Pt": "F",
                                "Dp": "5.3",
                                "$": "1260"
                            },
                            {
                                "D": "SW",
                                "G": "21",
                                "H": "86.5",
                                "P": "994",
                                "S": "15",
                                "T": "7.3",
                                "V": "35000",
                                "W": "8",
                                "Pt": "F",
                                "Dp": "5.2",
                                "$": "1320"
                            },
                            {
                                "D": "SW",
                                "G": "22",
                                "H": "85.3",
                                "P": "994",
                                "S": "14",
                                "T": "7.0",
                                "V": "45000",
                                "W": "0",
                                "Pt": "R",
                                "Dp": "4.7",
                                "$": "1380"
                            }
                        ]
                    },
                    {
                        "type": "Day",
                        "value": "2023-11-10Z",
                        "Rep": [
                            {
                                "D": "SW",
                                "G": "19",
                                "H": "87.1",
                                "P": "994",
                                "S": "10",
                                "T": "7.1",
                                "V": "30000",
                                "W": "12",
                                "Pt": "R",
                                "Dp": "5.1",
                                "$": "0"
                            },
                            {
                                "D": "SW",
                                "G": "16",
                                "H": "86.5",
                                "P": "993",
                                "S": "9",
                                "T": "6.8",
                                "V": "27000",
                                "W": "2",
                                "Pt": "F",
                                "Dp": "4.7",
                                "$": "60"
                            },
                            {
                                "D": "S",
                                "G": "13",
                                "H": "88.4",
                                "P": "992",
                                "S": "6",
                                "T": "6.8",
                                "V": "24000",
                                "W": "7",
                                "Pt": "F",
                                "Dp": "5.0",
                                "$": "120"
                            },
                            {
                                "D": "SSW",
                                "G": "11",
                                "H": "88.9",
                                "P": "992",
                                "S": "8",
                                "T": "6.3",
                                "V": "20000",
                                "W": "2",
                                "Pt": "F",
                                "Dp": "4.6",
                                "$": "180"
                            },
                            {
                                "D": "SSW",
                                "G": "13",
                                "H": "89.1",
                                "P": "992",
                                "S": "8",
                                "T": "6.8",
                                "V": "21000",
                                "W": "8",
                                "Pt": "F",
                                "Dp": "5.1",
                                "$": "240"
                            },
                            {
                                "D": "SW",
                                "G": "10",
                                "H": "89.6",
                                "P": "992",
                                "S": "7",
                                "T": "7.3",
                                "V": "30000",
                                "W": "8",
                                "Pt": "F",
                                "Dp": "5.7",
                                "$": "300"
                            },
                            {
                                "D": "SW",
                                "G": "18",
                                "H": "83.1",
                                "P": "992",
                                "S": "11",
                                "T": "7.7",
                                "V": "75000",
                                "W": "8",
                                "Pt": "F",
                                "Dp": "5.0",
                                "$": "360"
                            },
                            {
                                "D": "SSW",
                                "G": "14",
                                "H": "89.0",
                                "P": "991",
                                "S": "8",
                                "T": "7.5",
                                "V": "50000",
                                "W": "8",
                                "Pt": "F",
                                "Dp": "5.8",
                                "$": "420"
                            },
                            {
                                "D": "SW",
                                "G": "16",
                                "H": "90.9",
                                "P": "992",
                                "S": "10",
                                "T": "7.7",
                                "V": "2700",
                                "W": "12",
                                "Pt": "F",
                                "Dp": "6.3",
                                "$": "480"
                            },
                            {
                                "D": "WSW",
                                "G": "15",
                                "H": "92.1",
                                "P": "991",
                                "S": "5",
                                "T": "7.8",
                                "V": "1700",
                                "W": "15",
                                "Pt": "F",
                                "Dp": "6.6",
                                "$": "540"
                            },
                            {
                                "D": "W",
                                "G": "13",
                                "H": "90.9",
                                "P": "991",
                                "S": "1",
                                "T": "8.9",
                                "V": "40000",
                                "W": "11",
                                "Pt": "F",
                                "Dp": "7.5",
                                "$": "600"
                            },
                            {
                                "D": "N",
                                "G": "11",
                                "H": "91.5",
                                "P": "992",
                                "S": "7",
                                "T": "8.6",
                                "V": "9000",
                                "W": "12",
                                "Pt": "R",
                                "Dp": "7.3",
                                "$": "660"
                            },
                            {
                                "D": "NNW",
                                "G": "16",
                                "H": "89.7",
                                "P": "993",
                                "S": "6",
                                "T": "8.5",
                                "V": "19000",
                                "W": "12",
                                "Pt": "R",
                                "Dp": "6.9",
                                "$": "720"
                            },
                            {
                                "D": "NNW",
                                "G": "22",
                                "H": "85.6",
                                "P": "995",
                                "S": "7",
                                "T": "9.2",
                                "V": "35000",
                                "W": "8",
                                "Pt": "R",
                                "Dp": "6.9",
                                "$": "780"
                            },
                            {
                                "D": "NNW",
                                "G": "19",
                                "H": "79.2",
                                "P": "997",
                                "S": "7",
                                "T": "9.1",
                                "V": "35000",
                                "W": "8",
                                "Pt": "R",
                                "Dp": "5.7",
                                "$": "840"
                            },
                            {
                                "D": "NW",
                                "G": "23",
                                "H": "75.0",
                                "P": "998",
                                "S": "10",
                                "T": "9.1",
                                "V": "45000",
                                "W": "8",
                                "Pt": "R",
                                "Dp": "4.9",
                                "$": "900"
                            },
                            {
                                "D": "NW",
                                "G": "19",
                                "H": "72.4",
                                "P": "1000",
                                "S": "10",
                                "T": "8.9",
                                "V": "55000",
                                "W": "8",
                                "Pt": "R",
                                "Dp": "4.2",
                                "$": "960"
                            }
                        ]
                    }
                ]
            }
        }
    }
}