{
    "SiteRep": {
        "Wx": {
            "Param": [
                {
                    "name": "G",
                    "units": "mph",
                    "$": "Wind Gust"
                },
                {
                    "name": "T",
                    "units": "C",
                    "$": "Temperature"
                },
                {
                    "name": "V",
                    "units": "m",
                    "$": "Visibility"
                },
                {
                    "name": "D",
                    "units": "compass",
                    "$": "Wind Direction"
                },
                {
                    "name": "S",
                    "units": "mph",
                    "$": "Wind Speed"
                },
                {
                    "name": "W",
                    "units": "",
                    "$": "Weather Type"
                },
                {
                    "name": "P",
                    "units": "hpa",
                    "$": "Pressure"
                },
                {
                    "name": "Pt",
                    "units": "Pa/s",
                    "$": "Pressure Tendency"
                },
                {
                    "name": "Dp",
                    "units": "C",
                    "$": "Dew Point"
                },
                {
                    "name": "H",
                    "units": "%",
                    "$": "Screen Relative Humidity"
                }
            ]
        },
        "DV": {
            "dataDate": "2023-10-03T16:00:00Z",
            "type": "Obs",
            "Location": {
                "i": "3772",
                "lat": "51.479",
                "lon": "-0.449",
                "name": "HEATHROW",
                "country": "ENGLAND",
                "continent": "EUROPE",
                "elevation": "25.0",
                "Period": [
                    {
                        "type": "Day",
                        "value": "2023-10-02Z",
                        "Rep": [
                            {
                                "D": "E",
                                "G": "23",
                                "H": "83.8",
                                "P": "1011",
                                "S": "13",
                                "T": "19.0",
                                "V": "20000",
                                "W": "8",
                                "Pt": "F",
                                "Dp": "16.2",
                                "$": "960"
                            },
                            {
                                "D": "NNW",
                                "G": "16",
                                "H": "92.1",
                                "P": "1013",
                                "S": "3",
                                "T": "18.3",
                                "V": "9000",
                                "W": "12",
                                "Pt": "F",
                                "Dp": "17.0",
                                "$": "1020"
                            },
                            {
                                "D": "E",
                                "G": "13",
                                "H": "94.4",
                                "P": "1012",
                                "S": "5",
                                "T": "17.9",
                                "V": "9000",
                                "W": "8",
                                "Pt": "F",
                                "Dp": "17.0",
                                "$": "1080"
                            },
                            {
                                "D": "E",
                                "G": "8",
                                "H": "95.6",
                                "P": "1010",
                                "S": "5",
                                "T": "18.1",
                                "V": "8000",
                                "W": "5",
                                "Pt": "F",
                                "Dp": "17.4",
                                "$": "1140"
                            },
                            {
                                "D": "ENE",
                                "G": "7",
                                "H": "95.6",
                                "P": "1009",
                                "S": "3",
                                "T": "18.2",
                                "V": "8000",
                                "W": "5",
                                "Pt": "F",
                                "Dp": "17.5",
                                "$": "1200"
                            },
                            {
                                "D": "N",
                                "G": "6",
                                "H": "95.0",
                                "P": "1009",
                                "S": "1",
                                "T": "18.2",
                                "V": "7000",
                                "W": "5",
                                "Pt": "F",
                                "Dp": "17.4",
                                "$": "1260"
                            },
                            {
                                "D": "WSW",
                                "G": "10",
                                "H": "95.6",
                                "P": "1008",
                                "S": "2",
                                "T": "18.1",
                                "V": "6000",
                                "W": "5",
                                "Pt": "F",
                                "Dp": "17.4",
                                "$": "1320"
                            },
                            {
                                "D": "SW",
                                "G": "17",
                                "H": "91.5",
                                "P": "1009",
                                "S": "13",
                                "T": "18.3",
                                "V": "12000",
                                "W": "8",
                                "Pt": "F",
                                "Dp": "16.9",
                                "$": "1380"
                            }
                        ]
                    },
                    {
                        "type": "Day",
                        "value": "2023-10-03Z",
                        "Rep": [
                            {
                                "D": "WSW",
                                "G": "28",
                                "H": "88.5",
                                "P": "1009",
                                "S": "16",
                                "T": "16.9",
                                "V": "40000",
                                "W": "8",
                                "Pt": "F",
                                "Dp": "15.0",
                                "$": "0"
                            },
                            {
                                "D": "NW",
                                "G": "28",
                                "H": "87.6",
                                "P": "1010",
                                "S": "10",
                                "T": "13.6",
                                "W": "8",
                                "Pt": "R",
                                "Dp": "11.6",
                                "$": "60"
                            },
                            {
                                "D": "N",
                                "G": "16",
                                "H": "86.5",
                                "P": "1011",
                                "S": "2",
                                "T": "13.3",
                                "V": "65000",
                                "W": "8",
                                "Pt": "R",
                                "Dp": "11.1",
                                "$": "120"
                            },
                            {
                                "D": "WNW",
                                "G": "17",
                                "H": "87.6",
                                "P": "1012",
                                "S": "9",
                                "T": "13.3",
                                "V": "45000",
                                "W": "8",
                                "Pt": "R",
                                "Dp": "11.3",
                                "$": "180"
                            },
                            {
                                "D": "WNW",
                                "G": "18",
                                "H": "89.4",
                                "P": "1013",
                                "S": "9",
                                "T": "13.0",
                                "V": "19000",
                                "W": "11",
                                "Pt": "R",
                                "Dp": "11.3",
                                "$": "240"
                            },
                            {
                                "D": "WNW",
                                "G": "17",
                                "H": "89.3",
                                "P": "1014",
                                "S": "8",
                                "T": "12.6",
                                "V": "30000",
                                "W": "8",
                                "Pt": "R",
                                "Dp": "10.9",
                                "$": "300"
                            },
                            {
                                "D": "W",
                                "G": "15",
                                "H": "89.3",
                                "P": "1015",
                                "S": "9",
                                "T": "12.6",
                                "V": "20000",
                                "W": "11",
                                "Pt": "R",
                                "Dp": "10.9",
                                "$": "360"
                            },
                            {
                                "D": "W",
                                "G": "16",
                                "H": "92.4",
                                "P": "1016",
                                "S": "8",
                                "T": "12.1",
                                "V": "20000",
                                "W": "8",
                                "Pt": "R",
                                "Dp": "10.9",
                                "$": "420"
                            },
                            {
                                "D": "WSW",
                                "G": "15",
                                "H": "87.6",
                                "P": "1016",
                                "S": "10",
                                "T": "13.5",
                                "V": "35000",
                                "W": "7",
                                "Pt": "R",
                                "Dp": "11.5",
                                "$": "480"
                            },
                            {
                                "D": "WSW",
                                "G": "19",
                                "H": "80.4",
                                "P": "1018",
                                "S": "14",
                                "T": "14.1",
                                "V": "40000",
                                "W": "1",
                                "Pt": "R",
                                "Dp": "10.8",
                                "$": "540"
                            },
                            {
                                "D": "WSW",
                                "G": "18",
                                "H": "71.0",
                                "P": "1019",
                                "S": "11",
                                "T": "16.1",
                                "V": "50000",
                                "W": "1",
                                "Pt": "R",
                                "Dp": "10.9",
                                "$": "600"
                            },
                            {
                                "D": "W",
                                "G": "28",
                                "H": "63.9",
                                "P": "1019",
                                "S": "17",
                                "T": "16.8",
                                "V": "40000",
                                "W": "1",
                                "Pt": "R",
                                "Dp": "10.0",
                                "$": "660"
                            },
                            {
                                "D": "W",
                                "G": "29",
                                "H": "57.9",
                                "P": "1019",
                                "S": "17",
                                "T": "17.5",
                                "V": "45000",
                                "W": "8",
                                "Pt": "R",
                                "Dp": "9.2",
                                "$": "720"
                            },
                            {
                                "D": "WSW",
                                "G": "28",
                                "H": "55.8",
                                "P": "1020",
                                "S": "18",
                                "T": "18.4",
                                "V": "50000",
                                "W": "8",
                                "Pt": "R",
                                "Dp": "9.5",
                                "$": "780"
                            },
                            {
                                "D": "W",
                                "G": "29",
                                "H": "58.5",
                                "P": "1021",
                                "S": "13",
                                "T": "17.2",
                                "V": "50000",
                                "W": "8",
                                "Pt": "R",
                                "Dp": "9.1",
                                "$": "840"
                            },
                            {
                                "D": "W",
                                "G": "29",
                                "H": "51.4",
                                "P": "1021",
                                "S": "19",
                                "T": "18.6",
                                "V": "60000",
                                "W": "1",
                                "Pt": "R",
                                "Dp": "8.5",
                                "$": "900"
                            },
                            {
                                "D": "W",
                                "G": "28",
                                "H": "53.3",
                                "P": "1022",
                                "S": "17",
                                "T": "17.8",
                                "V": "55000",
                                "W": "3",
                                "Pt": "R",
                                "Dp": "8.3",
                                "$": "960"
                            }
                        ]
                    }
                ]
            }
        }
    }
}