{
    "SiteRep": {
        "Wx": {
            "Param": [
                {
                    "name": "G",
                    "units": "mph",
                    "$": "Wind Gust"
                },
                {
                    "name": "T",
                    "units": "C",
                    "$": "Temperature"
                },
                {
                    "name": "V",
                    "units": "m",
                    "$": "Visibility"
                },
                {
                    "name": "D",
                    "units": "compass",
                    "$": "Wind Direction"
                },
                {
                    "name": "S",
                    "units": "mph",
                    "$": "Wind Speed"
                },
                {
                    "name": "W",
                    "units": "",
                    "$": "Weather Type"
                },
                {
                    "name": "P",
                    "units": "hpa",
                    "$": "Pressure"
                },
                {
                    "name": "Pt",
                    "units": "Pa/s",
                    "$": "Pressure Tendency"
                },
                {
                    "name": "Dp",
                    "units": "C",
                    "$": "Dew Point"
                },
                {
                    "name": "H",
                    "units": "%",
                    "$": "Screen Relative Humidity"
                }
            ]
        },
        "DV": {
            "dataDate": "2024-03-19T16:00:00Z",
            "type": "Obs",
            "Location": {
                "i": "3772",
                "lat": "51.479",
                "lon": "-0.449",
                "name": "HEATHROW",
                "country": "ENGLAND",
                "continent": "EUROPE",
                "elevation": "25.0",
                "Period": [
                    {
                        "type": "Day",
                        "value": "2024-03-18Z",
                        "Rep": [
                            {
                                "D": "S",
                                "G": "21",
                                "H": "76.1",
                                "P": "1014",
                                "S": "13",
                                "T": "13.7",
                                "V": "45000",
                                "W": "8",
                                "Pt": "F",
                                "Dp": "9.6",
                                "$": "960"
                            },
                            {
                                "D": "SSW",
                                "G": "22",
                                "H": "75.0",
                                "P": "1014",
                                "S": "14",
                                "T": "13.4",
                                "V": "45000",
                                "W": "8",
                                "Pt": "F",
                                "Dp": "9.1",
                                "$": "1020"
                            },
                            {
                                "D": "S",
                                "G": "22",
                                "H": "75.4",
                                "P": "1014",
                                "S": "11",
                                "T": "12.5",
                                "V": "30000",
                                "W": "2",
                                "Pt": "F",
                                "Dp": "8.3",
                                "$": "1080"
                            },
                            {
                                "D": "S",
                                "G": "17",
                                "H": "80.6",
                                "P": "1014",
                                "S": "11",
                                "T": "11.9",
                                "V": "30000",
                                "W": "0",
                                "Pt": "R",
                                "Dp": "8.7",
                                "$": "1140"
                            },
                            {
                                "D": "SSW",
                                "G": "18",
                                "H": "85.1",
                                "P": "1014",
                                "S": "14",
                                "T": "11.4",
                                "V": "40000",
                                "W": "2",
                                "Pt": "R",
                                "Dp": "9.0",
                                "$": "1200"
                            },
                            {
                                "D": "SSW",
                                "G": "23",
                                "H": "84.6",
                                "P": "1014",
                                "S": "14",
                                "T": "11.7",
                                "V": "30000",
                                "W": "8",
                                "Pt": "R",
                                "Dp": "9.2",
                                "$": "1260"
                            },
                            {
                                "D": "SSW",
                                "G": "19",
                                "H": "86.8",
                                "P": "1015",
                                "S": "11",
                                "T": "11.3",
                                "V": "35000",
                                "W": "8",
                                "Pt": "R",
                                "Dp": "9.2",
                                "$": "1320"
                            },
                            {
                                "D": "SSW",
                                "G": "17",
                                "H": "83.4",
                                "P": "1014",
                                "S": "11",
                                "T": "11.4",
                                "V": "35000",
                                "W": "8",
                                "Pt": "F",
                                "Dp": "8.7",
                                "$": "1380"
                            }
                        ]
                    },
                    {
                        "type": "Day",
                        "value": "2024-03-19Z",
                        "Rep": [
                            {
                                "D": "SSW",
                                "G": "18",
                                "H": "83.3",
                                "P": "1014",
                                "S": "11",
                                "T": "11.1",
                                "V": "40000",
                                "W": "8",
                                "Pt": "F",
                                "Dp": "8.4",
                                "$": "0"
                            },
                            {
                                "D": "SSW",
                                "G": "18",
                                "H": "83.9",
                                "P": "1014",
                                "S": "11",
                                "T": "11.2",
                                "V": "30000",
                                "W": "8",
                                "Pt": "F",
                                "Dp": "8.6",
                                "$": "60"
                            },
                            {
                                "D": "SSW",
                                "G": "18",
                                "H": "85.5",
                                "P": "1014",
                                "S": "10",
                                "T": "10.6",
                                "V": "30000",
                                "W": "7",
                                "Pt": "F",
                                "Dp": "8.3",
                                "$": "120"
                            },
                            {
                                "D": "S",
                                "G": "15",
                                "H": "86.1",
                                "P": "1013",
                                "S": "9",
                                "T": "10.6",
                                "V": "30000",
                                "W": "8",
                                "Pt": "F",
                                "Dp": "8.4",
                                "$": "180"
                            },
                            {
                                "D": "S",
                                "G": "15",
                                "H": "86.8",
                                "P": "1013",
                                "S": "8",
                                "T": "10.4",
                                "V": "30000",
                                "W": "8",
                                "Pt": "F",
                                "Dp": "8.3",
                                "$": "240"
                            },
                            {
                                "D": "S",
                                "G": "16",
                                "H": "82.6",
                                "P": "1013",
                                "S": "10",
                                "T": "10.8",
                                "V": "35000",
                                "W": "8",
                                "Pt": "F",
                                "Dp": "8.0",
                                "$": "300"
                            },
                            {
                                "D": "SSW",
                                "G": "18",
                                "H": "78.8",
                                "P": "1013",
                                "S": "13",
                                "T": "11.1",
                                "V": "35000",
                                "W": "8",
                                "Pt": "R",
                                "Dp": "7.6",
                                "$": "360"
                            },
                            {
                                "D": "SSW",
                                "G": "19",
                                "H": "81.1",
                                "P": "1014",
                                "S": "13",
                                "T": "11.3",
                                "V": "30000",
                                "W": "8",
                                "Pt": "R",
                                "Dp": "8.2",
                                "$": "420"
                            },
                            {
                                "D": "SSW",
                                "G": "25",
                                "H": "80.6",
                                "P": "1014",
                                "S": "14",
                                "T": "11.8",
                                "V": "30000",
                                "W": "8",
                                "Pt": "R",
                                "Dp": "8.6",
                                "$": "480"
                            },
                            {
                                "D": "SSW",
                                "G": "24",
                                "H": "81.7",
                                "P": "1015",
                                "S": "17",
                                "T": "11.7",
                                "V": "35000",
                                "W": "8",
                                "Pt": "R",
                                "Dp": "8.7",
                                "$": "540"
                            },
                            {
                                "D": "SSW",
                                "G": "23",
                                "H": "82.9",
                                "P": "1015",
                                "S": "14",
                                "T": "12.1",
                                "V": "10000",
                                "W": "12",
                                "Pt": "R",
                                "Dp": "9.3",
                                "$": "600"
                            },
                            {
                                "D": "SSW",
                                "G": "24",
                                "H": "86.3",
                                "P": "1015",
                                "S": "13",
                                "T": "12.1",
                                "V": "60000",
                                "W": "8",
                                "Pt": "R",
                                "Dp": "9.9",
                                "$": "660"
                            },
                            {
                                "D": "SSW",
                                "G": "22",
                                "H": "84.0",
                                "P": "1016",
                                "S": "15",
                                "T": "12.3",
                                "V": "65000",
                                "W": "8",
                                "Pt": "R",
                                "Dp": "9.7",
                                "$": "720"
                            },
                            {
                                "D": "SSW",
                                "G": "19",
                                "H": "85.2",
                                "P": "1016",
                                "S": "13",
                                "T": "12.7",
                                "V": "65000",
                                "W": "8",
                                "Pt": "R",
                                "Dp": "10.3",
                                "$": "780"
                            },
                            {
                                "D": "SSW",
                                "G": "22",
                                "H": "83.4",
                                "P": "1016",
                                "S": "13",
                                "T": "12.5",
                                "V": "75000",
                                "W": "8",
                                "Pt": "R",
                                "Dp": "9.8",
                                "$": "840"
                            },
                            {
                                "D": "SSW",
                                "G": "19",
                                "H": "85.2",
                                "P": "1016",
                                "S": "11",
                                "T": "12.7",
                                "V": "55000",
                                "W": "8",
                                "Pt": "S",
                                "Dp": "10.3",
                                "$": "900"
                            },
                            {
                                "D": "SSW",
                                "G": "19",
                                "H": "84.7",
                                "P": "1016",
                                "S": "10",
                                "T": "12.4",
                                "V": "35000",
                                "W": "8",
                                "Pt": "S",
                                "Dp": "9.9",
                                "$": "960"
                            }
                        ]
                    }
                ]
            }
        }
    }
}