{
    "SiteRep": {
        "Wx": {
            "Param": [
                {
                    "name": "G",
                    "units": "mph",
                    "$": "Wind Gust"
                },
                {
                    "name": "T",
                    "units": "C",
                    "$": "Temperature"
                },
                {
                    "name": "V",
                    "units": "m",
                    "$": "Visibility"
                },
                {
                    "name": "D",
                    "units": "compass",
                    "$": "Wind Direction"
                },
                {
                    "name": "S",
                    "units": "mph",
                    "$": "Wind Speed"
                },
                {
                    "name": "W",
                    "units": "",
                    "$": "Weather Type"
                },
                {
                    "name": "P",
                    "units": "hpa",
                    "$": "Pressure"
                },
                {
                    "name": "Pt",
                    "units": "Pa/s",
                    "$": "Pressure Tendency"
                },
                {
                    "name": "Dp",
                    "units": "C",
                    "$": "Dew Point"
                },
                {
                    "name": "H",
                    "units": "%",
                    "$": "Screen Relative Humidity"
                }
            ]
        },
        "DV": {
            "dataDate": "2024-05-02T16:00:00Z",
            "type": "Obs",
            "Location": {
                "i": "3772",
                "lat": "51.479",
                "lon": "-0.449",
                "name": "HEATHROW",
                "country": "ENGLAND",
                "continent": "EUROPE",
                "elevation": "25.0",
                "Period": [
                    {
                        "type": "Day",
                        "value": "2024-05-01Z",
                        "Rep": [
                            {
                                "D": "NW",
                                "G": "8",
                                "H": "76.4",
                                "P": "1006",
                                "S": "5",
                                "T": "17.9",
                                "V": "19000",
                                "W": "8",
                                "Pt": "F",
                                "Dp": "13.7",
                                "$": "960"
                            },
                            {
                                "D": "WNW",
                                "G": "9",
                                "H": "75.9",
                                "P": "1005",
                                "S": "6",
                                "T": "18.1",
                                "V": "20000",
                                "W": "8",
                                "Pt": "F",
                                "Dp": "13.8",
                                "$": "1020"
                            },
                            {
                                "D": "WNW",
                                "G": "9",
                                "H": "76.5",
                                "P": "1005",
                                "S": "6",
                                "T": "18.3",
                                "V": "20000",
                                "W": "7",
                                "Pt": "F",
                                "Dp": "14.1",
                                "$": "1080"
                            },
                            {
                                "D": "W",
                                "G": "9",
                                "H": "80.8",
                                "P": "1005",
                                "S": "7",
                                "T": "16.8",
                                "V": "16000",
                                "W": "8",
                                "Pt": "F",
                                "Dp": "13.5",
                                "$": "1140"
                            },
                            {
                                "D": "W",
                                "G": "8",
                                "H": "84.4",
                                "P": "1005",
                                "S": "5",
                                "T": "15.6",
                                "V": "13000",
                                "W": "8",
                                "Pt": "F",
                                "Dp": "13.0",
                                "$": "1200"
                            },
                            {
                                "D": "WNW",
                                "G": "7",
                                "H": "86.7",
                                "P": "1004",
                                "S": "5",
                                "T": "15.3",
                                "V": "12000",
                                "W": "0",
                                "Pt": "F",
                                "Dp": "13.1",
                                "$": "1260"
                            },
                            {
                                "D": "NW",
                                "G": "8",
                                "H": "90.1",
                                "P": "1004",
                                "S": "6",
                                "T": "14.8",
                                "V": "10000",
                                "W": "5",
                                "Pt": "F",
                                "Dp": "13.2",
                                "$": "1320"
                            },
                            {
                                "D": "N",
                                "G": "11",
                                "H": "82.3",
                                "P": "1003",
                                "S": "6",
                                "T": "15.3",
                                "V": "29000",
                                "W": "8",
                                "Pt": "F",
                                "Dp": "12.3",
                                "$": "1380"
                            }
                        ]
                    },
                    {
                        "type": "Day",
                        "value": "2024-05-02Z",
                        "Rep": [
                            {
                                "D": "N",
                                "G": "17",
                                "H": "83.7",
                                "P": "1001",
                                "S": "9",
                                "T": "14.0",
                                "V": "15000",
                                "W": "0",
                                "Pt": "F",
                                "Dp": "11.3",
                                "$": "0"
                            },
                            {
                                "D": "NNE",
                                "G": "16",
                                "H": "84.7",
                                "P": "1001",
                                "S": "7",
                                "T": "12.6",
                                "V": "9000",
                                "W": "7",
                                "Pt": "F",
                                "Dp": "10.1",
                                "$": "60"
                            },
                            {
                                "D": "NNE",
                                "G": "23",
                                "H": "89.3",
                                "P": "1000",
                                "S": "11",
                                "T": "11.6",
                                "V": "5000",
                                "W": "12",
                                "Pt": "F",
                                "Dp": "9.9",
                                "$": "120"
                            },
                            {
                                "D": "S",
                                "G": "26",
                                "H": "92.3",
                                "P": "1001",
                                "S": "10",
                                "T": "11.5",
                                "V": "4300",
                                "W": "12",
                                "Pt": "F",
                                "Dp": "10.3",
                                "$": "180"
                            },
                            {
                                "D": "NNW",
                                "G": "11",
                                "H": "96.1",
                                "P": "1000",
                                "S": "3",
                                "T": "11.3",
                                "V": "900",
                                "W": "8",
                                "Pt": "F",
                                "Dp": "10.7",
                                "$": "240"
                            },
                            {
                                "D": "N",
                                "G": "16",
                                "H": "96.0",
                                "P": "1000",
                                "S": "8",
                                "T": "11.2",
                                "V": "4000",
                                "W": "12",
                                "Pt": "F",
                                "Dp": "10.6",
                                "$": "300"
                            },
                            {
                                "D": "NNE",
                                "G": "18",
                                "H": "94.2",
                                "P": "999",
                                "S": "5",
                                "T": "11.3",
                                "V": "7000",
                                "W": "8",
                                "Pt": "F",
                                "Dp": "10.4",
                                "$": "360"
                            },
                            {
                                "D": "NNE",
                                "G": "15",
                                "H": "94.9",
                                "P": "1000",
                                "S": "6",
                                "T": "11.4",
                                "V": "6000",
                                "W": "5",
                                "Pt": "F",
                                "Dp": "10.6",
                                "$": "420"
                            },
                            {
                                "D": "NNE",
                                "G": "10",
                                "H": "93.6",
                                "P": "1001",
                                "S": "5",
                                "T": "11.6",
                                "V": "5000",
                                "W": "5",
                                "Pt": "R",
                                "Dp": "10.6",
                                "$": "480"
                            },
                            {
                                "D": "WNW",
                                "G": "6",
                                "H": "92.3",
                                "P": "1001",
                                "S": "2",
                                "T": "11.9",
                                "V": "5000",
                                "W": "5",
                                "Pt": "R",
                                "Dp": "10.7",
                                "$": "540"
                            },
                            {
                                "D": "NNW",
                                "G": "8",
                                "H": "91.8",
                                "P": "1001",
                                "S": "5",
                                "T": "12.9",
                                "V": "7000",
                                "W": "5",
                                "Pt": "R",
                                "Dp": "11.6",
                                "$": "600"
                            },
                            {
                                "D": "NW",
                                "G": "10",
                                "H": "85.5",
                                "P": "1001",
                                "S": "3",
                                "T": "14.0",
                                "V": "7000",
                                "W": "8",
                                "Pt": "R",
                                "Dp": "11.6",
                                "$": "660"
                            },
                            {
                                "D": "W",
                                "G": "8",
                                "H": "82.7",
                                "P": "1001",
                                "S": "6",
                                "T": "14.4",
                                "V": "8000",
                                "W": "5",
                                "Pt": "R",
                                "Dp": "11.5",
                                "$": "720"
                            },
                            {
                                "D": "WNW",
                                "G": "11",
                                "H": "81.7",
                                "P": "1001",
                                "S": "5",
                                "T": "14.7",
                                "V": "7000",
                                "W": "5",
                                "Pt": "R",
                                "Dp": "11.6",
                                "$": "780"
                            },
                            {
                                "D": "WNW",
                                "G": "13",
                                "H": "80.6",
                                "P": "1002",
                                "S": "7",
                                "T": "14.9",
                                "V": "9000",
                                "W": "5",
                                "Pt": "R",
                                "Dp": "11.6",
                                "$": "840"
                            },
                            {
                                "D": "W",
                                "G": "15",
                                "H": "75.6",
                                "P": "1002",
                                "S": "9",
                                "T": "15.9",
                                "V": "12000",
                                "W": "8",
                                "Pt": "R",
                                "Dp": "11.6",
                                "$": "900"
                            },
                            {
                                "D": "W",
                                "G": "18",
                                "H": "77.0",
                                "P": "1002",
                                "S": "13",
                                "T": "15.6",
                                "V": "12000",
                                "W": "8",
                                "Pt": "R",
                                "Dp": "11.6",
                                "$": "960"
                            }
                        ]
                    }
                ]
            }
        }
    }
}