{
    "SiteRep": {
        "Wx": {
            "Param": [
                {
                    "name": "G",
                    "units": "mph",
                    "$": "Wind Gust"
                },
                {
                    "name": "T",
                    "units": "C",
                    "$": "Temperature"
                },
                {
                    "name": "V",
                    "units": "m",
                    "$": "Visibility"
                },
                {
                    "name": "D",
                    "units": "compass",
                    "$": "Wind Direction"
                },
                {
                    "name": "S",
                    "units": "mph",
                    "$": "Wind Speed"
                },
                {
                    "name": "W",
                    "units": "",
                    "$": "Weather Type"
                },
                {
                    "name": "P",
                    "units": "hpa",
                    "$": "Pressure"
                },
                {
                    "name": "Pt",
                    "units": "Pa/s",
                    "$": "Pressure Tendency"
                },
                {
                    "name": "Dp",
                    "units": "C",
                    "$": "Dew Point"
                },
                {
                    "name": "H",
                    "units": "%",
                    "$": "Screen Relative Humidity"
                }
            ]
        },
        "DV": {
            "dataDate": "2024-02-28T16:00:00Z",
            "type": "Obs",
            "Location": {
                "i": "3772",
                "lat": "51.479",
                "lon": "-0.449",
                "name": "HEATHROW",
                "country": "ENGLAND",
                "continent": "EUROPE",
                "elevation": "25.0",
                "Period": [
                    {
                        "type": "Day",
                        "value": "2024-02-27Z",
                        "Rep": [
                            {
                                "D": "SW",
                                "G": "17",
                                "H": "62.0",
                                "P": "1019",
                                "S": "9",
                                "T": "9.2",
                                "V": "75000",
                                "W": "3",
                                "Pt": "F",
                                "Dp": "2.4",
                                "$": "960"
                            },
                            {
                                "D": "SW",
                                "G": "16",
                                "H": "65.4",
                                "P": "1019",
                                "S": "10",
                                "T": "8.2",
                                "V": "50000",
                                "W": "7",
                                "Pt": "F",
                                "Dp": "2.2",
                                "$": "1020"
                            },
                            {
                                "D": "SW",
                                "G": "15",
                                "H": "67.4",
                                "P": "1019",
                                "S": "8",
                                "T": "8.3",
                                "V": "50000",
                                "W": "8",
                                "Pt": "F",
                                "Dp": "2.7",
                                "$": "1080"
                            },
                            {
                                "D": "SW",
                                "G": "16",
                                "H": "68.9",
                                "P": "1019",
                                "S": "10",
                                "T": "8.3",
                                "V": "50000",
                                "W": "8",
                                "Pt": "R",
                                "Dp": "3.0",
                                "$": "1140"
                            },
                            {
                                "D": "SSW",
                                "G": "17",
                                "H": "68.4",
                                "P": "1019",
                                "S": "10",
                                "T": "8.1",
                                "V": "45000",
                                "W": "8",
                                "Pt": "R",
                                "Dp": "2.7",
                                "$": "1200"
                            },
                            {
                                "D": "SSW",
                                "G": "16",
                                "H": "75.4",
                                "P": "1019",
                                "S": "8",
                                "T": "7.8",
                                "V": "35000",
                                "W": "8",
                                "Pt": "R",
                                "Dp": "3.8",
                                "$": "1260"
                            },
                            {
                                "D": "SSW",
                                "G": "15",
                                "H": "80.4",
                                "P": "1020",
                                "S": "7",
                                "T": "7.1",
                                "V": "35000",
                                "W": "8",
                                "Pt": "R",
                                "Dp": "4.0",
                                "$": "1320"
                            },
                            {
                                "D": "S",
                                "G": "9",
                                "H": "84.5",
                                "P": "1020",
                                "S": "5",
                                "T": "6.8",
                                "V": "30000",
                                "W": "8",
                                "Pt": "R",
                                "Dp": "4.4",
                                "$": "1380"
                            }
                        ]
                    },
                    {
                        "type": "Day",
                        "value": "2024-02-28Z",
                        "Rep": [
                            {
                                "D": "SW",
                                "G": "8",
                                "H": "87.5",
                                "P": "1020",
                                "S": "3",
                                "T": "6.9",
                                "V": "28000",
                                "W": "8",
                                "Pt": "R",
                                "Dp": "5.0",
                                "$": "0"
                            },
                            {
                                "D": "SSW",
                                "G": "7",
                                "H": "89.4",
                                "P": "1020",
                                "S": "5",
                                "T": "6.9",
                                "V": "29000",
                                "W": "8",
                                "Pt": "R",
                                "Dp": "5.3",
                                "$": "60"
                            },
                            {
                                "D": "S",
                                "G": "6",
                                "H": "90.7",
                                "P": "1020",
                                "S": "3",
                                "T": "6.1",
                                "V": "23000",
                                "W": "8",
                                "Pt": "R",
                                "Dp": "4.7",
                                "$": "120"
                            },
                            {
                                "D": "SW",
                                "G": "8",
                                "H": "93.9",
                                "P": "1020",
                                "S": "5",
                                "T": "5.9",
                                "V": "20000",
                                "W": "8",
                                "Pt": "S",
                                "Dp": "5.0",
                                "$": "180"
                            },
                            {
                                "D": "SSW",
                                "G": "5",
                                "H": "94.5",
                                "P": "1019",
                                "S": "2",
                                "T": "5.6",
                                "V": "17000",
                                "W": "8",
                                "Pt": "F",
                                "Dp": "4.8",
                                "$": "240"
                            },
                            {
                                "D": "SSW",
                                "G": "10",
                                "H": "96.0",
                                "P": "1019",
                                "S": "7",
                                "T": "6.9",
                                "V": "12000",
                                "W": "8",
                                "Pt": "F",
                                "Dp": "6.3",
                                "$": "300"
                            },
                            {
                                "D": "S",
                                "G": "9",
                                "H": "96.6",
                                "P": "1019",
                                "S": "5",
                                "T": "6.9",
                                "V": "6000",
                                "W": "5",
                                "Pt": "F",
                                "Dp": "6.4",
                                "$": "360"
                            },
                            {
                                "D": "SSE",
                                "G": "10",
                                "H": "97.2",
                                "P": "1019",
                                "S": "7",
                                "T": "7.1",
                                "V": "10000",
                                "W": "8",
                                "Pt": "F",
                                "Dp": "6.7",
                                "$": "420"
                            },
                            {
                                "D": "S",
                                "G": "9",
                                "H": "93.3",
                                "P": "1019",
                                "S": "5",
                                "T": "7.8",
                                "V": "21000",
                                "W": "8",
                                "Pt": "F",
                                "Dp": "6.8",
                                "$": "480"
                            },
                            {
                                "D": "S",
                                "G": "10",
                                "H": "89.5",
                                "P": "1019",
                                "S": "8",
                                "T": "8.8",
                                "V": "30000",
                                "W": "8",
                                "Pt": "F",
                                "Dp": "7.2",
                                "$": "540"
                            },
                            {
                                "D": "S",
                                "G": "14",
                                "H": "88.4",
                                "P": "1019",
                                "S": "8",
                                "T": "9.2",
                                "V": "28000",
                                "W": "8",
                                "Pt": "R",
                                "Dp": "7.4",
                                "$": "600"
                            },
                            {
                                "D": "SSW",
                                "G": "14",
                                "H": "83.1",
                                "P": "1019",
                                "S": "9",
                                "T": "10.1",
                                "V": "27000",
                                "W": "8",
                                "Pt": "F",
                                "Dp": "7.4",
                                "$": "660"
                            },
                            {
                                "D": "SSW",
                                "G": "19",
                                "H": "75.1",
                                "P": "1018",
                                "S": "13",
                                "T": "11.1",
                                "V": "30000",
                                "W": "8",
                                "Pt": "F",
                                "Dp": "6.9",
                                "$": "720"
                            },
                            {
                                "D": "SSW",
                                "G": "22",
                                "H": "71.0",
                                "P": "1017",
                                "S": "14",
                                "T": "11.1",
                                "V": "35000",
                                "W": "8",
                                "Pt": "F",
                                "Dp": "6.1",
                                "$": "780"
                            },
                            {
                                "D": "SSW",
                                "G": "22",
                                "H": "72.5",
                                "P": "1016",
                                "S": "13",
                                "T": "11.2",
                                "V": "30000",
                                "W": "12",
                                "Pt": "F",
                                "Dp": "6.5",
                                "$": "840"
                            },
                            {
                                "D": "SSW",
                                "G": "23",
                                "H": "77.2",
                                "P": "1016",
                                "S": "14",
                                "T": "10.9",
                                "V": "29000",
                                "W": "8",
                                "Pt": "F",
                                "Dp": "7.1",
                                "$": "900"
                            },
                            {
                                "D": "SSW",
                                "G": "24",
                                "H": "86.7",
                                "P": "1015",
                                "S": "11",
                                "T": "10.5",
                                "V": "20000",
                                "W": "11",
                                "Pt": "F",
                                "Dp": "8.4",
                                "$": "960"
                            }
                        ]
                    }
                ]
            }
        }
    }
}