{
    "SiteRep": {
        "Wx": {
            "Param": [
                {
                    "name": "G",
                    "units": "mph",
                    "$": "Wind Gust"
                },
                {
                    "name": "T",
                    "units": "C",
                    "$": "Temperature"
                },
                {
                    "name": "V",
                    "units": "m",
                    "$": "Visibility"
                },
                {
                    "name": "D",
                    "units": "compass",
                    "$": "Wind Direction"
                },
                {
                    "name": "S",
                    "units": "mph",
                    "$": "Wind Speed"
                },
                {
                    "name": "W",
                    "units": "",
                    "$": "Weather Type"
                },
                {
                    "name": "P",
                    "units": "hpa",
                    "$": "Pressure"
                },
                {
                    "name": "Pt",
                    "units": "Pa/s",
                    "$": "Pressure Tendency"
                },
                {
                    "name": "Dp",
                    "units": "C",
                    "$": "Dew Point"
                },
                {
                    "name": "H",
                    "units": "%",
                    "$": "Screen Relative Humidity"
                }
            ]
        },
        "DV": {
            "dataDate": "2024-03-09T16:00:00Z",
            "type": "Obs",
            "Location": {
                "i": "3772",
                "lat": "51.479",
                "lon": "-0.449",
                "name": "HEATHROW",
                "country": "ENGLAND",
                "continent": "EUROPE",
                "elevation": "25.0",
                "Period": [
                    {
                        "type": "Day",
                        "value": "2024-03-08Z",
                        "Rep": [
                            {
                                "D": "ENE",
                                "G": "26",
                                "H": "65.9",
                                "P": "1003",
                                "S": "14",
                                "T": "8.6",
                                "V": "10000",
                                "W": "7",
                                "Pt": "F",
                                "Dp": "2.6",
                                "$": "960"
                            },
                            {
                                "D": "ENE",
                                "G": "24",
                                "H": "70.0",
                                "P": "1003",
                                "S": "13",
                                "T": "7.6",
                                "V": "10000",
                                "W": "7",
                                "Pt": "F",
                                "Dp": "2.5",
                                "$": "1020"
                            },
                            {
                                "D": "ENE",
                                "G": "26",
                                "H": "72.5",
                                "P": "1003",
                                "S": "11",
                                "T": "6.9",
                                "V": "9000",
                                "W": "2",
                                "Pt": "F",
                                "Dp": "2.3",
                                "$": "1080"
                            },
                            {
                                "D": "NE",
                                "G": "23",
                                "H": "75.6",
                                "P": "1002",
                                "S": "10",
                                "T": "6.7",
                                "V": "9000",
                                "W": "0",
                                "Pt": "F",
                                "Dp": "2.7",
                                "$": "1140"
                            },
                            {
                                "D": "NE",
                                "G": "18",
                                "H": "75.1",
                                "P": "1001",
                                "S": "10",
                                "T": "7.0",
                                "V": "9000",
                                "W": "8",
                                "Pt": "F",
                                "Dp": "2.9",
                                "$": "1200"
                            },
                            {
                                "D": "ENE",
                                "G": "17",
                                "H": "77.3",
                                "P": "1001",
                                "S": "9",
                                "T": "6.8",
                                "V": "8000",
                                "W": "5",
                                "Pt": "F",
                                "Dp": "3.1",
                                "$": "1260"
                            },
                            {
                                "D": "ENE",
                                "G": "18",
                                "H": "77.9",
                                "P": "1000",
                                "S": "10",
                                "T": "6.9",
                                "V": "8000",
                                "W": "5",
                                "Pt": "F",
                                "Dp": "3.3",
                                "$": "1320"
                            },
                            {
                                "D": "ENE",
                                "G": "18",
                                "H": "78.4",
                                "P": "999",
                                "S": "10",
                                "T": "7.1",
                                "V": "8000",
                                "W": "8",
                                "Pt": "F",
                                "Dp": "3.6",
                                "$": "1380"
                            }
                        ]
                    },
                    {
                        "type": "Day",
                        "value": "2024-03-09Z",
                        "Rep": [
                            {
                                "D": "ENE",
                                "G": "17",
                                "H": "80.0",
                                "P": "998",
                                "S": "10",
                                "T": "6.7",
                                "V": "8000",
                                "W": "0",
                                "Pt": "F",
                                "Dp": "3.5",
                                "$": "0"
                            },
                            {
                                "D": "NE",
                                "G": "16",
                                "H": "81.3",
                                "P": "997",
                                "S": "10",
                                "T": "6.8",
                                "V": "8000",
                                "W": "8",
                                "Pt": "F",
                                "Dp": "3.8",
                                "$": "60"
                            },
                            {
                                "D": "ENE",
                                "G": "15",
                                "H": "81.8",
                                "P": "996",
                                "S": "6",
                                "T": "6.8",
                                "V": "9000",
                                "W": "8",
                                "Pt": "F",
                                "Dp": "3.9",
                                "$": "120"
                            },
                            {
                                "D": "ENE",
                                "G": "15",
                                "H": "81.2",
                                "P": "996",
                                "S": "9",
                                "T": "7.0",
                                "V": "9000",
                                "W": "8",
                                "Pt": "F",
                                "Dp": "4.0",
                                "$": "180"
                            },
                            {
                                "D": "ENE",
                                "G": "15",
                                "H": "80.2",
                                "P": "995",
                                "S": "7",
                                "T": "7.6",
                                "V": "11000",
                                "W": "8",
                                "Pt": "F",
                                "Dp": "4.4",
                                "$": "240"
                            },
                            {
                                "D": "ENE",
                                "G": "11",
                                "H": "79.6",
                                "P": "995",
                                "S": "8",
                                "T": "7.9",
                                "V": "15000",
                                "W": "8",
                                "Pt": "F",
                                "Dp": "4.6",
                                "$": "300"
                            },
                            {
                                "D": "E",
                                "G": "16",
                                "H": "80.8",
                                "P": "995",
                                "S": "9",
                                "T": "8.1",
                                "V": "19000",
                                "W": "8",
                                "Pt": "F",
                                "Dp": "5.0",
                                "$": "360"
                            },
                            {
                                "D": "ESE",
                                "G": "17",
                                "H": "79.3",
                                "P": "995",
                                "S": "10",
                                "T": "8.3",
                                "V": "60000",
                                "W": "8",
                                "Pt": "F",
                                "Dp": "4.9",
                                "$": "420"
                            },
                            {
                                "D": "E",
                                "G": "17",
                                "H": "79.3",
                                "P": "996",
                                "S": "11",
                                "T": "8.5",
                                "V": "50000",
                                "W": "1",
                                "Pt": "R",
                                "Dp": "5.1",
                                "$": "480"
                            },
                            {
                                "D": "E",
                                "G": "21",
                                "H": "80.3",
                                "P": "995",
                                "S": "14",
                                "T": "8.1",
                                "V": "45000",
                                "W": "8",
                                "Pt": "R",
                                "Dp": "4.9",
                                "$": "540"
                            },
                            {
                                "D": "E",
                                "G": "21",
                                "H": "78.2",
                                "P": "995",
                                "S": "10",
                                "T": "9.1",
                                "V": "30000",
                                "W": "8",
                                "Pt": "F",
                                "Dp": "5.5",
                                "$": "600"
                            },
                            {
                                "D": "E",
                                "G": "18",
                                "H": "70.2",
                                "P": "995",
                                "S": "8",
                                "T": "10.4",
                                "V": "30000",
                                "W": "8",
                                "Pt": "F",
                                "Dp": "5.2",
                                "$": "660"
                            },
                            {
                                "D": "ENE",
                                "G": "18",
                                "H": "62.5",
                                "P": "994",
                                "S": "13",
                                "T": "12.9",
                                "V": "35000",
                                "W": "8",
                                "Pt": "F",
                                "Dp": "5.9",
                                "$": "720"
                            },
                            {
                                "D": "E",
                                "G": "25",
                                "H": "60.7",
                                "P": "993",
                                "S": "15",
                                "T": "12.6",
                                "V": "35000",
                                "W": "3",
                                "Pt": "F",
                                "Dp": "5.2",
                                "$": "780"
                            },
                            {
                                "D": "E",
                                "G": "25",
                                "H": "65.4",
                                "P": "993",
                                "S": "15",
                                "T": "12.0",
                                "V": "29000",
                                "W": "1",
                                "Pt": "F",
                                "Dp": "5.7",
                                "$": "840"
                            },
                            {
                                "D": "E",
                                "G": "24",
                                "H": "66.3",
                                "P": "993",
                                "S": "16",
                                "T": "11.8",
                                "V": "25000",
                                "W": "8",
                                "Pt": "F",
                                "Dp": "5.7",
                                "$": "900"
                            }
                        ]
                    }
                ]
            }
        }
    }
}