{
    "SiteRep": {
        "Wx": {
            "Param": [
                {
                    "name": "G",
                    "units": "mph",
                    "$": "Wind Gust"
                },
                {
                    "name": "T",
                    "units": "C",
                    "$": "Temperature"
                },
                {
                    "name": "V",
                    "units": "m",
                    "$": "Visibility"
                },
                {
                    "name": "D",
                    "units": "compass",
                    "$": "Wind Direction"
                },
                {
                    "name": "S",
                    "units": "mph",
                    "$": "Wind Speed"
                },
                {
                    "name": "W",
                    "units": "",
                    "$": "Weather Type"
                },
                {
                    "name": "P",
                    "units": "hpa",
                    "$": "Pressure"
                },
                {
                    "name": "Pt",
                    "units": "Pa/s",
                    "$": "Pressure Tendency"
                },
                {
                    "name": "Dp",
                    "units": "C",
                    "$": "Dew Point"
                },
                {
                    "name": "H",
                    "units": "%",
                    "$": "Screen Relative Humidity"
                }
            ]
        },
        "DV": {
            "dataDate": "2024-06-06T16:00:00Z",
            "type": "Obs",
            "Location": {
                "i": "3772",
                "lat": "51.479",
                "lon": "-0.449",
                "name": "HEATHROW",
                "country": "ENGLAND",
                "continent": "EUROPE",
                "elevation": "25.0",
                "Period": [
                    {
                        "type": "Day",
                        "value": "2024-06-05Z",
                        "Rep": [
                            {
                                "D": "W",
                                "G": "22",
                                "H": "38.6",
                                "P": "1014",
                                "S": "11",
                                "T": "16.7",
                                "V": "50000",
                                "W": "3",
                                "Pt": "R",
                                "Dp": "2.7",
                                "$": "960"
                            },
                            {
                                "D": "W",
                                "G": "21",
                                "H": "39.6",
                                "P": "1014",
                                "S": "11",
                                "T": "17.1",
                                "V": "50000",
                                "W": "1",
                                "Pt": "R",
                                "Dp": "3.4",
                                "$": "1020"
                            },
                            {
                                "D": "W",
                                "G": "19",
                                "H": "41.7",
                                "P": "1015",
                                "S": "9",
                                "T": "16.5",
                                "V": "45000",
                                "W": "3",
                                "Pt": "R",
                                "Dp": "3.6",
                                "$": "1080"
                            },
                            {
                                "D": "W",
                                "G": "16",
                                "H": "40.7",
                                "P": "1015",
                                "S": "9",
                                "T": "16.0",
                                "V": "40000",
                                "W": "3",
                                "Pt": "R",
                                "Dp": "2.8",
                                "$": "1140"
                            },
                            {
                                "D": "W",
                                "G": "14",
                                "H": "48.3",
                                "P": "1015",
                                "S": "8",
                                "T": "14.7",
                                "V": "35000",
                                "W": "3",
                                "Pt": "R",
                                "Dp": "4.0",
                                "$": "1200"
                            },
                            {
                                "D": "W",
                                "G": "16",
                                "H": "54.5",
                                "P": "1016",
                                "S": "9",
                                "T": "13.7",
                                "V": "35000",
                                "W": "8",
                                "Pt": "R",
                                "Dp": "4.8",
                                "$": "1260"
                            },
                            {
                                "D": "WSW",
                                "G": "17",
                                "H": "59.5",
                                "P": "1016",
                                "S": "10",
                                "T": "12.9",
                                "V": "35000",
                                "W": "8",
                                "Pt": "R",
                                "Dp": "5.3",
                                "$": "1320"
                            },
                            {
                                "D": "W",
                                "G": "14",
                                "H": "64.0",
                                "P": "1016",
                                "S": "7",
                                "T": "11.8",
                                "V": "26000",
                                "W": "8",
                                "Pt": "R",
                                "Dp": "5.3",
                                "$": "1380"
                            }
                        ]
                    },
                    {
                        "type": "Day",
                        "value": "2024-06-06Z",
                        "Rep": [
                            {
                                "D": "W",
                                "G": "11",
                                "H": "69.6",
                                "P": "1016",
                                "S": "8",
                                "T": "10.9",
                                "V": "22000",
                                "W": "8",
                                "Pt": "R",
                                "Dp": "5.6",
                                "$": "0"
                            },
                            {
                                "D": "W",
                                "G": "13",
                                "H": "70.0",
                                "P": "1016",
                                "S": "8",
                                "T": "11.2",
                                "V": "21000",
                                "W": "8",
                                "Pt": "F",
                                "Dp": "6.0",
                                "$": "60"
                            },
                            {
                                "D": "W",
                                "G": "11",
                                "H": "76.5",
                                "P": "1016",
                                "S": "7",
                                "T": "9.9",
                                "V": "17000",
                                "W": "8",
                                "Pt": "F",
                                "Dp": "6.0",
                                "$": "120"
                            },
                            {
                                "D": "SSW",
                                "G": "8",
                                "H": "77.6",
                                "P": "1015",
                                "S": "5",
                                "T": "10.2",
                                "V": "17000",
                                "W": "8",
                                "Pt": "F",
                                "Dp": "6.5",
                                "$": "180"
                            },
                            {
                                "D": "SSW",
                                "G": "7",
                                "H": "81.3",
                                "P": "1016",
                                "S": "5",
                                "T": "9.5",
                                "V": "15000",
                                "W": "8",
                                "Pt": "R",
                                "Dp": "6.5",
                                "$": "240"
                            },
                            {
                                "D": "W",
                                "G": "8",
                                "H": "81.4",
                                "P": "1016",
                                "S": "6",
                                "T": "9.6",
                                "V": "14000",
                                "W": "8",
                                "Pt": "F",
                                "Dp": "6.6",
                                "$": "300"
                            },
                            {
                                "D": "W",
                                "G": "11",
                                "H": "77.7",
                                "P": "1016",
                                "S": "8",
                                "T": "10.7",
                                "V": "16000",
                                "W": "8",
                                "Pt": "R",
                                "Dp": "7.0",
                                "$": "360"
                            },
                            {
                                "D": "W",
                                "G": "14",
                                "H": "73.4",
                                "P": "1017",
                                "S": "7",
                                "T": "12.9",
                                "V": "19000",
                                "W": "3",
                                "Pt": "R",
                                "Dp": "8.3",
                                "$": "420"
                            },
                            {
                                "D": "WSW",
                                "G": "13",
                                "H": "62.1",
                                "P": "1017",
                                "S": "8",
                                "T": "14.4",
                                "V": "24000",
                                "W": "7",
                                "Pt": "R",
                                "Dp": "7.3",
                                "$": "480"
                            },
                            {
                                "D": "W",
                                "G": "14",
                                "H": "57.0",
                                "P": "1017",
                                "S": "9",
                                "T": "15.5",
                                "V": "30000",
                                "W": "3",
                                "Pt": "R",
                                "Dp": "7.1",
                                "$": "540"
                            },
                            {
                                "D": "W",
                                "G": "15",
                                "H": "57.6",
                                "P": "1017",
                                "S": "10",
                                "T": "14.9",
                                "V": "35000",
                                "W": "8",
                                "Pt": "R",
                                "Dp": "6.7",
                                "$": "600"
                            },
                            {
                                "D": "W",
                                "G": "14",
                                "H": "46.2",
                                "P": "1017",
                                "S": "6",
                                "T": "16.8",
                                "V": "40000",
                                "W": "8",
                                "Pt": "R",
                                "Dp": "5.3",
                                "$": "660"
                            },
                            {
                                "D": "WSW",
                                "G": "18",
                                "H": "46.0",
                                "P": "1017",
                                "S": "8",
                                "T": "18.6",
                                "V": "45000",
                                "W": "7",
                                "Pt": "R",
                                "Dp": "6.9",
                                "$": "720"
                            },
                            {
                                "D": "WSW",
                                "G": "21",
                                "H": "47.2",
                                "P": "1017",
                                "S": "10",
                                "T": "18.1",
                                "V": "45000",
                                "W": "7",
                                "Pt": "R",
                                "Dp": "6.8",
                                "$": "780"
                            },
                            {
                                "D": "W",
                                "G": "19",
                                "H": "47.1",
                                "P": "1017",
                                "S": "9",
                                "T": "17.9",
                                "V": "45000",
                                "W": "8",
                                "Pt": "R",
                                "Dp": "6.6",
                                "$": "840"
                            },
                            {
                                "D": "WSW",
                                "G": "16",
                                "H": "49.0",
                                "P": "1017",
                                "S": "10",
                                "T": "17.3",
                                "V": "45000",
                                "W": "8",
                                "Pt": "S",
                                "Dp": "6.6",
                                "$": "900"
                            },
                            {
                                "D": "W",
                                "G": "16",
                                "H": "42.4",
                                "P": "1017",
                                "S": "9",
                                "T": "19.8",
                                "V": "65000",
                                "W": "7",
                                "Pt": "F",
                                "Dp": "6.8",
                                "$": "960"
                            }
                        ]
                    }
                ]
            }
        }
    }
}