{
    "SiteRep": {
        "Wx": {
            "Param": [
                {
                    "name": "G",
                    "units": "mph",
                    "$": "Wind Gust"
                },
                {
                    "name": "T",
                    "units": "C",
                    "$": "Temperature"
                },
                {
                    "name": "V",
                    "units": "m",
                    "$": "Visibility"
                },
                {
                    "name": "D",
                    "units": "compass",
                    "$": "Wind Direction"
                },
                {
                    "name": "S",
                    "units": "mph",
                    "$": "Wind Speed"
                },
                {
                    "name": "W",
                    "units": "",
                    "$": "Weather Type"
                },
                {
                    "name": "P",
                    "units": "hpa",
                    "$": "Pressure"
                },
                {
                    "name": "Pt",
                    "units": "Pa/s",
                    "$": "Pressure Tendency"
                },
                {
                    "name": "Dp",
                    "units": "C",
                    "$": "Dew Point"
                },
                {
                    "name": "H",
                    "units": "%",
                    "$": "Screen Relative Humidity"
                }
            ]
        },
        "DV": {
            "dataDate": "2024-03-30T16:00:00Z",
            "type": "Obs",
            "Location": {
                "i": "3772",
                "lat": "51.479",
                "lon": "-0.449",
                "name": "HEATHROW",
                "country": "ENGLAND",
                "continent": "EUROPE",
                "elevation": "25.0",
                "Period": [
                    {
                        "type": "Day",
                        "value": "2024-03-29Z",
                        "Rep": [
                            {
                                "D": "SSW",
                                "G": "33",
                                "H": "57.4",
                                "P": "988",
                                "S": "18",
                                "T": "13.5",
                                "V": "35000",
                                "W": "7",
                                "Pt": "R",
                                "Dp": "5.2",
                                "$": "960"
                            },
                            {
                                "D": "SSW",
                                "G": "31",
                                "H": "58.9",
                                "P": "988",
                                "S": "16",
                                "T": "13.2",
                                "V": "35000",
                                "W": "8",
                                "Pt": "R",
                                "Dp": "5.3",
                                "$": "1020"
                            },
                            {
                                "D": "S",
                                "G": "24",
                                "H": "63.7",
                                "P": "989",
                                "S": "15",
                                "T": "12.0",
                                "V": "35000",
                                "W": "7",
                                "Pt": "R",
                                "Dp": "5.3",
                                "$": "1080"
                            },
                            {
                                "D": "S",
                                "G": "21",
                                "H": "70.4",
                                "P": "990",
                                "S": "11",
                                "T": "11.1",
                                "V": "30000",
                                "W": "8",
                                "Pt": "R",
                                "Dp": "5.9",
                                "$": "1140"
                            },
                            {
                                "D": "S",
                                "G": "16",
                                "H": "76.3",
                                "P": "991",
                                "S": "8",
                                "T": "10.1",
                                "V": "27000",
                                "W": "0",
                                "Pt": "R",
                                "Dp": "6.1",
                                "$": "1200"
                            },
                            {
                                "D": "S",
                                "G": "15",
                                "H": "79.4",
                                "P": "992",
                                "S": "9",
                                "T": "9.6",
                                "V": "25000",
                                "W": "0",
                                "Pt": "R",
                                "Dp": "6.2",
                                "$": "1260"
                            },
                            {
                                "D": "S",
                                "G": "15",
                                "H": "81.5",
                                "P": "992",
                                "S": "7",
                                "T": "8.8",
                                "V": "24000",
                                "W": "0",
                                "Pt": "R",
                                "Dp": "5.8",
                                "$": "1320"
                            },
                            {
                                "D": "SSE",
                                "G": "11",
                                "H": "85.5",
                                "P": "992",
                                "S": "9",
                                "T": "7.9",
                                "V": "27000",
                                "W": "0",
                                "Pt": "R",
                                "Dp": "5.6",
                                "$": "1380"
                            }
                        ]
                    },
                    {
                        "type": "Day",
                        "value": "2024-03-30Z",
                        "Rep": [
                            {
                                "D": "SSE",
                                "G": "13",
                                "H": "89.0",
                                "P": "992",
                                "S": "8",
                                "T": "7.1",
                                "V": "27000",
                                "W": "0",
                                "Pt": "R",
                                "Dp": "5.4",
                                "$": "0"
                            },
                            {
                                "D": "SE",
                                "G": "13",
                                "H": "92.0",
                                "P": "993",
                                "S": "6",
                                "T": "5.7",
                                "V": "24000",
                                "W": "0",
                                "Pt": "R",
                                "Dp": "4.5",
                                "$": "60"
                            },
                            {
                                "D": "ESE",
                                "G": "7",
                                "H": "95.3",
                                "P": "993",
                                "S": "3",
                                "T": "5.4",
                                "V": "24000",
                                "W": "0",
                                "Pt": "R",
                                "Dp": "4.7",
                                "$": "120"
                            },
                            {
                                "D": "E",
                                "G": "5",
                                "H": "95.8",
                                "P": "993",
                                "S": "1",
                                "T": "5.6",
                                "V": "24000",
                                "W": "7",
                                "Pt": "R",
                                "Dp": "5.0",
                                "$": "180"
                            },
                            {
                                "D": "ESE",
                                "G": "5",
                                "H": "95.8",
                                "P": "993",
                                "S": "3",
                                "T": "4.3",
                                "V": "15000",
                                "W": "2",
                                "Pt": "S",
                                "Dp": "3.7",
                                "$": "240"
                            },
                            {
                                "D": "ESE",
                                "G": "5",
                                "H": "96.6",
                                "P": "993",
                                "S": "3",
                                "T": "3.8",
                                "V": "22000",
                                "W": "8",
                                "Pt": "F",
                                "Dp": "3.3",
                                "$": "300"
                            },
                            {
                                "D": "ESE",
                                "G": "6",
                                "H": "97.9",
                                "P": "993",
                                "S": "2",
                                "T": "4.5",
                                "V": "13000",
                                "W": "8",
                                "Pt": "R",
                                "Dp": "4.2",
                                "$": "360"
                            },
                            {
                                "D": "ESE",
                                "G": "7",
                                "H": "99.3",
                                "P": "993",
                                "S": "3",
                                "T": "6.6",
                                "V": "25000",
                                "W": "7",
                                "Pt": "R",
                                "Dp": "6.5",
                                "$": "420"
                            },
                            {
                                "D": "SE",
                                "G": "9",
                                "H": "97.3",
                                "P": "994",
                                "S": "3",
                                "T": "8.4",
                                "V": "22000",
                                "W": "1",
                                "Pt": "R",
                                "Dp": "8.0",
                                "$": "480"
                            },
                            {
                                "D": "S",
                                "G": "9",
                                "H": "85.1",
                                "P": "994",
                                "S": "6",
                                "T": "10.6",
                                "V": "27000",
                                "W": "3",
                                "Pt": "R",
                                "Dp": "8.2",
                                "$": "540"
                            },
                            {
                                "D": "S",
                                "G": "10",
                                "H": "70.5",
                                "P": "994",
                                "S": "5",
                                "T": "11.6",
                                "V": "30000",
                                "W": "7",
                                "Pt": "R",
                                "Dp": "6.4",
                                "$": "600"
                            },
                            {
                                "D": "S",
                                "G": "13",
                                "H": "65.3",
                                "P": "995",
                                "S": "7",
                                "T": "11.6",
                                "V": "40000",
                                "W": "7",
                                "Pt": "R",
                                "Dp": "5.3",
                                "$": "660"
                            },
                            {
                                "D": "SSE",
                                "G": "18",
                                "H": "53.7",
                                "P": "995",
                                "S": "10",
                                "T": "13.5",
                                "V": "50000",
                                "W": "1",
                                "Pt": "R",
                                "Dp": "4.3",
                                "$": "720"
                            },
                            {
                                "D": "S",
                                "G": "17",
                                "H": "49.1",
                                "P": "995",
                                "S": "7",
                                "T": "14.7",
                                "V": "50000",
                                "W": "1",
                                "Pt": "R",
                                "Dp": "4.1",
                                "$": "780"
                            },
                            {
                                "D": "S",
                                "G": "15",
                                "H": "45.9",
                                "P": "994",
                                "S": "9",
                                "T": "15.1",
                                "V": "55000",
                                "W": "1",
                                "Pt": "F",
                                "Dp": "3.5",
                                "$": "840"
                            },
                            {
                                "D": "S",
                                "G": "16",
                                "H": "44.9",
                                "P": "994",
                                "S": "7",
                                "T": "15.0",
                                "V": "55000",
                                "W": "1",
                                "Pt": "F",
                                "Dp": "3.1",
                                "$": "900"
                            },
                            {
                                "D": "SSE",
                                "G": "17",
                                "H": "45.1",
                                "P": "995",
                                "S": "10",
                                "T": "14.7",
                                "V": "55000",
                                "W": "3",
                                "Pt": "F",
                                "Dp": "2.9",
                                "$": "960"
                            }
                        ]
                    }
                ]
            }
        }
    }
}