{
    "SiteRep": {
        "Wx": {
            "Param": [
                {
                    "name": "G",
                    "units": "mph",
                    "$": "Wind Gust"
                },
                {
                    "name": "T",
                    "units": "C",
                    "$": "Temperature"
                },
                {
                    "name": "V",
                    "units": "m",
                    "$": "Visibility"
                },
                {
                    "name": "D",
                    "units": "compass",
                    "$": "Wind Direction"
                },
                {
                    "name": "S",
                    "units": "mph",
                    "$": "Wind Speed"
                },
                {
                    "name": "W",
                    "units": "",
                    "$": "Weather Type"
                },
                {
                    "name": "P",
                    "units": "hpa",
                    "$": "Pressure"
                },
                {
                    "name": "Pt",
                    "units": "Pa/s",
                    "$": "Pressure Tendency"
                },
                {
                    "name": "Dp",
                    "units": "C",
                    "$": "Dew Point"
                },
                {
                    "name": "H",
                    "units": "%",
                    "$": "Screen Relative Humidity"
                }
            ]
        },
        "DV": {
            "dataDate": "2023-09-12T16:00:00Z",
            "type": "Obs",
            "Location": {
                "i": "3772",
                "lat": "51.479",
                "lon": "-0.449",
                "name": "HEATHROW",
                "country": "ENGLAND",
                "continent": "EUROPE",
                "elevation": "25.0",
                "Period": [
                    {
                        "type": "Day",
                        "value": "2023-09-11Z",
                        "Rep": [
                            {
                                "D": "WSW",
                                "G": "23",
                                "H": "58.9",
                                "P": "1012",
                                "S": "9",
                                "T": "24.0",
                                "V": "45000",
                                "W": "3",
                                "Pt": "F",
                                "Dp": "15.5",
                                "$": "960"
                            },
                            {
                                "D": "SW",
                                "G": "16",
                                "H": "62.7",
                                "P": "1012",
                                "S": "11",
                                "T": "23.8",
                                "V": "50000",
                                "W": "7",
                                "Pt": "F",
                                "Dp": "16.3",
                                "$": "1020"
                            },
                            {
                                "D": "SSW",
                                "G": "15",
                                "H": "66.7",
                                "P": "1012",
                                "S": "9",
                                "T": "23.0",
                                "V": "45000",
                                "W": "8",
                                "Pt": "R",
                                "Dp": "16.5",
                                "$": "1080"
                            },
                            {
                                "D": "SW",
                                "G": "15",
                                "H": "67.9",
                                "P": "1012",
                                "S": "10",
                                "T": "22.5",
                                "V": "40000",
                                "W": "7",
                                "Pt": "R",
                                "Dp": "16.3",
                                "$": "1140"
                            },
                            {
                                "D": "SW",
                                "G": "16",
                                "H": "70.9",
                                "P": "1013",
                                "S": "10",
                                "T": "22.1",
                                "V": "45000",
                                "W": "8",
                                "Pt": "R",
                                "Dp": "16.6",
                                "$": "1200"
                            },
                            {
                                "D": "SW",
                                "G": "15",
                                "H": "76.8",
                                "P": "1013",
                                "S": "9",
                                "T": "21.0",
                                "V": "40000",
                                "W": "8",
                                "Pt": "R",
                                "Dp": "16.8",
                                "$": "1260"
                            },
                            {
                                "D": "SSW",
                                "G": "14",
                                "H": "81.3",
                                "P": "1013",
                                "S": "8",
                                "T": "20.4",
                                "V": "35000",
                                "W": "7",
                                "Pt": "R",
                                "Dp": "17.1",
                                "$": "1320"
                            },
                            {
                                "D": "SSW",
                                "G": "11",
                                "H": "84.3",
                                "P": "1013",
                                "S": "7",
                                "T": "19.6",
                                "V": "35000",
                                "W": "8",
                                "Pt": "R",
                                "Dp": "16.9",
                                "$": "1380"
                            }
                        ]
                    },
                    {
                        "type": "Day",
                        "value": "2023-09-12Z",
                        "Rep": [
                            {
                                "D": "WSW",
                                "G": "10",
                                "H": "83.3",
                                "P": "1013",
                                "S": "6",
                                "T": "19.4",
                                "V": "40000",
                                "W": "8",
                                "Pt": "R",
                                "Dp": "16.5",
                                "$": "0"
                            },
                            {
                                "D": "W",
                                "G": "7",
                                "H": "84.3",
                                "P": "1013",
                                "S": "5",
                                "T": "19.3",
                                "V": "30000",
                                "W": "8",
                                "Pt": "F",
                                "Dp": "16.6",
                                "$": "60"
                            },
                            {
                                "D": "W",
                                "G": "7",
                                "H": "86.5",
                                "P": "1013",
                                "S": "3",
                                "T": "18.7",
                                "V": "35000",
                                "W": "8",
                                "Pt": "F",
                                "Dp": "16.4",
                                "$": "120"
                            },
                            {
                                "D": "WSW",
                                "G": "8",
                                "H": "88.1",
                                "P": "1013",
                                "S": "6",
                                "T": "18.3",
                                "V": "30000",
                                "W": "8",
                                "Pt": "F",
                                "Dp": "16.3",
                                "$": "180"
                            },
                            {
                                "D": "W",
                                "G": "9",
                                "H": "87.6",
                                "P": "1013",
                                "S": "6",
                                "T": "18.5",
                                "V": "35000",
                                "W": "8",
                                "Pt": "F",
                                "Dp": "16.4",
                                "$": "240"
                            },
                            {
                                "D": "WSW",
                                "G": "9",
                                "H": "88.6",
                                "P": "1012",
                                "S": "6",
                                "T": "17.7",
                                "V": "35000",
                                "W": "8",
                                "Pt": "F",
                                "Dp": "15.8",
                                "$": "300"
                            },
                            {
                                "D": "W",
                                "G": "7",
                                "H": "88.0",
                                "P": "1012",
                                "S": "3",
                                "T": "17.8",
                                "V": "35000",
                                "W": "8",
                                "Pt": "F",
                                "Dp": "15.8",
                                "$": "360"
                            },
                            {
                                "D": "W",
                                "G": "8",
                                "H": "85.4",
                                "P": "1013",
                                "S": "5",
                                "T": "18.5",
                                "V": "35000",
                                "W": "8",
                                "Pt": "R",
                                "Dp": "16.0",
                                "$": "420"
                            },
                            {
                                "D": "W",
                                "G": "7",
                                "H": "84.2",
                                "P": "1013",
                                "S": "5",
                                "T": "18.8",
                                "V": "35000",
                                "W": "8",
                                "Pt": "R",
                                "Dp": "16.1",
                                "$": "480"
                            },
                            {
                                "D": "W",
                                "G": "7",
                                "H": "77.1",
                                "P": "1013",
                                "S": "5",
                                "T": "19.6",
                                "V": "40000",
                                "W": "8",
                                "Pt": "R",
                                "Dp": "15.5",
                                "$": "540"
                            },
                            {
                                "D": "W",
                                "G": "10",
                                "H": "69.8",
                                "P": "1013",
                                "S": "7",
                                "T": "21.4",
                                "V": "55000",
                                "W": "8",
                                "Pt": "R",
                                "Dp": "15.7",
                                "$": "600"
                            },
                            {
                                "D": "WSW",
                                "G": "10",
                                "H": "69.0",
                                "P": "1013",
                                "S": "5",
                                "T": "21.6",
                                "V": "45000",
                                "W": "8",
                                "Pt": "S",
                                "Dp": "15.7",
                                "$": "660"
                            },
                            {
                                "D": "SW",
                                "G": "14",
                                "H": "64.8",
                                "P": "1013",
                                "S": "7",
                                "T": "22.1",
                                "V": "45000",
                                "W": "8",
                                "Pt": "F",
                                "Dp": "15.2",
                                "$": "720"
                            },
                            {
                                "D": "SW",
                                "G": "14",
                                "H": "61.0",
                                "P": "1013",
                                "S": "7",
                                "T": "23.2",
                                "V": "45000",
                                "W": "8",
                                "Pt": "F",
                                "Dp": "15.3",
                                "$": "780"
                            },
                            {
                                "D": "W",
                                "G": "15",
                                "H": "59.7",
                                "P": "1013",
                                "S": "9",
                                "T": "22.8",
                                "V": "50000",
                                "W": "12",
                                "Pt": "F",
                                "Dp": "14.6",
                                "$": "840"
                            },
                            {
                                "D": "SW",
                                "G": "16",
                                "H": "60.5",
                                "P": "1013",
                                "S": "10",
                                "T": "22.7",
                                "V": "55000",
                                "W": "8",
                                "Pt": "F",
                                "Dp": "14.7",
                                "$": "900"
                            },
                            {
                                "D": "WNW",
                                "G": "17",
                                "H": "83.8",
                                "P": "1013",
                                "S": "3",
                                "T": "19.7",
                                "V": "40000",
                                "W": "8",
                                "Pt": "S",
                                "Dp": "16.9",
                                "$": "960"
                            }
                        ]
                    }
                ]
            }
        }
    }
}