{
    "SiteRep": {
        "Wx": {
            "Param": [
                {
                    "name": "G",
                    "units": "mph",
                    "$": "Wind Gust"
                },
                {
                    "name": "T",
                    "units": "C",
                    "$": "Temperature"
                },
                {
                    "name": "V",
                    "units": "m",
                    "$": "Visibility"
                },
                {
                    "name": "D",
                    "units": "compass",
                    "$": "Wind Direction"
                },
                {
                    "name": "S",
                    "units": "mph",
                    "$": "Wind Speed"
                },
                {
                    "name": "W",
                    "units": "",
                    "$": "Weather Type"
                },
                {
                    "name": "P",
                    "units": "hpa",
                    "$": "Pressure"
                },
                {
                    "name": "Pt",
                    "units": "Pa/s",
                    "$": "Pressure Tendency"
                },
                {
                    "name": "Dp",
                    "units": "C",
                    "$": "Dew Point"
                },
                {
                    "name": "H",
                    "units": "%",
                    "$": "Screen Relative Humidity"
                }
            ]
        },
        "DV": {
            "dataDate": "2023-08-19T16:00:00Z",
            "type": "Obs",
            "Location": {
                "i": "3772",
                "lat": "51.479",
                "lon": "-0.449",
                "name": "HEATHROW",
                "country": "ENGLAND",
                "continent": "EUROPE",
                "elevation": "25.0",
                "Period": [
                    {
                        "type": "Day",
                        "value": "2023-08-18Z",
                        "Rep": [
                            {
                                "D": "E",
                                "G": "19",
                                "H": "69.9",
                                "P": "1010",
                                "S": "13",
                                "T": "23.8",
                                "V": "11000",
                                "W": "7",
                                "Pt": "F",
                                "Dp": "18.0",
                                "$": "960"
                            },
                            {
                                "D": "E",
                                "G": "19",
                                "H": "72.4",
                                "P": "1010",
                                "S": "11",
                                "T": "22.6",
                                "V": "9000",
                                "W": "8",
                                "Pt": "F",
                                "Dp": "17.4",
                                "$": "1020"
                            },
                            {
                                "D": "E",
                                "G": "21",
                                "H": "76.5",
                                "P": "1010",
                                "S": "11",
                                "T": "21.9",
                                "V": "7000",
                                "W": "5",
                                "Pt": "F",
                                "Dp": "17.6",
                                "$": "1080"
                            },
                            {
                                "D": "E",
                                "G": "19",
                                "H": "79.4",
                                "P": "1009",
                                "S": "11",
                                "T": "21.2",
                                "V": "5000",
                                "W": "5",
                                "Pt": "F",
                                "Dp": "17.5",
                                "$": "1140"
                            },
                            {
                                "D": "E",
                                "G": "18",
                                "H": "83.4",
                                "P": "1009",
                                "S": "10",
                                "T": "20.6",
                                "V": "4900",
                                "W": "5",
                                "Pt": "F",
                                "Dp": "17.7",
                                "$": "1200"
                            },
                            {
                                "D": "E",
                                "G": "16",
                                "H": "89.9",
                                "P": "1009",
                                "S": "8",
                                "T": "19.9",
                                "V": "3600",
                                "W": "12",
                                "Pt": "F",
                                "Dp": "18.2",
                                "$": "1260"
                            },
                            {
                                "D": "ESE",
                                "G": "16",
                                "H": "96.3",
                                "P": "1009",
                                "S": "8",
                                "T": "19.7",
                                "V": "2300",
                                "W": "12",
                                "Pt": "F",
                                "Dp": "19.1",
                                "$": "1320"
                            },
                            {
                                "D": "E",
                                "G": "14",
                                "H": "96.9",
                                "P": "1008",
                                "S": "8",
                                "T": "19.9",
                                "V": "2100",
                                "W": "8",
                                "Pt": "F",
                                "Dp": "19.4",
                                "$": "1380"
                            }
                        ]
                    },
                    {
                        "type": "Day",
                        "value": "2023-08-19Z",
                        "Rep": [
                            {
                                "D": "ESE",
                                "G": "14",
                                "H": "97.6",
                                "P": "1008",
                                "S": "10",
                                "T": "20.2",
                                "V": "2400",
                                "W": "12",
                                "Pt": "F",
                                "Dp": "19.8",
                                "$": "0"
                            },
                            {
                                "D": "S",
                                "G": "19",
                                "H": "87.2",
                                "P": "1008",
                                "S": "13",
                                "T": "20.7",
                                "V": "30000",
                                "W": "12",
                                "Pt": "F",
                                "Dp": "18.5",
                                "$": "60"
                            },
                            {
                                "D": "SSW",
                                "G": "18",
                                "H": "87.1",
                                "P": "1008",
                                "S": "13",
                                "T": "20.0",
                                "V": "30000",
                                "W": "8",
                                "Pt": "R",
                                "Dp": "17.8",
                                "$": "120"
                            },
                            {
                                "D": "SSW",
                                "G": "18",
                                "H": "86.0",
                                "P": "1008",
                                "S": "11",
                                "T": "19.3",
                                "V": "30000",
                                "W": "8",
                                "Pt": "R",
                                "Dp": "16.9",
                                "$": "180"
                            },
                            {
                                "D": "SSW",
                                "G": "19",
                                "H": "84.7",
                                "P": "1009",
                                "S": "14",
                                "T": "18.3",
                                "V": "30000",
                                "W": "7",
                                "Pt": "R",
                                "Dp": "15.7",
                                "$": "240"
                            },
                            {
                                "D": "SSW",
                                "G": "19",
                                "H": "87.5",
                                "P": "1009",
                                "S": "8",
                                "T": "17.6",
                                "V": "10000",
                                "W": "8",
                                "Pt": "R",
                                "Dp": "15.5",
                                "$": "300"
                            },
                            {
                                "D": "SSW",
                                "G": "18",
                                "H": "83.6",
                                "P": "1010",
                                "S": "13",
                                "T": "17.9",
                                "V": "13000",
                                "W": "8",
                                "Pt": "R",
                                "Dp": "15.1",
                                "$": "360"
                            },
                            {
                                "D": "SSW",
                                "G": "23",
                                "H": "81.0",
                                "P": "1011",
                                "S": "13",
                                "T": "18.5",
                                "V": "14000",
                                "W": "8",
                                "Pt": "R",
                                "Dp": "15.2",
                                "$": "420"
                            },
                            {
                                "D": "SSW",
                                "G": "18",
                                "H": "79.6",
                                "P": "1012",
                                "S": "11",
                                "T": "19.1",
                                "V": "12000",
                                "W": "8",
                                "Pt": "R",
                                "Dp": "15.5",
                                "$": "480"
                            },
                            {
                                "D": "SW",
                                "G": "19",
                                "H": "78.6",
                                "P": "1013",
                                "S": "11",
                                "T": "19.5",
                                "V": "4600",
                                "W": "12",
                                "Pt": "R",
                                "Dp": "15.7",
                                "$": "540"
                            },
                            {
                                "D": "SW",
                                "G": "19",
                                "H": "75.1",
                                "P": "1013",
                                "S": "13",
                                "T": "19.6",
                                "V": "8000",
                                "W": "12",
                                "Pt": "R",
                                "Dp": "15.1",
                                "$": "600"
                            },
                            {
                                "D": "SW",
                                "G": "21",
                                "H": "62.2",
                                "P": "1013",
                                "S": "13",
                                "T": "23.2",
                                "V": "8000",
                                "W": "1",
                                "Pt": "R",
                                "Dp": "15.6",
                                "$": "660"
                            },
                            {
                                "D": "SSW",
                                "G": "26",
                                "H": "51.4",
                                "P": "1014",
                                "S": "17",
                                "T": "23.3",
                                "V": "3200",
                                "W": "3",
                                "Pt": "R",
                                "Dp": "12.8",
                                "$": "720"
                            },
                            {
                                "D": "SSW",
                                "G": "26",
                                "H": "58.8",
                                "P": "1015",
                                "S": "17",
                                "T": "24.0",
                                "V": "13000",
                                "W": "8",
                                "Pt": "R",
                                "Dp": "15.5",
                                "$": "780"
                            },
                            {
                                "D": "SSW",
                                "G": "25",
                                "H": "53.8",
                                "P": "1015",
                                "S": "16",
                                "T": "24.3",
                                "V": "40000",
                                "W": "8",
                                "Pt": "R",
                                "Dp": "14.4",
                                "$": "840"
                            },
                            {
                                "D": "SW",
                                "G": "28",
                                "H": "53.7",
                                "P": "1016",
                                "S": "21",
                                "T": "24.2",
                                "V": "50000",
                                "W": "1",
                                "Pt": "R",
                                "Dp": "14.3",
                                "$": "900"
                            },
                            {
                                "D": "SSW",
                                "G": "29",
                                "H": "57.0",
                                "P": "1016",
                                "S": "16",
                                "T": "23.0",
                                "V": "35000",
                                "W": "3",
                                "Pt": "R",
                                "Dp": "14.1",
                                "$": "960"
                            }
                        ]
                    }
                ]
            }
        }
    }
}