{
    "SiteRep": {
        "Wx": {
            "Param": [
                {
                    "name": "G",
                    "units": "mph",
                    "$": "Wind Gust"
                },
                {
                    "name": "T",
                    "units": "C",
                    "$": "Temperature"
                },
                {
                    "name": "V",
                    "units": "m",
                    "$": "Visibility"
                },
                {
                    "name": "D",
                    "units": "compass",
                    "$": "Wind Direction"
                },
                {
                    "name": "S",
                    "units": "mph",
                    "$": "Wind Speed"
                },
                {
                    "name": "W",
                    "units": "",
                    "$": "Weather Type"
                },
                {
                    "name": "P",
                    "units": "hpa",
                    "$": "Pressure"
                },
                {
                    "name": "Pt",
                    "units": "Pa/s",
                    "$": "Pressure Tendency"
                },
                {
                    "name": "Dp",
                    "units": "C",
                    "$": "Dew Point"
                },
                {
                    "name": "H",
                    "units": "%",
                    "$": "Screen Relative Humidity"
                }
            ]
        },
        "DV": {
            "dataDate": "2023-12-28T16:00:00Z",
            "type": "Obs",
            "Location": {
                "i": "3772",
                "lat": "51.479",
                "lon": "-0.449",
                "name": "HEATHROW",
                "country": "ENGLAND",
                "continent": "EUROPE",
                "elevation": "25.0",
                "Period": [
                    {
                        "type": "Day",
                        "value": "2023-12-27Z",
                        "Rep": [
                            {
                                "D": "S",
                                "G": "36",
                                "H": "91.7",
                                "P": "999",
                                "S": "21",
                                "T": "11.5",
                                "V": "5000",
                                "W": "12",
                                "Pt": "F",
                                "Dp": "10.2",
                                "$": "960"
                            },
                            {
                                "D": "SSW",
                                "G": "38",
                                "H": "90.0",
                                "P": "1000",
                                "S": "22",
                                "T": "12.0",
                                "V": "35000",
                                "W": "12",
                                "Pt": "F",
                                "Dp": "10.4",
                                "$": "1020"
                            },
                            {
                                "D": "SW",
                                "G": "38",
                                "H": "89.9",
                                "P": "1001",
                                "S": "14",
                                "T": "11.4",
                                "V": "30000",
                                "W": "8",
                                "Pt": "R",
                                "Dp": "9.8",
                                "$": "1080"
                            },
                            {
                                "D": "SW",
                                "G": "31",
                                "H": "85.0",
                                "P": "1002",
                                "S": "15",
                                "T": "10.5",
                                "V": "30000",
                                "W": "8",
                                "Pt": "R",
                                "Dp": "8.1",
                                "$": "1140"
                            },
                            {
                                "D": "SSW",
                                "G": "24",
                                "H": "82.1",
                                "P": "1003",
                                "S": "16",
                                "T": "10.0",
                                "V": "27000",
                                "W": "2",
                                "Pt": "R",
                                "Dp": "7.1",
                                "$": "1200"
                            },
                            {
                                "D": "SSW",
                                "G": "23",
                                "H": "80.4",
                                "P": "1003",
                                "S": "15",
                                "T": "10.1",
                                "V": "20000",
                                "W": "2",
                                "Pt": "R",
                                "Dp": "6.9",
                                "$": "1260"
                            },
                            {
                                "D": "SW",
                                "G": "29",
                                "H": "81.1",
                                "P": "1003",
                                "S": "18",
                                "T": "10.5",
                                "V": "14000",
                                "W": "12",
                                "Pt": "R",
                                "Dp": "7.4",
                                "$": "1320"
                            },
                            {
                                "D": "SSW",
                                "G": "33",
                                "H": "76.3",
                                "P": "1003",
                                "S": "22",
                                "T": "11.0",
                                "V": "15000",
                                "W": "8",
                                "Pt": "R",
                                "Dp": "7.0",
                                "$": "1380"
                            }
                        ]
                    },
                    {
                        "type": "Day",
                        "value": "2023-12-28Z",
                        "Rep": [
                            {
                                "D": "SSW",
                                "G": "40",
                                "H": "72.8",
                                "P": "1003",
                                "S": "26",
                                "T": "11.4",
                                "V": "14000",
                                "W": "8",
                                "Pt": "R",
                                "Dp": "6.7",
                                "$": "0"
                            },
                            {
                                "D": "SSW",
                                "G": "43",
                                "H": "86.8",
                                "P": "1003",
                                "S": "23",
                                "T": "10.4",
                                "V": "4900",
                                "W": "12",
                                "Pt": "F",
                                "Dp": "8.3",
                                "$": "60"
                            },
                            {
                                "D": "SW",
                                "G": "40",
                                "H": "86.8",
                                "P": "1003",
                                "S": "24",
                                "T": "10.6",
                                "V": "2200",
                                "W": "12",
                                "Pt": "R",
                                "Dp": "8.5",
                                "$": "120"
                            },
                            {
                                "D": "SW",
                                "G": "37",
                                "H": "82.9",
                                "P": "1004",
                                "S": "25",
                                "T": "11.0",
                                "V": "13000",
                                "W": "8",
                                "Pt": "R",
                                "Dp": "8.2",
                                "$": "180"
                            },
                            {
                                "D": "SW",
                                "G": "36",
                                "H": "76.8",
                                "P": "1004",
                                "S": "22",
                                "T": "11.2",
                                "V": "12000",
                                "W": "7",
                                "Pt": "R",
                                "Dp": "7.3",
                                "$": "240"
                            },
                            {
                                "D": "SSW",
                                "G": "37",
                                "H": "76.3",
                                "P": "1004",
                                "S": "21",
                                "T": "11.3",
                                "V": "12000",
                                "W": "8",
                                "Pt": "R",
                                "Dp": "7.3",
                                "$": "300"
                            },
                            {
                                "D": "SW",
                                "G": "38",
                                "H": "72.3",
                                "P": "1005",
                                "S": "23",
                                "T": "11.5",
                                "V": "16000",
                                "W": "7",
                                "Pt": "R",
                                "Dp": "6.7",
                                "$": "360"
                            },
                            {
                                "D": "SW",
                                "G": "36",
                                "H": "75.7",
                                "P": "1005",
                                "S": "23",
                                "T": "11.2",
                                "V": "13000",
                                "W": "7",
                                "Pt": "R",
                                "Dp": "7.1",
                                "$": "420"
                            },
                            {
                                "D": "SSW",
                                "G": "31",
                                "H": "74.2",
                                "P": "1006",
                                "S": "22",
                                "T": "11.2",
                                "V": "10000",
                                "W": "8",
                                "Pt": "R",
                                "Dp": "6.8",
                                "$": "480"
                            },
                            {
                                "D": "SSW",
                                "G": "31",
                                "H": "79.4",
                                "P": "1006",
                                "S": "17",
                                "T": "10.9",
                                "V": "3200",
                                "W": "12",
                                "Pt": "R",
                                "Dp": "7.5",
                                "$": "540"
                            },
                            {
                                "D": "SW",
                                "G": "28",
                                "H": "82.8",
                                "P": "1006",
                                "S": "17",
                                "T": "11.2",
                                "V": "10000",
                                "W": "8",
                                "Pt": "R",
                                "Dp": "8.4",
                                "$": "600"
                            },
                            {
                                "D": "SW",
                                "G": "34",
                                "H": "83.9",
                                "P": "1006",
                                "S": "22",
                                "T": "10.5",
                                "V": "700",
                                "W": "15",
                                "Pt": "R",
                                "Dp": "7.9",
                                "$": "660"
                            },
                            {
                                "D": "SSW",
                                "G": "36",
                                "H": "91.0",
                                "P": "1006",
                                "S": "14",
                                "T": "10.8",
                                "V": "3800",
                                "W": "12",
                                "Pt": "F",
                                "Dp": "9.4",
                                "$": "720"
                            },
                            {
                                "D": "SW",
                                "G": "29",
                                "H": "86.4",
                                "P": "1005",
                                "S": "18",
                                "T": "11.4",
                                "V": "12000",
                                "W": "12",
                                "Pt": "F",
                                "Dp": "9.2",
                                "$": "780"
                            },
                            {
                                "D": "SW",
                                "G": "32",
                                "H": "80.7",
                                "P": "1004",
                                "S": "24",
                                "T": "12.2",
                                "V": "18000",
                                "W": "12",
                                "Pt": "F",
                                "Dp": "9.0",
                                "$": "840"
                            },
                            {
                                "D": "SW",
                                "G": "39",
                                "H": "72.9",
                                "P": "1004",
                                "S": "24",
                                "T": "12.3",
                                "V": "20000",
                                "W": "8",
                                "Pt": "F",
                                "Dp": "7.6",
                                "$": "900"
                            },
                            {
                                "D": "SSW",
                                "G": "36",
                                "H": "83.4",
                                "P": "1004",
                                "S": "22",
                                "T": "11.1",
                                "V": "19000",
                                "W": "12",
                                "Pt": "F",
                                "Dp": "8.4",
                                "$": "960"
                            }
                        ]
                    }
                ]
            }
        }
    }
}