{
    "SiteRep": {
        "Wx": {
            "Param": [
                {
                    "name": "G",
                    "units": "mph",
                    "$": "Wind Gust"
                },
                {
                    "name": "T",
                    "units": "C",
                    "$": "Temperature"
                },
                {
                    "name": "V",
                    "units": "m",
                    "$": "Visibility"
                },
                {
                    "name": "D",
                    "units": "compass",
                    "$": "Wind Direction"
                },
                {
                    "name": "S",
                    "units": "mph",
                    "$": "Wind Speed"
                },
                {
                    "name": "W",
                    "units": "",
                    "$": "Weather Type"
                },
                {
                    "name": "P",
                    "units": "hpa",
                    "$": "Pressure"
                },
                {
                    "name": "Pt",
                    "units": "Pa/s",
                    "$": "Pressure Tendency"
                },
                {
                    "name": "Dp",
                    "units": "C",
                    "$": "Dew Point"
                },
                {
                    "name": "H",
                    "units": "%",
                    "$": "Screen Relative Humidity"
                }
            ]
        },
        "DV": {
            "dataDate": "2024-06-08T16:00:00Z",
            "type": "Obs",
            "Location": {
                "i": "3772",
                "lat": "51.479",
                "lon": "-0.449",
                "name": "HEATHROW",
                "country": "ENGLAND",
                "continent": "EUROPE",
                "elevation": "25.0",
                "Period": [
                    {
                        "type": "Day",
                        "value": "2024-06-07Z",
                        "Rep": [
                            {
                                "D": "W",
                                "G": "22",
                                "H": "49.1",
                                "P": "1016",
                                "S": "13",
                                "T": "18.7",
                                "V": "50000",
                                "W": "8",
                                "Pt": "F",
                                "Dp": "7.9",
                                "$": "960"
                            },
                            {
                                "D": "WSW",
                                "G": "21",
                                "H": "51.4",
                                "P": "1016",
                                "S": "13",
                                "T": "18.3",
                                "V": "45000",
                                "W": "8",
                                "Pt": "F",
                                "Dp": "8.2",
                                "$": "1020"
                            },
                            {
                                "D": "SW",
                                "G": "21",
                                "H": "63.7",
                                "P": "1016",
                                "S": "14",
                                "T": "17.4",
                                "V": "30000",
                                "W": "8",
                                "Pt": "F",
                                "Dp": "10.5",
                                "$": "1080"
                            },
                            {
                                "D": "SW",
                                "G": "19",
                                "H": "64.9",
                                "P": "1016",
                                "S": "13",
                                "T": "17.0",
                                "V": "30000",
                                "W": "8",
                                "Pt": "F",
                                "Dp": "10.4",
                                "$": "1140"
                            },
                            {
                                "D": "SW",
                                "G": "23",
                                "H": "66.0",
                                "P": "1016",
                                "S": "14",
                                "T": "16.2",
                                "V": "35000",
                                "W": "8",
                                "Pt": "F",
                                "Dp": "9.9",
                                "$": "1200"
                            },
                            {
                                "D": "SW",
                                "G": "22",
                                "H": "69.2",
                                "P": "1016",
                                "S": "11",
                                "T": "15.9",
                                "V": "30000",
                                "W": "8",
                                "Pt": "F",
                                "Dp": "10.3",
                                "$": "1260"
                            },
                            {
                                "D": "WSW",
                                "G": "18",
                                "H": "73.8",
                                "P": "1016",
                                "S": "9",
                                "T": "15.4",
                                "V": "29000",
                                "W": "8",
                                "Pt": "S",
                                "Dp": "10.8",
                                "$": "1320"
                            },
                            {
                                "D": "W",
                                "G": "21",
                                "H": "67.4",
                                "P": "1016",
                                "S": "14",
                                "T": "14.3",
                                "V": "55000",
                                "W": "8",
                                "Pt": "F",
                                "Dp": "8.4",
                                "$": "1380"
                            }
                        ]
                    },
                    {
                        "type": "Day",
                        "value": "2024-06-08Z",
                        "Rep": [
                            {
                                "D": "WSW",
                                "G": "21",
                                "H": "73.9",
                                "P": "1015",
                                "S": "11",
                                "T": "12.7",
                                "V": "45000",
                                "W": "0",
                                "Pt": "F",
                                "Dp": "8.2",
                                "$": "0"
                            },
                            {
                                "D": "WSW",
                                "G": "14",
                                "H": "79.0",
                                "P": "1015",
                                "S": "9",
                                "T": "11.7",
                                "V": "45000",
                                "W": "0",
                                "Pt": "F",
                                "Dp": "8.2",
                                "$": "60"
                            },
                            {
                                "D": "WSW",
                                "G": "13",
                                "H": "83.2",
                                "P": "1014",
                                "S": "7",
                                "T": "11.0",
                                "V": "40000",
                                "W": "0",
                                "Pt": "F",
                                "Dp": "8.3",
                                "$": "120"
                            },
                            {
                                "D": "SW",
                                "G": "10",
                                "H": "86.1",
                                "P": "1014",
                                "S": "7",
                                "T": "10.5",
                                "V": "40000",
                                "W": "0",
                                "Pt": "F",
                                "Dp": "8.3",
                                "$": "180"
                            },
                            {
                                "D": "SW",
                                "G": "10",
                                "H": "88.4",
                                "P": "1013",
                                "S": "8",
                                "T": "10.2",
                                "V": "35000",
                                "W": "1",
                                "Pt": "F",
                                "Dp": "8.4",
                                "$": "240"
                            },
                            {
                                "D": "SSW",
                                "G": "11",
                                "H": "86.7",
                                "P": "1013",
                                "S": "8",
                                "T": "10.6",
                                "V": "40000",
                                "W": "1",
                                "Pt": "F",
                                "Dp": "8.5",
                                "$": "300"
                            },
                            {
                                "D": "SW",
                                "G": "14",
                                "H": "83.4",
                                "P": "1013",
                                "S": "9",
                                "T": "12.0",
                                "V": "50000",
                                "W": "3",
                                "Pt": "F",
                                "Dp": "9.3",
                                "$": "360"
                            },
                            {
                                "D": "WSW",
                                "G": "16",
                                "H": "76.3",
                                "P": "1013",
                                "S": "11",
                                "T": "14.8",
                                "V": "55000",
                                "W": "7",
                                "Pt": "F",
                                "Dp": "10.7",
                                "$": "420"
                            },
                            {
                                "D": "W",
                                "G": "17",
                                "H": "73.9",
                                "P": "1013",
                                "S": "8",
                                "T": "15.4",
                                "V": "55000",
                                "W": "8",
                                "Pt": "F",
                                "Dp": "10.8",
                                "$": "480"
                            },
                            {
                                "D": "W",
                                "G": "24",
                                "H": "66.1",
                                "P": "1012",
                                "S": "15",
                                "T": "16.2",
                                "V": "65000",
                                "W": "8",
                                "Pt": "F",
                                "Dp": "9.9",
                                "$": "540"
                            },
                            {
                                "D": "WSW",
                                "G": "21",
                                "H": "62.0",
                                "P": "1012",
                                "S": "13",
                                "T": "17.4",
                                "V": "75000",
                                "W": "8",
                                "Pt": "F",
                                "Dp": "10.1",
                                "$": "600"
                            },
                            {
                                "D": "W",
                                "G": "21",
                                "H": "61.9",
                                "P": "1012",
                                "S": "14",
                                "T": "16.9",
                                "V": "75000",
                                "W": "11",
                                "Pt": "F",
                                "Dp": "9.6",
                                "$": "660"
                            },
                            {
                                "D": "WNW",
                                "G": "19",
                                "H": "75.2",
                                "P": "1012",
                                "S": "8",
                                "T": "14.5",
                                "V": "40000",
                                "W": "12",
                                "Pt": "R",
                                "Dp": "10.2",
                                "$": "720"
                            },
                            {
                                "D": "W",
                                "G": "21",
                                "H": "52.8",
                                "P": "1012",
                                "S": "11",
                                "T": "18.1",
                                "V": "75000",
                                "W": "8",
                                "Pt": "R",
                                "Dp": "8.4",
                                "$": "780"
                            },
                            {
                                "D": "NW",
                                "G": "19",
                                "H": "51.9",
                                "P": "1012",
                                "S": "9",
                                "T": "18.5",
                                "V": "75000",
                                "W": "8",
                                "Pt": "R",
                                "Dp": "8.5",
                                "$": "840"
                            },
                            {
                                "D": "WNW",
                                "G": "19",
                                "H": "48.9",
                                "P": "1012",
                                "S": "10",
                                "T": "19.1",
                                "V": "75000",
                                "W": "8",
                                "Pt": "F",
                                "Dp": "8.2",
                                "$": "900"
                            },
                            {
                                "D": "NW",
                                "G": "19",
                                "H": "42.6",
                                "P": "1012",
                                "S": "10",
                                "T": "19.2",
                                "V": "75000",
                                "W": "7",
                                "Pt": "R",
                                "Dp": "6.3",
                                "$": "960"
                            }
                        ]
                    }
                ]
            }
        }
    }
}