{
    "SiteRep": {
        "Wx": {
            "Param": [
                {
                    "name": "G",
                    "units": "mph",
                    "$": "Wind Gust"
                },
                {
                    "name": "T",
                    "units": "C",
                    "$": "Temperature"
                },
                {
                    "name": "V",
                    "units": "m",
                    "$": "Visibility"
                },
                {
                    "name": "D",
                    "units": "compass",
                    "$": "Wind Direction"
                },
                {
                    "name": "S",
                    "units": "mph",
                    "$": "Wind Speed"
                },
                {
                    "name": "W",
                    "units": "",
                    "$": "Weather Type"
                },
                {
                    "name": "P",
                    "units": "hpa",
                    "$": "Pressure"
                },
                {
                    "name": "Pt",
                    "units": "Pa/s",
                    "$": "Pressure Tendency"
                },
                {
                    "name": "Dp",
                    "units": "C",
                    "$": "Dew Point"
                },
                {
                    "name": "H",
                    "units": "%",
                    "$": "Screen Relative Humidity"
                }
            ]
        },
        "DV": {
            "dataDate": "2024-05-21T16:00:00Z",
            "type": "Obs",
            "Location": {
                "i": "3772",
                "lat": "51.479",
                "lon": "-0.449",
                "name": "HEATHROW",
                "country": "ENGLAND",
                "continent": "EUROPE",
                "elevation": "25.0",
                "Period": [
                    {
                        "type": "Day",
                        "value": "2024-05-20Z",
                        "Rep": [
                            {
                                "D": "NNE",
                                "G": "16",
                                "H": "44.1",
                                "P": "1011",
                                "S": "8",
                                "T": "20.9",
                                "V": "35000",
                                "W": "3",
                                "Pt": "F",
                                "Dp": "8.3",
                                "$": "960"
                            },
                            {
                                "D": "NE",
                                "G": "16",
                                "H": "48.2",
                                "P": "1011",
                                "S": "8",
                                "T": "21.0",
                                "V": "40000",
                                "W": "8",
                                "Pt": "F",
                                "Dp": "9.7",
                                "$": "1020"
                            },
                            {
                                "D": "NNE",
                                "G": "17",
                                "H": "47.1",
                                "P": "1011",
                                "S": "9",
                                "T": "20.4",
                                "V": "45000",
                                "W": "1",
                                "Pt": "F",
                                "Dp": "8.8",
                                "$": "1080"
                            },
                            {
                                "D": "N",
                                "G": "15",
                                "H": "54.7",
                                "P": "1011",
                                "S": "7",
                                "T": "19.3",
                                "V": "30000",
                                "W": "1",
                                "Pt": "F",
                                "Dp": "10.0",
                                "$": "1140"
                            },
                            {
                                "D": "NNE",
                                "G": "18",
                                "H": "62.1",
                                "P": "1011",
                                "S": "8",
                                "T": "17.7",
                                "V": "45000",
                                "W": "0",
                                "Pt": "F",
                                "Dp": "10.4",
                                "$": "1200"
                            },
                            {
                                "D": "NNE",
                                "G": "19",
                                "H": "69.2",
                                "P": "1012",
                                "S": "7",
                                "T": "16.1",
                                "V": "45000",
                                "W": "0",
                                "Pt": "R",
                                "Dp": "10.5",
                                "$": "1260"
                            },
                            {
                                "D": "NNE",
                                "G": "15",
                                "H": "75.8",
                                "P": "1012",
                                "S": "8",
                                "T": "14.6",
                                "V": "40000",
                                "W": "0",
                                "Pt": "R",
                                "Dp": "10.4",
                                "$": "1320"
                            },
                            {
                                "D": "N",
                                "G": "17",
                                "H": "80.3",
                                "P": "1012",
                                "S": "7",
                                "T": "13.2",
                                "V": "35000",
                                "W": "7",
                                "Pt": "R",
                                "Dp": "9.9",
                                "$": "1380"
                            }
                        ]
                    },
                    {
                        "type": "Day",
                        "value": "2024-05-21Z",
                        "Rep": [
                            {
                                "D": "NNE",
                                "G": "14",
                                "H": "81.8",
                                "P": "1011",
                                "S": "7",
                                "T": "12.3",
                                "V": "35000",
                                "W": "8",
                                "Pt": "F",
                                "Dp": "9.3",
                                "$": "0"
                            },
                            {
                                "D": "NNE",
                                "G": "14",
                                "H": "82.3",
                                "P": "1011",
                                "S": "8",
                                "T": "11.6",
                                "V": "35000",
                                "W": "8",
                                "Pt": "F",
                                "Dp": "8.7",
                                "$": "60"
                            },
                            {
                                "D": "NNE",
                                "G": "13",
                                "H": "85.2",
                                "P": "1011",
                                "S": "7",
                                "T": "11.4",
                                "V": "30000",
                                "W": "8",
                                "Pt": "F",
                                "Dp": "9.0",
                                "$": "120"
                            },
                            {
                                "D": "N",
                                "G": "10",
                                "H": "83.4",
                                "P": "1010",
                                "S": "5",
                                "T": "11.8",
                                "V": "35000",
                                "W": "8",
                                "Pt": "F",
                                "Dp": "9.1",
                                "$": "180"
                            },
                            {
                                "D": "NNE",
                                "G": "11",
                                "H": "87.5",
                                "P": "1010",
                                "S": "5",
                                "T": "11.3",
                                "V": "27000",
                                "W": "8",
                                "Pt": "F",
                                "Dp": "9.3",
                                "$": "240"
                            },
                            {
                                "D": "NNE",
                                "G": "11",
                                "H": "86.3",
                                "P": "1010",
                                "S": "7",
                                "T": "11.7",
                                "V": "24000",
                                "W": "8",
                                "Pt": "F",
                                "Dp": "9.5",
                                "$": "300"
                            },
                            {
                                "D": "NNE",
                                "G": "13",
                                "H": "86.8",
                                "P": "1010",
                                "S": "7",
                                "T": "11.8",
                                "V": "20000",
                                "W": "8",
                                "Pt": "F",
                                "Dp": "9.7",
                                "$": "360"
                            },
                            {
                                "D": "NNE",
                                "G": "15",
                                "H": "86.4",
                                "P": "1010",
                                "S": "8",
                                "T": "12.1",
                                "V": "18000",
                                "W": "8",
                                "Pt": "F",
                                "Dp": "9.9",
                                "$": "420"
                            },
                            {
                                "D": "NNE",
                                "G": "14",
                                "H": "86.3",
                                "P": "1010",
                                "S": "8",
                                "T": "12.3",
                                "V": "20000",
                                "W": "8",
                                "Pt": "R",
                                "Dp": "10.1",
                                "$": "480"
                            },
                            {
                                "D": "NNE",
                                "G": "14",
                                "H": "85.9",
                                "P": "1010",
                                "S": "6",
                                "T": "12.9",
                                "V": "22000",
                                "W": "8",
                                "Pt": "F",
                                "Dp": "10.6",
                                "$": "540"
                            },
                            {
                                "D": "N",
                                "G": "11",
                                "H": "84.7",
                                "P": "1010",
                                "S": "7",
                                "T": "13.1",
                                "V": "19000",
                                "W": "8",
                                "Pt": "R",
                                "Dp": "10.6",
                                "$": "600"
                            },
                            {
                                "D": "N",
                                "G": "10",
                                "H": "83.7",
                                "P": "1010",
                                "S": "5",
                                "T": "13.5",
                                "V": "21000",
                                "W": "8",
                                "Pt": "F",
                                "Dp": "10.8",
                                "$": "660"
                            },
                            {
                                "D": "NE",
                                "G": "9",
                                "H": "82.1",
                                "P": "1009",
                                "S": "3",
                                "T": "13.9",
                                "V": "23000",
                                "W": "8",
                                "Pt": "F",
                                "Dp": "10.9",
                                "$": "720"
                            },
                            {
                                "D": "NNW",
                                "G": "8",
                                "H": "81.0",
                                "P": "1009",
                                "S": "6",
                                "T": "14.5",
                                "V": "18000",
                                "W": "8",
                                "Pt": "F",
                                "Dp": "11.3",
                                "$": "780"
                            },
                            {
                                "D": "WNW",
                                "G": "7",
                                "H": "88.3",
                                "P": "1009",
                                "S": "5",
                                "T": "14.5",
                                "V": "8000",
                                "W": "12",
                                "Pt": "F",
                                "Dp": "12.6",
                                "$": "840"
                            },
                            {
                                "D": "NW",
                                "G": "8",
                                "H": "93.7",
                                "P": "1009",
                                "S": "3",
                                "T": "14.1",
                                "V": "1000",
                                "W": "12",
                                "Pt": "F",
                                "Dp": "13.1",
                                "$": "900"
                            },
                            {
                                "D": "WNW",
                                "G": "7",
                                "H": "93.7",
                                "P": "1009",
                                "S": "3",
                                "T": "14.4",
                                "V": "5000",
                                "W": "12",
                                "Pt": "F",
                                "Dp": "13.4",
                                "$": "960"
                            }
                        ]
                    }
                ]
            }
        }
    }
}