{
    "SiteRep": {
        "Wx": {
            "Param": [
                {
                    "name": "G",
                    "units": "mph",
                    "$": "Wind Gust"
                },
                {
                    "name": "T",
                    "units": "C",
                    "$": "Temperature"
                },
                {
                    "name": "V",
                    "units": "m",
                    "$": "Visibility"
                },
                {
                    "name": "D",
                    "units": "compass",
                    "$": "Wind Direction"
                },
                {
                    "name": "S",
                    "units": "mph",
                    "$": "Wind Speed"
                },
                {
                    "name": "W",
                    "units": "",
                    "$": "Weather Type"
                },
                {
                    "name": "P",
                    "units": "hpa",
                    "$": "Pressure"
                },
                {
                    "name": "Pt",
                    "units": "Pa/s",
                    "$": "Pressure Tendency"
                },
                {
                    "name": "Dp",
                    "units": "C",
                    "$": "Dew Point"
                },
                {
                    "name": "H",
                    "units": "%",
                    "$": "Screen Relative Humidity"
                }
            ]
        },
        "DV": {
            "dataDate": "2024-04-28T16:00:00Z",
            "type": "Obs",
            "Location": {
                "i": "3772",
                "lat": "51.479",
                "lon": "-0.449",
                "name": "HEATHROW",
                "country": "ENGLAND",
                "continent": "EUROPE",
                "elevation": "25.0",
                "Period": [
                    {
                        "type": "Day",
                        "value": "2024-04-27Z",
                        "Rep": [
                            {
                                "D": "NE",
                                "G": "15",
                                "H": "72.3",
                                "P": "1002",
                                "S": "8",
                                "T": "11.6",
                                "V": "35000",
                                "W": "8",
                                "Pt": "F",
                                "Dp": "6.8",
                                "$": "960"
                            },
                            {
                                "D": "NNE",
                                "G": "17",
                                "H": "77.4",
                                "P": "1002",
                                "S": "10",
                                "T": "10.9",
                                "V": "15000",
                                "W": "12",
                                "Pt": "F",
                                "Dp": "7.1",
                                "$": "1020"
                            },
                            {
                                "D": "NE",
                                "G": "18",
                                "H": "87.4",
                                "P": "1002",
                                "S": "10",
                                "T": "9.5",
                                "V": "4700",
                                "W": "12",
                                "Pt": "F",
                                "Dp": "7.5",
                                "$": "1080"
                            },
                            {
                                "D": "NNE",
                                "G": "18",
                                "H": "92.8",
                                "P": "1002",
                                "S": "9",
                                "T": "8.8",
                                "V": "3600",
                                "W": "12",
                                "Pt": "F",
                                "Dp": "7.7",
                                "$": "1140"
                            },
                            {
                                "D": "NNE",
                                "G": "19",
                                "H": "94.7",
                                "P": "1002",
                                "S": "8",
                                "T": "8.5",
                                "V": "4100",
                                "W": "12",
                                "Pt": "F",
                                "Dp": "7.7",
                                "$": "1200"
                            },
                            {
                                "D": "NNE",
                                "G": "22",
                                "H": "94.1",
                                "P": "1001",
                                "S": "11",
                                "T": "8.3",
                                "V": "7000",
                                "W": "12",
                                "Pt": "F",
                                "Dp": "7.4",
                                "$": "1260"
                            },
                            {
                                "D": "NNE",
                                "G": "22",
                                "H": "94.1",
                                "P": "1000",
                                "S": "11",
                                "T": "8.1",
                                "V": "8000",
                                "W": "12",
                                "Pt": "F",
                                "Dp": "7.2",
                                "$": "1320"
                            },
                            {
                                "D": "NNE",
                                "G": "21",
                                "H": "95.3",
                                "P": "1000",
                                "S": "10",
                                "T": "7.9",
                                "V": "6000",
                                "W": "12",
                                "Pt": "F",
                                "Dp": "7.2",
                                "$": "1380"
                            }
                        ]
                    },
                    {
                        "type": "Day",
                        "value": "2024-04-28Z",
                        "Rep": [
                            {
                                "D": "NNE",
                                "G": "21",
                                "H": "95.3",
                                "P": "999",
                                "S": "11",
                                "T": "8.0",
                                "V": "14000",
                                "W": "12",
                                "Pt": "F",
                                "Dp": "7.3",
                                "$": "0"
                            },
                            {
                                "D": "NNE",
                                "G": "17",
                                "H": "95.9",
                                "P": "998",
                                "S": "8",
                                "T": "7.9",
                                "V": "3900",
                                "W": "12",
                                "Pt": "F",
                                "Dp": "7.3",
                                "$": "60"
                            },
                            {
                                "D": "N",
                                "G": "16",
                                "H": "95.3",
                                "P": "997",
                                "S": "9",
                                "T": "8.0",
                                "V": "8000",
                                "W": "12",
                                "Pt": "F",
                                "Dp": "7.3",
                                "$": "120"
                            },
                            {
                                "D": "N",
                                "G": "17",
                                "H": "95.3",
                                "P": "997",
                                "S": "9",
                                "T": "8.0",
                                "V": "4000",
                                "W": "12",
                                "Pt": "F",
                                "Dp": "7.3",
                                "$": "180"
                            },
                            {
                                "D": "N",
                                "G": "18",
                                "H": "96.0",
                                "P": "997",
                                "S": "9",
                                "T": "7.9",
                                "V": "3300",
                                "W": "12",
                                "Pt": "F",
                                "Dp": "7.3",
                                "$": "240"
                            },
                            {
                                "D": "N",
                                "G": "16",
                                "H": "95.3",
                                "P": "997",
                                "S": "9",
                                "T": "7.8",
                                "V": "9000",
                                "W": "12",
                                "Pt": "F",
                                "Dp": "7.1",
                                "$": "300"
                            },
                            {
                                "D": "W",
                                "G": "15",
                                "H": "95.3",
                                "P": "998",
                                "S": "6",
                                "T": "7.6",
                                "V": "3500",
                                "W": "12",
                                "Pt": "R",
                                "Dp": "6.9",
                                "$": "360"
                            },
                            {
                                "D": "WNW",
                                "G": "19",
                                "H": "94.7",
                                "P": "999",
                                "S": "10",
                                "T": "7.3",
                                "V": "9000",
                                "W": "12",
                                "Pt": "R",
                                "Dp": "6.5",
                                "$": "420"
                            },
                            {
                                "D": "NW",
                                "G": "17",
                                "H": "92.1",
                                "P": "1000",
                                "S": "10",
                                "T": "6.8",
                                "V": "30000",
                                "W": "12",
                                "Pt": "R",
                                "Dp": "5.6",
                                "$": "480"
                            },
                            {
                                "D": "WNW",
                                "G": "22",
                                "H": "87.2",
                                "P": "1001",
                                "S": "14",
                                "T": "7.7",
                                "V": "75000",
                                "W": "8",
                                "Pt": "R",
                                "Dp": "5.7",
                                "$": "540"
                            },
                            {
                                "D": "WNW",
                                "G": "25",
                                "H": "83.0",
                                "P": "1003",
                                "S": "16",
                                "T": "7.1",
                                "V": "75000",
                                "W": "8",
                                "Pt": "R",
                                "Dp": "4.4",
                                "$": "600"
                            },
                            {
                                "D": "W",
                                "G": "25",
                                "H": "86.4",
                                "P": "1004",
                                "S": "14",
                                "T": "7.3",
                                "V": "28000",
                                "W": "12",
                                "Pt": "R",
                                "Dp": "5.2",
                                "$": "660"
                            },
                            {
                                "D": "W",
                                "G": "24",
                                "H": "87.1",
                                "P": "1006",
                                "S": "15",
                                "T": "8.2",
                                "V": "7000",
                                "W": "12",
                                "Pt": "R",
                                "Dp": "6.2",
                                "$": "720"
                            },
                            {
                                "D": "W",
                                "G": "25",
                                "H": "86.0",
                                "P": "1007",
                                "S": "15",
                                "T": "9.3",
                                "V": "21000",
                                "W": "12",
                                "Pt": "R",
                                "Dp": "7.1",
                                "$": "780"
                            },
                            {
                                "D": "W",
                                "G": "23",
                                "H": "71.4",
                                "P": "1008",
                                "S": "15",
                                "T": "10.1",
                                "V": "65000",
                                "W": "8",
                                "Pt": "R",
                                "Dp": "5.2",
                                "$": "840"
                            },
                            {
                                "D": "W",
                                "G": "22",
                                "H": "69.9",
                                "P": "1009",
                                "S": "9",
                                "T": "12.1",
                                "V": "75000",
                                "W": "7",
                                "Pt": "R",
                                "Dp": "6.8",
                                "$": "900"
                            },
                            {
                                "D": "SW",
                                "G": "17",
                                "H": "55.3",
                                "P": "1009",
                                "S": "13",
                                "T": "13.1",
                                "V": "75000",
                                "W": "3",
                                "Pt": "R",
                                "Dp": "4.4",
                                "$": "960"
                            }
                        ]
                    }
                ]
            }
        }
    }
}