{
    "SiteRep": {
        "Wx": {
            "Param": [
                {
                    "name": "G",
                    "units": "mph",
                    "$": "Wind Gust"
                },
                {
                    "name": "T",
                    "units": "C",
                    "$": "Temperature"
                },
                {
                    "name": "V",
                    "units": "m",
                    "$": "Visibility"
                },
                {
                    "name": "D",
                    "units": "compass",
                    "$": "Wind Direction"
                },
                {
                    "name": "S",
                    "units": "mph",
                    "$": "Wind Speed"
                },
                {
                    "name": "W",
                    "units": "",
                    "$": "Weather Type"
                },
                {
                    "name": "P",
                    "units": "hpa",
                    "$": "Pressure"
                },
                {
                    "name": "Pt",
                    "units": "Pa/s",
                    "$": "Pressure Tendency"
                },
                {
                    "name": "Dp",
                    "units": "C",
                    "$": "Dew Point"
                },
                {
                    "name": "H",
                    "units": "%",
                    "$": "Screen Relative Humidity"
                }
            ]
        },
        "DV": {
            "dataDate": "2023-09-23T16:00:00Z",
            "type": "Obs",
            "Location": {
                "i": "3772",
                "lat": "51.479",
                "lon": "-0.449",
                "name": "HEATHROW",
                "country": "ENGLAND",
                "continent": "EUROPE",
                "elevation": "25.0",
                "Period": [
                    {
                        "type": "Day",
                        "value": "2023-09-22Z",
                        "Rep": [
                            {
                                "D": "WSW",
                                "G": "23",
                                "H": "74.4",
                                "P": "1003",
                                "S": "7",
                                "T": "14.8",
                                "V": "65000",
                                "W": "8",
                                "Pt": "R",
                                "Dp": "10.3",
                                "$": "960"
                            },
                            {
                                "D": "W",
                                "G": "19",
                                "H": "64.0",
                                "P": "1003",
                                "S": "13",
                                "T": "16.0",
                                "V": "60000",
                                "W": "3",
                                "Pt": "R",
                                "Dp": "9.2",
                                "$": "1020"
                            },
                            {
                                "D": "W",
                                "G": "19",
                                "H": "69.0",
                                "P": "1004",
                                "S": "11",
                                "T": "14.5",
                                "V": "65000",
                                "W": "2",
                                "Pt": "R",
                                "Dp": "8.9",
                                "$": "1080"
                            },
                            {
                                "D": "W",
                                "G": "17",
                                "H": "70.8",
                                "P": "1006",
                                "S": "9",
                                "T": "13.8",
                                "V": "60000",
                                "W": "2",
                                "Pt": "R",
                                "Dp": "8.6",
                                "$": "1140"
                            },
                            {
                                "D": "W",
                                "G": "14",
                                "H": "74.1",
                                "P": "1006",
                                "S": "8",
                                "T": "13.3",
                                "V": "75000",
                                "W": "8",
                                "Pt": "R",
                                "Dp": "8.8",
                                "$": "1200"
                            },
                            {
                                "D": "W",
                                "G": "15",
                                "H": "84.0",
                                "P": "1007",
                                "S": "10",
                                "T": "11.6",
                                "V": "65000",
                                "W": "2",
                                "Pt": "R",
                                "Dp": "9.0",
                                "$": "1260"
                            },
                            {
                                "D": "WSW",
                                "G": "14",
                                "H": "88.0",
                                "P": "1008",
                                "S": "10",
                                "T": "11.1",
                                "V": "60000",
                                "W": "0",
                                "Pt": "R",
                                "Dp": "9.2",
                                "$": "1320"
                            },
                            {
                                "D": "WSW",
                                "G": "14",
                                "H": "89.1",
                                "P": "1008",
                                "S": "10",
                                "T": "10.5",
                                "V": "50000",
                                "W": "0",
                                "Pt": "R",
                                "Dp": "8.8",
                                "$": "1380"
                            }
                        ]
                    },
                    {
                        "type": "Day",
                        "value": "2023-09-23Z",
                        "Rep": [
                            {
                                "D": "W",
                                "G": "15",
                                "H": "90.3",
                                "P": "1009",
                                "S": "10",
                                "T": "10.1",
                                "V": "40000",
                                "W": "0",
                                "Pt": "R",
                                "Dp": "8.6",
                                "$": "0"
                            },
                            {
                                "D": "W",
                                "G": "17",
                                "H": "89.8",
                                "P": "1010",
                                "S": "9",
                                "T": "9.9",
                                "V": "35000",
                                "W": "0",
                                "Pt": "R",
                                "Dp": "8.3",
                                "$": "60"
                            },
                            {
                                "D": "WSW",
                                "G": "13",
                                "H": "89.6",
                                "P": "1010",
                                "S": "8",
                                "T": "9.1",
                                "V": "30000",
                                "W": "0",
                                "Pt": "R",
                                "Dp": "7.5",
                                "$": "120"
                            },
                            {
                                "D": "W",
                                "G": "10",
                                "H": "89.7",
                                "P": "1011",
                                "S": "8",
                                "T": "9.4",
                                "V": "30000",
                                "W": "0",
                                "Pt": "R",
                                "Dp": "7.8",
                                "$": "180"
                            },
                            {
                                "D": "W",
                                "G": "13",
                                "H": "92.1",
                                "P": "1011",
                                "S": "9",
                                "T": "8.8",
                                "V": "30000",
                                "W": "0",
                                "Pt": "R",
                                "Dp": "7.6",
                                "$": "240"
                            },
                            {
                                "D": "W",
                                "G": "14",
                                "H": "92.2",
                                "P": "1012",
                                "S": "9",
                                "T": "8.7",
                                "V": "30000",
                                "W": "0",
                                "Pt": "R",
                                "Dp": "7.5",
                                "$": "300"
                            },
                            {
                                "D": "W",
                                "G": "13",
                                "H": "90.9",
                                "P": "1013",
                                "S": "7",
                                "T": "8.6",
                                "V": "35000",
                                "W": "0",
                                "Pt": "R",
                                "Dp": "7.2",
                                "$": "360"
                            },
                            {
                                "D": "WSW",
                                "G": "11",
                                "H": "89.1",
                                "P": "1014",
                                "S": "8",
                                "T": "9.5",
                                "V": "35000",
                                "W": "1",
                                "Pt": "R",
                                "Dp": "7.8",
                                "$": "420"
                            },
                            {
                                "D": "WSW",
                                "G": "13",
                                "H": "81.7",
                                "P": "1015",
                                "S": "7",
                                "T": "11.3",
                                "V": "40000",
                                "W": "1",
                                "Pt": "R",
                                "Dp": "8.3",
                                "$": "480"
                            },
                            {
                                "D": "W",
                                "G": "13",
                                "H": "73.5",
                                "P": "1015",
                                "S": "8",
                                "T": "12.9",
                                "V": "45000",
                                "W": "1",
                                "Pt": "R",
                                "Dp": "8.3",
                                "$": "540"
                            },
                            {
                                "D": "W",
                                "G": "16",
                                "H": "69.3",
                                "P": "1016",
                                "S": "9",
                                "T": "14.4",
                                "V": "35000",
                                "W": "1",
                                "Pt": "R",
                                "Dp": "8.9",
                                "$": "600"
                            },
                            {
                                "D": "WSW",
                                "G": "17",
                                "H": "61.3",
                                "P": "1016",
                                "S": "9",
                                "T": "16.5",
                                "V": "50000",
                                "W": "1",
                                "Pt": "R",
                                "Dp": "9.1",
                                "$": "660"
                            },
                            {
                                "D": "WSW",
                                "G": "19",
                                "H": "51.0",
                                "P": "1016",
                                "S": "11",
                                "T": "18.2",
                                "V": "65000",
                                "W": "1",
                                "Pt": "R",
                                "Dp": "8.0",
                                "$": "720"
                            },
                            {
                                "D": "WSW",
                                "G": "21",
                                "H": "43.7",
                                "P": "1017",
                                "S": "11",
                                "T": "18.9",
                                "V": "55000",
                                "W": "3",
                                "Pt": "R",
                                "Dp": "6.4",
                                "$": "780"
                            },
                            {
                                "D": "WSW",
                                "G": "22",
                                "H": "48.8",
                                "P": "1017",
                                "S": "11",
                                "T": "18.1",
                                "V": "45000",
                                "W": "8",
                                "Pt": "R",
                                "Dp": "7.3",
                                "$": "840"
                            },
                            {
                                "D": "W",
                                "G": "19",
                                "H": "49.3",
                                "P": "1017",
                                "S": "10",
                                "T": "17.4",
                                "V": "50000",
                                "W": "8",
                                "Pt": "R",
                                "Dp": "6.8",
                                "$": "900"
                            },
                            {
                                "D": "WSW",
                                "G": "17",
                                "H": "51.7",
                                "P": "1017",
                                "S": "9",
                                "T": "16.9",
                                "V": "45000",
                                "W": "8",
                                "Pt": "R",
                                "Dp": "7.0",
                                "$": "960"
                            }
                        ]
                    }
                ]
            }
        }
    }
}