{
    "SiteRep": {
        "Wx": {
            "Param": [
                {
                    "name": "G",
                    "units": "mph",
                    "$": "Wind Gust"
                },
                {
                    "name": "T",
                    "units": "C",
                    "$": "Temperature"
                },
                {
                    "name": "V",
                    "units": "m",
                    "$": "Visibility"
                },
                {
                    "name": "D",
                    "units": "compass",
                    "$": "Wind Direction"
                },
                {
                    "name": "S",
                    "units": "mph",
                    "$": "Wind Speed"
                },
                {
                    "name": "W",
                    "units": "",
                    "$": "Weather Type"
                },
                {
                    "name": "P",
                    "units": "hpa",
                    "$": "Pressure"
                },
                {
                    "name": "Pt",
                    "units": "Pa/s",
                    "$": "Pressure Tendency"
                },
                {
                    "name": "Dp",
                    "units": "C",
                    "$": "Dew Point"
                },
                {
                    "name": "H",
                    "units": "%",
                    "$": "Screen Relative Humidity"
                }
            ]
        },
        "DV": {
            "dataDate": "2023-09-11T16:00:00Z",
            "type": "Obs",
            "Location": {
                "i": "3772",
                "lat": "51.479",
                "lon": "-0.449",
                "name": "HEATHROW",
                "country": "ENGLAND",
                "continent": "EUROPE",
                "elevation": "25.0",
                "Period": [
                    {
                        "type": "Day",
                        "value": "2023-09-10Z",
                        "Rep": [
                            {
                                "D": "SSW",
                                "G": "23",
                                "H": "54.8",
                                "P": "1013",
                                "S": "10",
                                "T": "25.6",
                                "V": "30000",
                                "W": "8",
                                "Pt": "F",
                                "Dp": "15.9",
                                "$": "960"
                            },
                            {
                                "D": "SSW",
                                "G": "18",
                                "H": "59.1",
                                "P": "1013",
                                "S": "11",
                                "T": "25.0",
                                "V": "35000",
                                "W": "7",
                                "Pt": "F",
                                "Dp": "16.5",
                                "$": "1020"
                            },
                            {
                                "D": "SSW",
                                "G": "14",
                                "H": "63.6",
                                "P": "1013",
                                "S": "7",
                                "T": "24.0",
                                "V": "40000",
                                "W": "1",
                                "Pt": "F",
                                "Dp": "16.7",
                                "$": "1080"
                            },
                            {
                                "D": "S",
                                "G": "13",
                                "H": "68.9",
                                "P": "1013",
                                "S": "6",
                                "T": "23.1",
                                "V": "35000",
                                "W": "0",
                                "Pt": "F",
                                "Dp": "17.1",
                                "$": "1140"
                            },
                            {
                                "D": "SSE",
                                "G": "15",
                                "H": "71.0",
                                "P": "1013",
                                "S": "7",
                                "T": "22.4",
                                "V": "35000",
                                "W": "7",
                                "Pt": "R",
                                "Dp": "16.9",
                                "$": "1200"
                            },
                            {
                                "D": "S",
                                "G": "13",
                                "H": "75.0",
                                "P": "1013",
                                "S": "8",
                                "T": "21.6",
                                "V": "30000",
                                "W": "0",
                                "Pt": "R",
                                "Dp": "17.0",
                                "$": "1260"
                            },
                            {
                                "D": "SSW",
                                "G": "15",
                                "H": "81.3",
                                "P": "1013",
                                "S": "9",
                                "T": "20.5",
                                "V": "22000",
                                "W": "0",
                                "Pt": "S",
                                "Dp": "17.2",
                                "$": "1320"
                            },
                            {
                                "D": "SW",
                                "G": "16",
                                "H": "89.3",
                                "P": "1013",
                                "S": "11",
                                "T": "19.4",
                                "V": "8000",
                                "W": "0",
                                "Pt": "S",
                                "Dp": "17.6",
                                "$": "1380"
                            }
                        ]
                    },
                    {
                        "type": "Day",
                        "value": "2023-09-11Z",
                        "Rep": [
                            {
                                "D": "SW",
                                "G": "15",
                                "H": "92.1",
                                "P": "1013",
                                "S": "8",
                                "T": "18.8",
                                "V": "5000",
                                "W": "5",
                                "Pt": "R",
                                "Dp": "17.5",
                                "$": "0"
                            },
                            {
                                "D": "SW",
                                "G": "15",
                                "H": "89.8",
                                "P": "1013",
                                "S": "10",
                                "T": "19.2",
                                "V": "6000",
                                "W": "5",
                                "Pt": "F",
                                "Dp": "17.5",
                                "$": "60"
                            },
                            {
                                "D": "WSW",
                                "G": "17",
                                "H": "90.9",
                                "P": "1013",
                                "S": "10",
                                "T": "19.0",
                                "V": "5000",
                                "W": "5",
                                "Pt": "F",
                                "Dp": "17.5",
                                "$": "120"
                            },
                            {
                                "D": "WSW",
                                "G": "17",
                                "H": "89.8",
                                "P": "1013",
                                "S": "9",
                                "T": "19.0",
                                "V": "7000",
                                "W": "5",
                                "Pt": "F",
                                "Dp": "17.3",
                                "$": "180"
                            },
                            {
                                "D": "SSW",
                                "G": "11",
                                "S": "8",
                                "$": "240"
                            },
                            {
                                "D": "SSW",
                                "G": "11",
                                "H": "89.2",
                                "P": "1013",
                                "S": "8",
                                "T": "18.7",
                                "V": "8000",
                                "W": "5",
                                "Pt": "F",
                                "Dp": "16.9",
                                "$": "300"
                            },
                            {
                                "D": "SW",
                                "G": "14",
                                "H": "88.7",
                                "P": "1013",
                                "S": "8",
                                "T": "19.1",
                                "V": "10000",
                                "W": "8",
                                "Pt": "F",
                                "Dp": "17.2",
                                "$": "360"
                            },
                            {
                                "D": "WSW",
                                "G": "15",
                                "H": "84.3",
                                "P": "1013",
                                "S": "8",
                                "T": "19.6",
                                "V": "12000",
                                "W": "8",
                                "Pt": "R",
                                "Dp": "16.9",
                                "$": "420"
                            },
                            {
                                "D": "WSW",
                                "G": "19",
                                "H": "75.7",
                                "P": "1014",
                                "S": "14",
                                "T": "20.0",
                                "V": "27000",
                                "W": "8",
                                "Pt": "R",
                                "Dp": "15.6",
                                "$": "480"
                            },
                            {
                                "D": "WSW",
                                "G": "18",
                                "H": "67.2",
                                "P": "1014",
                                "S": "9",
                                "T": "21.5",
                                "V": "40000",
                                "W": "8",
                                "Pt": "R",
                                "Dp": "15.2",
                                "$": "540"
                            },
                            {
                                "D": "WSW",
                                "G": "17",
                                "H": "60.2",
                                "P": "1014",
                                "S": "10",
                                "T": "23.1",
                                "V": "55000",
                                "W": "3",
                                "Pt": "R",
                                "Dp": "15.0",
                                "$": "600"
                            },
                            {
                                "D": "W",
                                "G": "18",
                                "H": "58.4",
                                "P": "1013",
                                "S": "11",
                                "T": "23.5",
                                "V": "50000",
                                "W": "1",
                                "Pt": "F",
                                "Dp": "14.9",
                                "$": "660"
                            },
                            {
                                "D": "WSW",
                                "G": "19",
                                "H": "52.2",
                                "P": "1013",
                                "S": "11",
                                "T": "24.9",
                                "V": "50000",
                                "W": "7",
                                "Pt": "F",
                                "Dp": "14.5",
                                "$": "720"
                            },
                            {
                                "D": "SW",
                                "G": "19",
                                "H": "56.9",
                                "P": "1013",
                                "S": "11",
                                "T": "23.9",
                                "V": "55000",
                                "W": "8",
                                "Pt": "F",
                                "Dp": "14.9",
                                "$": "780"
                            },
                            {
                                "D": "SW",
                                "G": "21",
                                "H": "49.8",
                                "P": "1012",
                                "S": "11",
                                "T": "25.8",
                                "V": "65000",
                                "W": "7",
                                "Pt": "F",
                                "Dp": "14.6",
                                "$": "840"
                            },
                            {
                                "D": "SW",
                                "G": "18",
                                "H": "51.7",
                                "P": "1012",
                                "S": "9",
                                "T": "25.6",
                                "V": "50000",
                                "W": "3",
                                "Pt": "F",
                                "Dp": "15.0",
                                "$": "900"
                            },
                            {
                                "D": "WSW",
                                "G": "23",
                                "H": "58.9",
                                "P": "1012",
                                "S": "9",
                                "T": "24.0",
                                "V": "45000",
                                "W": "3",
                                "Pt": "F",
                                "Dp": "15.5",
                                "$": "960"
                            }
                        ]
                    }
                ]
            }
        }
    }
}