{
    "SiteRep": {
        "Wx": {
            "Param": [
                {
                    "name": "G",
                    "units": "mph",
                    "$": "Wind Gust"
                },
                {
                    "name": "T",
                    "units": "C",
                    "$": "Temperature"
                },
                {
                    "name": "V",
                    "units": "m",
                    "$": "Visibility"
                },
                {
                    "name": "D",
                    "units": "compass",
                    "$": "Wind Direction"
                },
                {
                    "name": "S",
                    "units": "mph",
                    "$": "Wind Speed"
                },
                {
                    "name": "W",
                    "units": "",
                    "$": "Weather Type"
                },
                {
                    "name": "P",
                    "units": "hpa",
                    "$": "Pressure"
                },
                {
                    "name": "Pt",
                    "units": "Pa/s",
                    "$": "Pressure Tendency"
                },
                {
                    "name": "Dp",
                    "units": "C",
                    "$": "Dew Point"
                },
                {
                    "name": "H",
                    "units": "%",
                    "$": "Screen Relative Humidity"
                }
            ]
        },
        "DV": {
            "dataDate": "2024-02-12T16:00:00Z",
            "type": "Obs",
            "Location": {
                "i": "3772",
                "lat": "51.479",
                "lon": "-0.449",
                "name": "HEATHROW",
                "country": "ENGLAND",
                "continent": "EUROPE",
                "elevation": "25.0",
                "Period": [
                    {
                        "type": "Day",
                        "value": "2024-02-11Z",
                        "Rep": [
                            {
                                "D": "WNW",
                                "G": "16",
                                "H": "66.5",
                                "P": "993",
                                "S": "8",
                                "T": "10.8",
                                "V": "30000",
                                "W": "8",
                                "Pt": "R",
                                "Dp": "4.8",
                                "$": "960"
                            },
                            {
                                "D": "W",
                                "G": "16",
                                "H": "72.5",
                                "P": "994",
                                "S": "8",
                                "T": "9.5",
                                "V": "35000",
                                "W": "8",
                                "Pt": "R",
                                "Dp": "4.8",
                                "$": "1020"
                            },
                            {
                                "D": "W",
                                "G": "17",
                                "H": "82.0",
                                "P": "995",
                                "S": "10",
                                "T": "8.3",
                                "V": "35000",
                                "W": "2",
                                "Pt": "R",
                                "Dp": "5.4",
                                "$": "1080"
                            },
                            {
                                "D": "W",
                                "G": "18",
                                "H": "83.1",
                                "P": "996",
                                "S": "10",
                                "T": "8.3",
                                "V": "45000",
                                "W": "12",
                                "Pt": "R",
                                "Dp": "5.6",
                                "$": "1140"
                            },
                            {
                                "D": "WSW",
                                "G": "14",
                                "H": "85.3",
                                "P": "996",
                                "S": "8",
                                "T": "7.4",
                                "V": "40000",
                                "W": "7",
                                "Pt": "R",
                                "Dp": "5.1",
                                "$": "1200"
                            },
                            {
                                "D": "WSW",
                                "G": "16",
                                "H": "87.7",
                                "P": "997",
                                "S": "10",
                                "T": "6.6",
                                "V": "30000",
                                "W": "2",
                                "Pt": "R",
                                "Dp": "4.7",
                                "$": "1260"
                            },
                            {
                                "D": "WSW",
                                "G": "16",
                                "H": "89.5",
                                "P": "997",
                                "S": "9",
                                "T": "5.5",
                                "V": "23000",
                                "W": "0",
                                "Pt": "R",
                                "Dp": "3.9",
                                "$": "1320"
                            },
                            {
                                "D": "WSW",
                                "G": "15",
                                "H": "91.2",
                                "P": "998",
                                "S": "7",
                                "T": "4.5",
                                "V": "23000",
                                "W": "0",
                                "Pt": "R",
                                "Dp": "3.2",
                                "$": "1380"
                            }
                        ]
                    },
                    {
                        "type": "Day",
                        "value": "2024-02-12Z",
                        "Rep": [
                            {
                                "D": "SW",
                                "G": "9",
                                "H": "93.2",
                                "P": "998",
                                "S": "5",
                                "T": "4.2",
                                "V": "24000",
                                "W": "0",
                                "Pt": "R",
                                "Dp": "3.2",
                                "$": "0"
                            },
                            {
                                "D": "S",
                                "G": "7",
                                "H": "95.2",
                                "P": "999",
                                "S": "6",
                                "T": "3.9",
                                "V": "22000",
                                "W": "0",
                                "Pt": "R",
                                "Dp": "3.2",
                                "$": "60"
                            },
                            {
                                "D": "SW",
                                "G": "8",
                                "H": "95.3",
                                "P": "999",
                                "S": "6",
                                "T": "3.5",
                                "V": "22000",
                                "W": "0",
                                "Pt": "R",
                                "Dp": "2.8",
                                "$": "120"
                            },
                            {
                                "D": "SSW",
                                "G": "8",
                                "H": "96.6",
                                "P": "999",
                                "S": "6",
                                "T": "3.5",
                                "V": "27000",
                                "W": "2",
                                "Pt": "R",
                                "Dp": "3.0",
                                "$": "180"
                            },
                            {
                                "D": "SW",
                                "G": "8",
                                "H": "95.1",
                                "P": "1000",
                                "S": "5",
                                "T": "2.7",
                                "V": "24000",
                                "W": "2",
                                "Pt": "R",
                                "Dp": "2.0",
                                "$": "240"
                            },
                            {
                                "D": "SSW",
                                "G": "8",
                                "H": "95.9",
                                "P": "1000",
                                "S": "6",
                                "T": "3.4",
                                "V": "30000",
                                "W": "0",
                                "Pt": "R",
                                "Dp": "2.8",
                                "$": "300"
                            },
                            {
                                "D": "SSW",
                                "G": "8",
                                "H": "95.2",
                                "P": "1001",
                                "S": "3",
                                "T": "3.2",
                                "V": "30000",
                                "W": "2",
                                "Pt": "R",
                                "Dp": "2.5",
                                "$": "360"
                            },
                            {
                                "D": "S",
                                "G": "7",
                                "H": "94.5",
                                "P": "1001",
                                "S": "3",
                                "T": "3.1",
                                "V": "29000",
                                "W": "2",
                                "Pt": "R",
                                "Dp": "2.3",
                                "$": "420"
                            },
                            {
                                "D": "WSW",
                                "G": "9",
                                "H": "92.5",
                                "P": "1002",
                                "S": "6",
                                "T": "3.8",
                                "V": "30000",
                                "W": "3",
                                "Pt": "R",
                                "Dp": "2.7",
                                "$": "480"
                            },
                            {
                                "D": "W",
                                "G": "11",
                                "H": "91.3",
                                "P": "1003",
                                "S": "8",
                                "T": "4.8",
                                "V": "40000",
                                "W": "1",
                                "Pt": "R",
                                "Dp": "3.5",
                                "$": "540"
                            },
                            {
                                "D": "W",
                                "G": "15",
                                "H": "81.1",
                                "P": "1004",
                                "S": "9",
                                "T": "6.6",
                                "V": "60000",
                                "W": "1",
                                "Pt": "R",
                                "Dp": "3.6",
                                "$": "600"
                            },
                            {
                                "D": "W",
                                "G": "17",
                                "H": "73.1",
                                "P": "1005",
                                "S": "10",
                                "T": "7.7",
                                "V": "60000",
                                "W": "1",
                                "Pt": "R",
                                "Dp": "3.2",
                                "$": "660"
                            },
                            {
                                "D": "W",
                                "G": "18",
                                "H": "60.4",
                                "P": "1006",
                                "S": "10",
                                "T": "8.7",
                                "V": "75000",
                                "W": "1",
                                "Pt": "R",
                                "Dp": "1.5",
                                "$": "720"
                            },
                            {
                                "D": "W",
                                "G": "18",
                                "H": "54.4",
                                "P": "1007",
                                "S": "13",
                                "T": "9.3",
                                "V": "65000",
                                "W": "1",
                                "Pt": "R",
                                "Dp": "0.6",
                                "$": "780"
                            },
                            {
                                "D": "W",
                                "G": "17",
                                "H": "55.7",
                                "P": "1007",
                                "S": "10",
                                "T": "10.0",
                                "V": "60000",
                                "W": "1",
                                "Pt": "R",
                                "Dp": "1.6",
                                "$": "840"
                            },
                            {
                                "D": "W",
                                "G": "17",
                                "H": "53.9",
                                "P": "1008",
                                "S": "11",
                                "T": "9.3",
                                "V": "60000",
                                "W": "1",
                                "Pt": "R",
                                "Dp": "0.5",
                                "$": "900"
                            },
                            {
                                "D": "W",
                                "G": "21",
                                "H": "55.1",
                                "P": "1009",
                                "S": "13",
                                "T": "9.4",
                                "V": "65000",
                                "W": "1",
                                "Pt": "R",
                                "Dp": "0.9",
                                "$": "960"
                            }
                        ]
                    }
                ]
            }
        }
    }
}