{
    "SiteRep": {
        "Wx": {
            "Param": [
                {
                    "name": "G",
                    "units": "mph",
                    "$": "Wind Gust"
                },
                {
                    "name": "T",
                    "units": "C",
                    "$": "Temperature"
                },
                {
                    "name": "V",
                    "units": "m",
                    "$": "Visibility"
                },
                {
                    "name": "D",
                    "units": "compass",
                    "$": "Wind Direction"
                },
                {
                    "name": "S",
                    "units": "mph",
                    "$": "Wind Speed"
                },
                {
                    "name": "W",
                    "units": "",
                    "$": "Weather Type"
                },
                {
                    "name": "P",
                    "units": "hpa",
                    "$": "Pressure"
                },
                {
                    "name": "Pt",
                    "units": "Pa/s",
                    "$": "Pressure Tendency"
                },
                {
                    "name": "Dp",
                    "units": "C",
                    "$": "Dew Point"
                },
                {
                    "name": "H",
                    "units": "%",
                    "$": "Screen Relative Humidity"
                }
            ]
        },
        "DV": {
            "dataDate": "2023-09-20T16:00:00Z",
            "type": "Obs",
            "Location": {
                "i": "3772",
                "lat": "51.479",
                "lon": "-0.449",
                "name": "HEATHROW",
                "country": "ENGLAND",
                "continent": "EUROPE",
                "elevation": "25.0",
                "Period": [
                    {
                        "type": "Day",
                        "value": "2023-09-19Z",
                        "Rep": [
                            {
                                "D": "SSW",
                                "G": "32",
                                "H": "78.6",
                                "P": "1004",
                                "S": "19",
                                "T": "19.0",
                                "V": "35000",
                                "W": "11",
                                "Pt": "S",
                                "Dp": "15.2",
                                "$": "960"
                            },
                            {
                                "D": "SSW",
                                "G": "33",
                                "H": "76.1",
                                "P": "1004",
                                "S": "22",
                                "T": "19.1",
                                "V": "24000",
                                "W": "8",
                                "Pt": "F",
                                "Dp": "14.8",
                                "$": "1020"
                            },
                            {
                                "D": "SSW",
                                "G": "33",
                                "H": "83.1",
                                "P": "1004",
                                "S": "22",
                                "T": "18.2",
                                "V": "28000",
                                "W": "8",
                                "Pt": "R",
                                "Dp": "15.3",
                                "$": "1080"
                            },
                            {
                                "D": "SSW",
                                "G": "30",
                                "H": "81.6",
                                "P": "1005",
                                "S": "17",
                                "T": "18.3",
                                "V": "35000",
                                "W": "8",
                                "Pt": "R",
                                "Dp": "15.1",
                                "$": "1140"
                            },
                            {
                                "D": "SSW",
                                "G": "29",
                                "H": "82.6",
                                "P": "1005",
                                "S": "19",
                                "T": "18.1",
                                "V": "23000",
                                "W": "8",
                                "Pt": "R",
                                "Dp": "15.1",
                                "$": "1200"
                            },
                            {
                                "D": "SW",
                                "G": "29",
                                "H": "81.5",
                                "P": "1005",
                                "S": "19",
                                "T": "18.1",
                                "V": "35000",
                                "W": "8",
                                "Pt": "R",
                                "Dp": "14.9",
                                "$": "1260"
                            },
                            {
                                "D": "SSW",
                                "G": "31",
                                "H": "80.0",
                                "P": "1004",
                                "S": "19",
                                "T": "18.1",
                                "V": "30000",
                                "W": "8",
                                "Pt": "F",
                                "Dp": "14.6",
                                "$": "1320"
                            },
                            {
                                "D": "SSW",
                                "G": "30",
                                "H": "81.0",
                                "P": "1004",
                                "S": "21",
                                "T": "18.0",
                                "V": "30000",
                                "W": "8",
                                "Pt": "F",
                                "Dp": "14.7",
                                "$": "1380"
                            }
                        ]
                    },
                    {
                        "type": "Day",
                        "value": "2023-09-20Z",
                        "Rep": [
                            {
                                "D": "SSW",
                                "G": "30",
                                "H": "80.0",
                                "P": "1003",
                                "S": "19",
                                "T": "18.2",
                                "V": "30000",
                                "W": "8",
                                "Pt": "F",
                                "Dp": "14.7",
                                "$": "0"
                            },
                            {
                                "D": "SSW",
                                "G": "30",
                                "H": "82.1",
                                "P": "1003",
                                "S": "17",
                                "T": "17.8",
                                "V": "30000",
                                "W": "8",
                                "Pt": "F",
                                "Dp": "14.7",
                                "$": "60"
                            },
                            {
                                "D": "SSW",
                                "G": "30",
                                "H": "86.3",
                                "P": "1003",
                                "S": "17",
                                "T": "17.1",
                                "V": "6000",
                                "W": "12",
                                "Pt": "F",
                                "Dp": "14.8",
                                "$": "120"
                            },
                            {
                                "D": "SSW",
                                "G": "25",
                                "H": "79.4",
                                "P": "1002",
                                "S": "17",
                                "T": "17.6",
                                "V": "29000",
                                "W": "8",
                                "Pt": "F",
                                "Dp": "14.0",
                                "$": "180"
                            },
                            {
                                "D": "SSW",
                                "G": "29",
                                "H": "77.8",
                                "P": "1001",
                                "S": "18",
                                "T": "17.4",
                                "V": "24000",
                                "W": "8",
                                "Pt": "F",
                                "Dp": "13.5",
                                "$": "240"
                            },
                            {
                                "D": "SSW",
                                "G": "36",
                                "H": "75.9",
                                "P": "1000",
                                "S": "18",
                                "T": "17.5",
                                "V": "23000",
                                "W": "7",
                                "Pt": "F",
                                "Dp": "13.2",
                                "$": "300"
                            },
                            {
                                "D": "SSW",
                                "G": "31",
                                "H": "77.4",
                                "P": "1000",
                                "S": "18",
                                "T": "17.6",
                                "V": "27000",
                                "W": "8",
                                "Pt": "F",
                                "Dp": "13.6",
                                "$": "360"
                            },
                            {
                                "D": "SSW",
                                "G": "32",
                                "H": "72.6",
                                "P": "1000",
                                "S": "17",
                                "T": "18.1",
                                "V": "22000",
                                "W": "8",
                                "Pt": "F",
                                "Dp": "13.1",
                                "$": "420"
                            },
                            {
                                "D": "SSW",
                                "G": "32",
                                "H": "68.1",
                                "P": "1000",
                                "S": "18",
                                "T": "18.7",
                                "V": "23000",
                                "W": "8",
                                "Pt": "F",
                                "Dp": "12.7",
                                "$": "480"
                            },
                            {
                                "D": "SSW",
                                "G": "38",
                                "H": "62.0",
                                "P": "999",
                                "S": "24",
                                "T": "19.9",
                                "V": "26000",
                                "W": "8",
                                "Pt": "F",
                                "Dp": "12.4",
                                "$": "540"
                            },
                            {
                                "D": "S",
                                "G": "38",
                                "H": "62.9",
                                "P": "999",
                                "S": "23",
                                "T": "20.4",
                                "V": "27000",
                                "W": "8",
                                "Pt": "F",
                                "Dp": "13.1",
                                "$": "600"
                            },
                            {
                                "D": "S",
                                "G": "39",
                                "H": "66.6",
                                "P": "998",
                                "S": "24",
                                "T": "19.9",
                                "V": "24000",
                                "W": "8",
                                "Pt": "F",
                                "Dp": "13.5",
                                "$": "660"
                            },
                            {
                                "D": "SSW",
                                "G": "38",
                                "H": "71.5",
                                "P": "998",
                                "S": "25",
                                "T": "19.3",
                                "V": "26000",
                                "W": "8",
                                "Pt": "F",
                                "Dp": "14.0",
                                "$": "720"
                            },
                            {
                                "D": "SSW",
                                "G": "37",
                                "H": "86.4",
                                "P": "998",
                                "S": "21",
                                "T": "17.4",
                                "V": "1300",
                                "W": "15",
                                "Pt": "F",
                                "Dp": "15.1",
                                "$": "780"
                            },
                            {
                                "D": "S",
                                "G": "29",
                                "H": "94.4",
                                "P": "997",
                                "S": "14",
                                "T": "16.8",
                                "V": "2300",
                                "W": "12",
                                "Pt": "F",
                                "Dp": "15.9",
                                "$": "840"
                            },
                            {
                                "D": "S",
                                "G": "25",
                                "H": "93.8",
                                "P": "996",
                                "S": "14",
                                "T": "17.2",
                                "V": "4800",
                                "W": "12",
                                "Pt": "F",
                                "Dp": "16.2",
                                "$": "900"
                            },
                            {
                                "D": "SSW",
                                "G": "28",
                                "H": "92.1",
                                "P": "996",
                                "S": "18",
                                "T": "17.2",
                                "V": "4100",
                                "W": "12",
                                "Pt": "F",
                                "Dp": "15.9",
                                "$": "960"
                            }
                        ]
                    }
                ]
            }
        }
    }
}