{
    "SiteRep": {
        "Wx": {
            "Param": [
                {
                    "name": "G",
                    "units": "mph",
                    "$": "Wind Gust"
                },
                {
                    "name": "T",
                    "units": "C",
                    "$": "Temperature"
                },
                {
                    "name": "V",
                    "units": "m",
                    "$": "Visibility"
                },
                {
                    "name": "D",
                    "units": "compass",
                    "$": "Wind Direction"
                },
                {
                    "name": "S",
                    "units": "mph",
                    "$": "Wind Speed"
                },
                {
                    "name": "W",
                    "units": "",
                    "$": "Weather Type"
                },
                {
                    "name": "P",
                    "units": "hpa",
                    "$": "Pressure"
                },
                {
                    "name": "Pt",
                    "units": "Pa/s",
                    "$": "Pressure Tendency"
                },
                {
                    "name": "Dp",
                    "units": "C",
                    "$": "Dew Point"
                },
                {
                    "name": "H",
                    "units": "%",
                    "$": "Screen Relative Humidity"
                }
            ]
        },
        "DV": {
            "dataDate": "2023-12-09T16:00:00Z",
            "type": "Obs",
            "Location": {
                "i": "3772",
                "lat": "51.479",
                "lon": "-0.449",
                "name": "HEATHROW",
                "country": "ENGLAND",
                "continent": "EUROPE",
                "elevation": "25.0",
                "Period": [
                    {
                        "type": "Day",
                        "value": "2023-12-08Z",
                        "Rep": [
                            {
                                "D": "SW",
                                "G": "23",
                                "H": "75.1",
                                "P": "1005",
                                "S": "13",
                                "T": "10.6",
                                "V": "16000",
                                "W": "8",
                                "Pt": "R",
                                "Dp": "6.4",
                                "$": "960"
                            },
                            {
                                "D": "SSW",
                                "G": "19",
                                "H": "78.1",
                                "P": "1005",
                                "S": "11",
                                "T": "9.8",
                                "V": "17000",
                                "W": "7",
                                "Pt": "R",
                                "Dp": "6.2",
                                "$": "1020"
                            },
                            {
                                "D": "SSW",
                                "G": "17",
                                "H": "82.1",
                                "P": "1005",
                                "S": "10",
                                "T": "9.3",
                                "V": "14000",
                                "W": "8",
                                "Pt": "R",
                                "Dp": "6.4",
                                "$": "1080"
                            },
                            {
                                "D": "SSW",
                                "G": "21",
                                "H": "82.0",
                                "P": "1006",
                                "S": "14",
                                "T": "9.2",
                                "V": "14000",
                                "W": "7",
                                "Pt": "R",
                                "Dp": "6.3",
                                "$": "1140"
                            },
                            {
                                "D": "SSW",
                                "G": "16",
                                "H": "84.3",
                                "P": "1006",
                                "S": "10",
                                "T": "9.1",
                                "V": "14000",
                                "W": "7",
                                "Pt": "R",
                                "Dp": "6.6",
                                "$": "1200"
                            },
                            {
                                "D": "S",
                                "G": "15",
                                "H": "83.7",
                                "P": "1006",
                                "S": "7",
                                "T": "9.2",
                                "V": "17000",
                                "W": "7",
                                "Pt": "R",
                                "Dp": "6.6",
                                "$": "1260"
                            },
                            {
                                "D": "SSW",
                                "G": "21",
                                "H": "82.0",
                                "P": "1006",
                                "S": "13",
                                "T": "9.1",
                                "V": "20000",
                                "W": "8",
                                "Pt": "R",
                                "Dp": "6.2",
                                "$": "1320"
                            },
                            {
                                "D": "S",
                                "G": "18",
                                "H": "81.4",
                                "P": "1006",
                                "S": "10",
                                "T": "9.0",
                                "V": "25000",
                                "W": "8",
                                "Pt": "R",
                                "Dp": "6.0",
                                "$": "1380"
                            }
                        ]
                    },
                    {
                        "type": "Day",
                        "value": "2023-12-09Z",
                        "Rep": [
                            {
                                "D": "S",
                                "G": "19",
                                "H": "84.3",
                                "P": "1005",
                                "S": "11",
                                "T": "9.0",
                                "V": "25000",
                                "W": "8",
                                "Pt": "F",
                                "Dp": "6.5",
                                "$": "0"
                            },
                            {
                                "D": "S",
                                "G": "18",
                                "H": "86.6",
                                "P": "1004",
                                "S": "10",
                                "T": "8.2",
                                "V": "29000",
                                "W": "2",
                                "Pt": "F",
                                "Dp": "6.1",
                                "$": "60"
                            },
                            {
                                "D": "S",
                                "G": "16",
                                "H": "90.7",
                                "P": "1004",
                                "S": "9",
                                "T": "7.8",
                                "V": "26000",
                                "W": "2",
                                "Pt": "F",
                                "Dp": "6.4",
                                "$": "120"
                            },
                            {
                                "D": "SSE",
                                "G": "14",
                                "H": "90.9",
                                "P": "1003",
                                "S": "8",
                                "T": "8.5",
                                "V": "20000",
                                "W": "8",
                                "Pt": "F",
                                "Dp": "7.1",
                                "$": "180"
                            },
                            {
                                "D": "S",
                                "G": "17",
                                "H": "93.4",
                                "P": "1002",
                                "S": "10",
                                "T": "9.0",
                                "V": "9000",
                                "W": "12",
                                "Pt": "F",
                                "Dp": "8.0",
                                "$": "240"
                            },
                            {
                                "D": "SSE",
                                "G": "17",
                                "H": "94.7",
                                "P": "1000",
                                "S": "10",
                                "T": "8.9",
                                "V": "8000",
                                "W": "12",
                                "Pt": "F",
                                "Dp": "8.1",
                                "$": "300"
                            },
                            {
                                "D": "SSE",
                                "G": "22",
                                "H": "94.7",
                                "P": "998",
                                "S": "15",
                                "T": "9.1",
                                "V": "3400",
                                "W": "12",
                                "Pt": "F",
                                "Dp": "8.3",
                                "$": "360"
                            },
                            {
                                "D": "SE",
                                "G": "24",
                                "H": "95.4",
                                "P": "996",
                                "S": "14",
                                "T": "9.4",
                                "V": "12000",
                                "W": "12",
                                "Pt": "F",
                                "Dp": "8.7",
                                "$": "420"
                            },
                            {
                                "D": "SE",
                                "G": "22",
                                "H": "96.0",
                                "P": "994",
                                "S": "13",
                                "T": "9.6",
                                "V": "1800",
                                "W": "12",
                                "Pt": "F",
                                "Dp": "9.0",
                                "$": "480"
                            },
                            {
                                "D": "SSE",
                                "G": "22",
                                "H": "96.7",
                                "P": "993",
                                "S": "11",
                                "T": "9.8",
                                "V": "5000",
                                "W": "12",
                                "Pt": "F",
                                "Dp": "9.3",
                                "$": "540"
                            },
                            {
                                "D": "SSE",
                                "G": "25",
                                "H": "96.1",
                                "P": "991",
                                "S": "14",
                                "T": "10.2",
                                "V": "60000",
                                "W": "12",
                                "Pt": "F",
                                "Dp": "9.6",
                                "$": "600"
                            },
                            {
                                "D": "S",
                                "G": "22",
                                "H": "96.1",
                                "P": "990",
                                "S": "14",
                                "T": "11.3",
                                "V": "4800",
                                "W": "8",
                                "Pt": "F",
                                "Dp": "10.7",
                                "$": "660"
                            },
                            {
                                "D": "SW",
                                "G": "22",
                                "H": "96.8",
                                "P": "989",
                                "S": "13",
                                "T": "12.7",
                                "V": "7000",
                                "W": "11",
                                "Pt": "F",
                                "Dp": "12.2",
                                "$": "720"
                            },
                            {
                                "D": "W",
                                "G": "36",
                                "H": "82.6",
                                "P": "989",
                                "S": "21",
                                "T": "13.2",
                                "V": "45000",
                                "W": "8",
                                "Pt": "F",
                                "Dp": "10.3",
                                "$": "780"
                            },
                            {
                                "D": "W",
                                "G": "37",
                                "H": "75.0",
                                "P": "990",
                                "S": "25",
                                "T": "12.2",
                                "V": "21000",
                                "W": "8",
                                "Pt": "R",
                                "Dp": "7.9",
                                "$": "840"
                            },
                            {
                                "D": "W",
                                "G": "40",
                                "H": "62.3",
                                "P": "992",
                                "S": "25",
                                "T": "11.9",
                                "V": "22000",
                                "W": "1",
                                "Pt": "R",
                                "Dp": "4.9",
                                "$": "900"
                            },
                            {
                                "D": "W",
                                "G": "36",
                                "H": "71.3",
                                "P": "993",
                                "S": "23",
                                "T": "11.1",
                                "V": "15000",
                                "W": "2",
                                "Pt": "R",
                                "Dp": "6.1",
                                "$": "960"
                            }
                        ]
                    }
                ]
            }
        }
    }
}