{
    "SiteRep": {
        "Wx": {
            "Param": [
                {
                    "name": "G",
                    "units": "mph",
                    "$": "Wind Gust"
                },
                {
                    "name": "T",
                    "units": "C",
                    "$": "Temperature"
                },
                {
                    "name": "V",
                    "units": "m",
                    "$": "Visibility"
                },
                {
                    "name": "D",
                    "units": "compass",
                    "$": "Wind Direction"
                },
                {
                    "name": "S",
                    "units": "mph",
                    "$": "Wind Speed"
                },
                {
                    "name": "W",
                    "units": "",
                    "$": "Weather Type"
                },
                {
                    "name": "P",
                    "units": "hpa",
                    "$": "Pressure"
                },
                {
                    "name": "Pt",
                    "units": "Pa/s",
                    "$": "Pressure Tendency"
                },
                {
                    "name": "Dp",
                    "units": "C",
                    "$": "Dew Point"
                },
                {
                    "name": "H",
                    "units": "%",
                    "$": "Screen Relative Humidity"
                }
            ]
        },
        "DV": {
            "dataDate": "2024-03-15T16:00:00Z",
            "type": "Obs",
            "Location": {
                "i": "3772",
                "lat": "51.479",
                "lon": "-0.449",
                "name": "HEATHROW",
                "country": "ENGLAND",
                "continent": "EUROPE",
                "elevation": "25.0",
                "Period": [
                    {
                        "type": "Day",
                        "value": "2024-03-14Z",
                        "Rep": [
                            {
                                "D": "SSW",
                                "G": "26",
                                "H": "70.9",
                                "P": "1004",
                                "S": "18",
                                "T": "14.4",
                                "V": "6000",
                                "W": "12",
                                "Pt": "F",
                                "Dp": "9.2",
                                "$": "960"
                            },
                            {
                                "D": "SSW",
                                "G": "28",
                                "H": "83.6",
                                "P": "1004",
                                "S": "13",
                                "T": "12.7",
                                "V": "35000",
                                "W": "8",
                                "Pt": "F",
                                "Dp": "10.0",
                                "$": "1020"
                            },
                            {
                                "D": "S",
                                "G": "21",
                                "H": "85.8",
                                "P": "1004",
                                "S": "11",
                                "T": "12.5",
                                "V": "29000",
                                "W": "8",
                                "Pt": "F",
                                "Dp": "10.2",
                                "$": "1080"
                            },
                            {
                                "D": "S",
                                "G": "22",
                                "H": "89.3",
                                "P": "1004",
                                "S": "11",
                                "T": "12.2",
                                "V": "14000",
                                "W": "12",
                                "Pt": "F",
                                "Dp": "10.5",
                                "$": "1140"
                            },
                            {
                                "D": "SSW",
                                "G": "19",
                                "H": "87.6",
                                "P": "1003",
                                "S": "13",
                                "T": "12.7",
                                "V": "30000",
                                "W": "8",
                                "Pt": "F",
                                "Dp": "10.7",
                                "$": "1200"
                            },
                            {
                                "D": "SSW",
                                "G": "25",
                                "H": "87.7",
                                "P": "1003",
                                "S": "14",
                                "T": "13.0",
                                "V": "21000",
                                "W": "8",
                                "Pt": "F",
                                "Dp": "11.0",
                                "$": "1260"
                            },
                            {
                                "D": "SSW",
                                "G": "28",
                                "H": "84.7",
                                "P": "1003",
                                "S": "11",
                                "T": "12.5",
                                "V": "30000",
                                "W": "8",
                                "Pt": "F",
                                "Dp": "10.0",
                                "$": "1320"
                            },
                            {
                                "D": "SSW",
                                "G": "24",
                                "H": "84.1",
                                "P": "1004",
                                "S": "13",
                                "T": "12.1",
                                "V": "30000",
                                "W": "8",
                                "Pt": "R",
                                "Dp": "9.5",
                                "$": "1380"
                            }
                        ]
                    },
                    {
                        "type": "Day",
                        "value": "2024-03-15Z",
                        "Rep": [
                            {
                                "D": "SSW",
                                "G": "19",
                                "H": "85.8",
                                "P": "1004",
                                "S": "13",
                                "T": "12.0",
                                "V": "30000",
                                "W": "8",
                                "Pt": "R",
                                "Dp": "9.7",
                                "$": "0"
                            },
                            {
                                "D": "SSW",
                                "G": "23",
                                "H": "86.4",
                                "P": "1003",
                                "S": "15",
                                "T": "12.1",
                                "V": "26000",
                                "W": "8",
                                "Pt": "R",
                                "Dp": "9.9",
                                "$": "60"
                            },
                            {
                                "D": "SSW",
                                "G": "21",
                                "H": "91.1",
                                "P": "1003",
                                "S": "14",
                                "T": "11.6",
                                "V": "21000",
                                "W": "12",
                                "Pt": "F",
                                "Dp": "10.2",
                                "$": "120"
                            },
                            {
                                "D": "SSW",
                                "G": "22",
                                "H": "87.0",
                                "P": "1003",
                                "S": "16",
                                "T": "11.5",
                                "V": "21000",
                                "W": "7",
                                "Pt": "F",
                                "Dp": "9.4",
                                "$": "180"
                            },
                            {
                                "D": "SSW",
                                "G": "24",
                                "H": "89.3",
                                "P": "1003",
                                "S": "11",
                                "T": "11.4",
                                "V": "19000",
                                "W": "8",
                                "Pt": "F",
                                "Dp": "9.7",
                                "$": "240"
                            },
                            {
                                "D": "SSW",
                                "G": "24",
                                "H": "88.7",
                                "P": "1003",
                                "S": "13",
                                "T": "11.5",
                                "V": "17000",
                                "W": "8",
                                "Pt": "F",
                                "Dp": "9.7",
                                "$": "300"
                            },
                            {
                                "D": "SSW",
                                "G": "19",
                                "H": "91.1",
                                "P": "1003",
                                "S": "11",
                                "T": "11.6",
                                "V": "17000",
                                "W": "11",
                                "Pt": "S",
                                "Dp": "10.2",
                                "$": "360"
                            },
                            {
                                "D": "SSW",
                                "G": "19",
                                "H": "88.1",
                                "P": "1003",
                                "S": "11",
                                "T": "11.7",
                                "V": "10000",
                                "W": "12",
                                "Pt": "S",
                                "Dp": "9.8",
                                "$": "420"
                            },
                            {
                                "D": "SSW",
                                "G": "22",
                                "H": "85.3",
                                "P": "1004",
                                "S": "14",
                                "T": "12.3",
                                "V": "21000",
                                "W": "8",
                                "Pt": "R",
                                "Dp": "9.9",
                                "$": "480"
                            },
                            {
                                "D": "SSW",
                                "G": "26",
                                "H": "83.6",
                                "P": "1004",
                                "S": "16",
                                "T": "12.8",
                                "V": "15000",
                                "W": "11",
                                "Pt": "R",
                                "Dp": "10.1",
                                "$": "540"
                            },
                            {
                                "D": "SW",
                                "G": "24",
                                "H": "79.9",
                                "P": "1004",
                                "S": "18",
                                "T": "13.8",
                                "V": "21000",
                                "W": "8",
                                "Pt": "R",
                                "Dp": "10.4",
                                "$": "600"
                            },
                            {
                                "D": "SW",
                                "G": "31",
                                "H": "72.8",
                                "P": "1004",
                                "S": "18",
                                "T": "14.1",
                                "V": "22000",
                                "W": "8",
                                "Pt": "R",
                                "Dp": "9.3",
                                "$": "660"
                            },
                            {
                                "D": "SW",
                                "G": "30",
                                "H": "67.9",
                                "P": "1004",
                                "S": "19",
                                "T": "15.5",
                                "V": "25000",
                                "W": "8",
                                "Pt": "R",
                                "Dp": "9.6",
                                "$": "720"
                            },
                            {
                                "D": "SSW",
                                "G": "32",
                                "H": "66.7",
                                "P": "1004",
                                "S": "18",
                                "T": "14.8",
                                "V": "19000",
                                "W": "12",
                                "Pt": "R",
                                "Dp": "8.7",
                                "$": "780"
                            },
                            {
                                "D": "SW",
                                "G": "34",
                                "H": "75.3",
                                "P": "1004",
                                "S": "16",
                                "T": "14.3",
                                "V": "21000",
                                "W": "8",
                                "Pt": "R",
                                "Dp": "10.0",
                                "$": "840"
                            },
                            {
                                "D": "SSW",
                                "G": "30",
                                "H": "77.3",
                                "P": "1004",
                                "S": "16",
                                "T": "13.9",
                                "V": "20000",
                                "W": "8",
                                "Pt": "F",
                                "Dp": "10.0",
                                "$": "900"
                            },
                            {
                                "D": "SSW",
                                "G": "26",
                                "H": "76.2",
                                "P": "1004",
                                "S": "17",
                                "T": "13.9",
                                "V": "17000",
                                "W": "8",
                                "Pt": "R",
                                "Dp": "9.8",
                                "$": "960"
                            }
                        ]
                    }
                ]
            }
        }
    }
}