{
    "SiteRep": {
        "Wx": {
            "Param": [
                {
                    "name": "G",
                    "units": "mph",
                    "$": "Wind Gust"
                },
                {
                    "name": "T",
                    "units": "C",
                    "$": "Temperature"
                },
                {
                    "name": "V",
                    "units": "m",
                    "$": "Visibility"
                },
                {
                    "name": "D",
                    "units": "compass",
                    "$": "Wind Direction"
                },
                {
                    "name": "S",
                    "units": "mph",
                    "$": "Wind Speed"
                },
                {
                    "name": "W",
                    "units": "",
                    "$": "Weather Type"
                },
                {
                    "name": "P",
                    "units": "hpa",
                    "$": "Pressure"
                },
                {
                    "name": "Pt",
                    "units": "Pa/s",
                    "$": "Pressure Tendency"
                },
                {
                    "name": "Dp",
                    "units": "C",
                    "$": "Dew Point"
                },
                {
                    "name": "H",
                    "units": "%",
                    "$": "Screen Relative Humidity"
                }
            ]
        },
        "DV": {
            "dataDate": "2023-10-13T16:00:00Z",
            "type": "Obs",
            "Location": {
                "i": "3772",
                "lat": "51.479",
                "lon": "-0.449",
                "name": "HEATHROW",
                "country": "ENGLAND",
                "continent": "EUROPE",
                "elevation": "25.0",
                "Period": [
                    {
                        "type": "Day",
                        "value": "2023-10-12Z",
                        "Rep": [
                            {
                                "D": "WSW",
                                "G": "9",
                                "H": "91.3",
                                "P": "1012",
                                "S": "6",
                                "T": "15.5",
                                "V": "30000",
                                "W": "8",
                                "Pt": "F",
                                "Dp": "14.1",
                                "$": "960"
                            },
                            {
                                "D": "WNW",
                                "G": "7",
                                "H": "92.5",
                                "P": "1012",
                                "S": "3",
                                "T": "15.2",
                                "V": "25000",
                                "W": "8",
                                "Pt": "F",
                                "Dp": "14.0",
                                "$": "1020"
                            },
                            {
                                "D": "NW",
                                "G": "6",
                                "H": "92.5",
                                "P": "1012",
                                "S": "2",
                                "T": "15.2",
                                "V": "22000",
                                "W": "8",
                                "Pt": "F",
                                "Dp": "14.0",
                                "$": "1080"
                            },
                            {
                                "D": "NE",
                                "G": "7",
                                "H": "92.5",
                                "P": "1011",
                                "S": "2",
                                "T": "15.8",
                                "V": "20000",
                                "W": "8",
                                "Pt": "F",
                                "Dp": "14.6",
                                "$": "1140"
                            },
                            {
                                "D": "S",
                                "G": "10",
                                "H": "94.4",
                                "P": "1011",
                                "S": "7",
                                "T": "16.4",
                                "V": "19000",
                                "W": "8",
                                "Pt": "F",
                                "Dp": "15.5",
                                "$": "1200"
                            },
                            {
                                "D": "SSW",
                                "G": "15",
                                "H": "93.8",
                                "P": "1011",
                                "S": "10",
                                "T": "16.4",
                                "V": "7000",
                                "W": "12",
                                "Pt": "F",
                                "Dp": "15.4",
                                "$": "1260"
                            },
                            {
                                "D": "S",
                                "G": "16",
                                "H": "95.0",
                                "P": "1010",
                                "S": "9",
                                "T": "16.3",
                                "V": "12000",
                                "W": "12",
                                "Pt": "F",
                                "Dp": "15.5",
                                "$": "1320"
                            },
                            {
                                "D": "S",
                                "G": "17",
                                "H": "96.2",
                                "P": "1009",
                                "S": "6",
                                "T": "16.0",
                                "V": "3700",
                                "W": "12",
                                "Pt": "F",
                                "Dp": "15.4",
                                "$": "1380"
                            }
                        ]
                    },
                    {
                        "type": "Day",
                        "value": "2023-10-13Z",
                        "Rep": [
                            {
                                "D": "SSE",
                                "G": "13",
                                "H": "96.8",
                                "P": "1008",
                                "S": "9",
                                "T": "15.7",
                                "V": "5000",
                                "W": "12",
                                "Pt": "F",
                                "Dp": "15.2",
                                "$": "0"
                            },
                            {
                                "D": "SSE",
                                "G": "15",
                                "H": "97.5",
                                "P": "1006",
                                "S": "10",
                                "T": "15.9",
                                "V": "7000",
                                "W": "12",
                                "Pt": "F",
                                "Dp": "15.5",
                                "$": "60"
                            },
                            {
                                "D": "SSW",
                                "G": "24",
                                "H": "94.4",
                                "P": "1005",
                                "S": "15",
                                "T": "16.4",
                                "V": "4500",
                                "W": "12",
                                "Pt": "F",
                                "Dp": "15.5",
                                "$": "120"
                            },
                            {
                                "D": "S",
                                "G": "19",
                                "H": "93.7",
                                "P": "1004",
                                "S": "8",
                                "T": "15.9",
                                "V": "13000",
                                "W": "12",
                                "Pt": "F",
                                "Dp": "14.9",
                                "$": "180"
                            },
                            {
                                "D": "S",
                                "G": "23",
                                "H": "94.4",
                                "P": "1002",
                                "S": "15",
                                "T": "16.9",
                                "V": "9000",
                                "W": "12",
                                "Pt": "F",
                                "Dp": "16.0",
                                "$": "240"
                            },
                            {
                                "D": "SSW",
                                "G": "30",
                                "H": "89.2",
                                "P": "1001",
                                "S": "21",
                                "T": "18.0",
                                "V": "3600",
                                "W": "12",
                                "Pt": "F",
                                "Dp": "16.2",
                                "$": "300"
                            },
                            {
                                "D": "SSW",
                                "G": "31",
                                "H": "84.8",
                                "P": "1000",
                                "S": "18",
                                "T": "18.8",
                                "V": "17000",
                                "W": "8",
                                "Pt": "F",
                                "Dp": "16.2",
                                "$": "360"
                            },
                            {
                                "D": "SSW",
                                "G": "36",
                                "H": "82.8",
                                "P": "1000",
                                "S": "19",
                                "T": "19.3",
                                "V": "19000",
                                "W": "8",
                                "Pt": "F",
                                "Dp": "16.3",
                                "$": "420"
                            },
                            {
                                "D": "SSW",
                                "G": "31",
                                "H": "92.1",
                                "P": "999",
                                "S": "19",
                                "T": "18.2",
                                "V": "4100",
                                "W": "15",
                                "Pt": "F",
                                "Dp": "16.9",
                                "$": "480"
                            },
                            {
                                "D": "SSW",
                                "G": "32",
                                "H": "89.8",
                                "P": "1000",
                                "S": "19",
                                "T": "17.8",
                                "V": "2000",
                                "W": "12",
                                "Pt": "F",
                                "Dp": "16.1",
                                "$": "540"
                            },
                            {
                                "D": "SSW",
                                "G": "30",
                                "H": "93.8",
                                "P": "1000",
                                "S": "17",
                                "T": "17.9",
                                "V": "13000",
                                "W": "11",
                                "Pt": "R",
                                "Dp": "16.9",
                                "$": "600"
                            },
                            {
                                "D": "SSW",
                                "G": "23",
                                "H": "91.1",
                                "P": "1000",
                                "S": "15",
                                "T": "19.3",
                                "V": "30000",
                                "W": "12",
                                "Pt": "R",
                                "Dp": "17.8",
                                "$": "660"
                            },
                            {
                                "D": "SW",
                                "G": "29",
                                "H": "79.7",
                                "P": "999",
                                "S": "19",
                                "T": "20.0",
                                "V": "25000",
                                "W": "8",
                                "Pt": "F",
                                "Dp": "16.4",
                                "$": "720"
                            },
                            {
                                "D": "SW",
                                "G": "33",
                                "H": "74.9",
                                "P": "999",
                                "S": "19",
                                "T": "20.0",
                                "V": "25000",
                                "W": "8",
                                "Pt": "F",
                                "Dp": "15.4",
                                "$": "780"
                            },
                            {
                                "D": "SW",
                                "G": "31",
                                "H": "71.6",
                                "P": "999",
                                "S": "21",
                                "T": "19.9",
                                "V": "29000",
                                "W": "3",
                                "Pt": "F",
                                "Dp": "14.6",
                                "$": "840"
                            },
                            {
                                "D": "SW",
                                "G": "36",
                                "H": "72.9",
                                "P": "998",
                                "S": "23",
                                "T": "19.5",
                                "V": "14000",
                                "W": "12",
                                "Pt": "F",
                                "Dp": "14.5",
                                "$": "900"
                            },
                            {
                                "D": "SW",
                                "G": "34",
                                "H": "77.1",
                                "P": "998",
                                "S": "19",
                                "T": "18.8",
                                "V": "28000",
                                "W": "8",
                                "Pt": "F",
                                "Dp": "14.7",
                                "$": "960"
                            }
                        ]
                    }
                ]
            }
        }
    }
}