{
    "SiteRep": {
        "Wx": {
            "Param": [
                {
                    "name": "G",
                    "units": "mph",
                    "$": "Wind Gust"
                },
                {
                    "name": "T",
                    "units": "C",
                    "$": "Temperature"
                },
                {
                    "name": "V",
                    "units": "m",
                    "$": "Visibility"
                },
                {
                    "name": "D",
                    "units": "compass",
                    "$": "Wind Direction"
                },
                {
                    "name": "S",
                    "units": "mph",
                    "$": "Wind Speed"
                },
                {
                    "name": "W",
                    "units": "",
                    "$": "Weather Type"
                },
                {
                    "name": "P",
                    "units": "hpa",
                    "$": "Pressure"
                },
                {
                    "name": "Pt",
                    "units": "Pa/s",
                    "$": "Pressure Tendency"
                },
                {
                    "name": "Dp",
                    "units": "C",
                    "$": "Dew Point"
                },
                {
                    "name": "H",
                    "units": "%",
                    "$": "Screen Relative Humidity"
                }
            ]
        },
        "DV": {
            "dataDate": "2024-03-07T16:00:00Z",
            "type": "Obs",
            "Location": {
                "i": "3772",
                "lat": "51.479",
                "lon": "-0.449",
                "name": "HEATHROW",
                "country": "ENGLAND",
                "continent": "EUROPE",
                "elevation": "25.0",
                "Period": [
                    {
                        "type": "Day",
                        "value": "2024-03-06Z",
                        "Rep": [
                            {
                                "D": "E",
                                "G": "7",
                                "H": "67.8",
                                "P": "1021",
                                "S": "5",
                                "T": "10.4",
                                "V": "13000",
                                "W": "7",
                                "Pt": "F",
                                "Dp": "4.8",
                                "$": "960"
                            },
                            {
                                "D": "E",
                                "G": "8",
                                "H": "73.1",
                                "P": "1022",
                                "S": "6",
                                "T": "9.5",
                                "V": "20000",
                                "W": "8",
                                "Pt": "R",
                                "Dp": "5.0",
                                "$": "1020"
                            },
                            {
                                "D": "ENE",
                                "G": "8",
                                "H": "73.6",
                                "P": "1022",
                                "S": "3",
                                "T": "9.0",
                                "V": "15000",
                                "W": "8",
                                "Pt": "R",
                                "Dp": "4.6",
                                "$": "1080"
                            },
                            {
                                "D": "SE",
                                "G": "9",
                                "H": "74.1",
                                "P": "1022",
                                "S": "7",
                                "T": "9.3",
                                "V": "21000",
                                "W": "8",
                                "Pt": "R",
                                "Dp": "5.0",
                                "$": "1140"
                            },
                            {
                                "D": "ESE",
                                "G": "9",
                                "H": "82.8",
                                "P": "1023",
                                "S": "7",
                                "T": "7.6",
                                "V": "26000",
                                "W": "8",
                                "Pt": "R",
                                "Dp": "4.9",
                                "$": "1200"
                            },
                            {
                                "D": "E",
                                "G": "10",
                                "H": "86.2",
                                "P": "1023",
                                "S": "6",
                                "T": "6.3",
                                "V": "21000",
                                "W": "0",
                                "Pt": "R",
                                "Dp": "4.2",
                                "$": "1260"
                            },
                            {
                                "D": "E",
                                "G": "9",
                                "H": "92.5",
                                "P": "1023",
                                "S": "7",
                                "T": "4.7",
                                "V": "8000",
                                "W": "0",
                                "Pt": "R",
                                "Dp": "3.6",
                                "$": "1320"
                            },
                            {
                                "D": "E",
                                "G": "9",
                                "H": "93.1",
                                "P": "1023",
                                "S": "3",
                                "T": "5.1",
                                "V": "12000",
                                "W": "0",
                                "Pt": "R",
                                "Dp": "4.1",
                                "$": "1380"
                            }
                        ]
                    },
                    {
                        "type": "Day",
                        "value": "2024-03-07Z",
                        "Rep": [
                            {
                                "D": "ENE",
                                "G": "9",
                                "H": "92.5",
                                "P": "1023",
                                "S": "6",
                                "T": "5.4",
                                "V": "15000",
                                "W": "0",
                                "Pt": "R",
                                "Dp": "4.3",
                                "$": "0"
                            },
                            {
                                "D": "ENE",
                                "G": "10",
                                "H": "92.4",
                                "P": "1023",
                                "S": "6",
                                "T": "5.0",
                                "V": "8000",
                                "W": "0",
                                "Pt": "S",
                                "Dp": "3.9",
                                "$": "60"
                            },
                            {
                                "D": "E",
                                "G": "11",
                                "H": "95.9",
                                "P": "1023",
                                "S": "7",
                                "T": "5.8",
                                "V": "2800",
                                "W": "5",
                                "Pt": "F",
                                "Dp": "5.2",
                                "$": "120"
                            },
                            {
                                "D": "E",
                                "G": "15",
                                "H": "95.9",
                                "P": "1023",
                                "S": "6",
                                "T": "5.8",
                                "V": "2600",
                                "W": "5",
                                "Pt": "F",
                                "Dp": "5.2",
                                "$": "180"
                            },
                            {
                                "D": "ENE",
                                "G": "10",
                                "H": "94.5",
                                "P": "1022",
                                "S": "5",
                                "T": "6.1",
                                "V": "3400",
                                "W": "5",
                                "Pt": "F",
                                "Dp": "5.3",
                                "$": "240"
                            },
                            {
                                "D": "ENE",
                                "G": "13",
                                "H": "90.6",
                                "P": "1022",
                                "S": "8",
                                "T": "6.4",
                                "V": "4700",
                                "W": "5",
                                "Pt": "F",
                                "Dp": "5.0",
                                "$": "300"
                            },
                            {
                                "D": "E",
                                "G": "16",
                                "H": "90.7",
                                "P": "1022",
                                "S": "9",
                                "T": "6.5",
                                "V": "3500",
                                "W": "5",
                                "Pt": "F",
                                "Dp": "5.1",
                                "$": "360"
                            },
                            {
                                "D": "ENE",
                                "G": "14",
                                "H": "88.9",
                                "P": "1022",
                                "S": "9",
                                "T": "6.8",
                                "V": "4800",
                                "W": "5",
                                "Pt": "F",
                                "Dp": "5.1",
                                "$": "420"
                            },
                            {
                                "D": "ENE",
                                "G": "13",
                                "H": "88.8",
                                "P": "1022",
                                "S": "7",
                                "T": "7.1",
                                "V": "3800",
                                "W": "5",
                                "Pt": "F",
                                "Dp": "5.4",
                                "$": "480"
                            },
                            {
                                "D": "ENE",
                                "G": "15",
                                "H": "85.2",
                                "P": "1022",
                                "S": "8",
                                "T": "8.0",
                                "V": "3900",
                                "W": "5",
                                "Pt": "F",
                                "Dp": "5.7",
                                "$": "540"
                            },
                            {
                                "D": "ENE",
                                "G": "17",
                                "H": "83.5",
                                "P": "1021",
                                "S": "9",
                                "T": "8.5",
                                "V": "4100",
                                "W": "5",
                                "Pt": "F",
                                "Dp": "5.9",
                                "$": "600"
                            },
                            {
                                "D": "ENE",
                                "G": "19",
                                "H": "76.3",
                                "P": "1021",
                                "S": "9",
                                "T": "9.6",
                                "V": "4700",
                                "W": "5",
                                "Pt": "F",
                                "Dp": "5.7",
                                "$": "660"
                            },
                            {
                                "D": "E",
                                "G": "23",
                                "H": "75.8",
                                "P": "1020",
                                "S": "13",
                                "T": "9.5",
                                "V": "4400",
                                "W": "5",
                                "Pt": "F",
                                "Dp": "5.5",
                                "$": "720"
                            },
                            {
                                "D": "E",
                                "G": "26",
                                "H": "70.8",
                                "P": "1019",
                                "S": "11",
                                "T": "10.2",
                                "V": "7000",
                                "W": "5",
                                "Pt": "F",
                                "Dp": "5.2",
                                "$": "780"
                            },
                            {
                                "D": "ENE",
                                "G": "24",
                                "H": "67.0",
                                "P": "1019",
                                "S": "11",
                                "T": "10.5",
                                "V": "10000",
                                "W": "8",
                                "Pt": "F",
                                "Dp": "4.7",
                                "$": "840"
                            },
                            {
                                "D": "ENE",
                                "G": "25",
                                "H": "63.9",
                                "P": "1018",
                                "S": "13",
                                "T": "11.0",
                                "V": "11000",
                                "W": "8",
                                "Pt": "F",
                                "Dp": "4.5",
                                "$": "900"
                            },
                            {
                                "D": "ENE",
                                "G": "26",
                                "H": "66.0",
                                "P": "1017",
                                "S": "15",
                                "T": "9.9",
                                "V": "9000",
                                "W": "5",
                                "Pt": "F",
                                "Dp": "3.9",
                                "$": "960"
                            }
                        ]
                    }
                ]
            }
        }
    }
}