{
    "SiteRep": {
        "Wx": {
            "Param": [
                {
                    "name": "G",
                    "units": "mph",
                    "$": "Wind Gust"
                },
                {
                    "name": "T",
                    "units": "C",
                    "$": "Temperature"
                },
                {
                    "name": "V",
                    "units": "m",
                    "$": "Visibility"
                },
                {
                    "name": "D",
                    "units": "compass",
                    "$": "Wind Direction"
                },
                {
                    "name": "S",
                    "units": "mph",
                    "$": "Wind Speed"
                },
                {
                    "name": "W",
                    "units": "",
                    "$": "Weather Type"
                },
                {
                    "name": "P",
                    "units": "hpa",
                    "$": "Pressure"
                },
                {
                    "name": "Pt",
                    "units": "Pa/s",
                    "$": "Pressure Tendency"
                },
                {
                    "name": "Dp",
                    "units": "C",
                    "$": "Dew Point"
                },
                {
                    "name": "H",
                    "units": "%",
                    "$": "Screen Relative Humidity"
                }
            ]
        },
        "DV": {
            "dataDate": "2024-01-05T16:00:00Z",
            "type": "Obs",
            "Location": {
                "i": "3772",
                "lat": "51.479",
                "lon": "-0.449",
                "name": "HEATHROW",
                "country": "ENGLAND",
                "continent": "EUROPE",
                "elevation": "25.0",
                "Period": [
                    {
                        "type": "Day",
                        "value": "2024-01-04Z",
                        "Rep": [
                            {
                                "D": "E",
                                "G": "13",
                                "H": "93.4",
                                "P": "998",
                                "S": "7",
                                "T": "7.4",
                                "V": "3400",
                                "W": "12",
                                "Pt": "F",
                                "Dp": "6.4",
                                "$": "960"
                            },
                            {
                                "D": "NE",
                                "G": "14",
                                "H": "94.7",
                                "P": "996",
                                "S": "9",
                                "T": "7.4",
                                "V": "4200",
                                "W": "12",
                                "Pt": "F",
                                "Dp": "6.6",
                                "$": "1020"
                            },
                            {
                                "D": "NE",
                                "G": "24",
                                "H": "92.1",
                                "P": "994",
                                "S": "13",
                                "T": "7.0",
                                "V": "4300",
                                "W": "12",
                                "Pt": "F",
                                "Dp": "5.8",
                                "$": "1080"
                            },
                            {
                                "D": "NE",
                                "G": "24",
                                "H": "95.9",
                                "P": "993",
                                "S": "11",
                                "T": "7.1",
                                "V": "1600",
                                "W": "15",
                                "Pt": "F",
                                "Dp": "6.5",
                                "$": "1140"
                            },
                            {
                                "D": "N",
                                "G": "25",
                                "H": "96.0",
                                "P": "992",
                                "S": "8",
                                "T": "7.2",
                                "V": "9000",
                                "W": "12",
                                "Pt": "F",
                                "Dp": "6.6",
                                "$": "1200"
                            },
                            {
                                "D": "N",
                                "G": "21",
                                "H": "94.6",
                                "P": "992",
                                "S": "7",
                                "T": "7.0",
                                "V": "45000",
                                "W": "8",
                                "Pt": "F",
                                "Dp": "6.2",
                                "$": "1260"
                            },
                            {
                                "D": "N",
                                "G": "17",
                                "H": "93.4",
                                "P": "992",
                                "S": "10",
                                "T": "7.1",
                                "V": "40000",
                                "W": "8",
                                "Pt": "F",
                                "Dp": "6.1",
                                "$": "1320"
                            },
                            {
                                "D": "NNW",
                                "G": "21",
                                "H": "91.4",
                                "P": "992",
                                "S": "11",
                                "T": "6.6",
                                "V": "35000",
                                "W": "11",
                                "Pt": "F",
                                "Dp": "5.3",
                                "$": "1380"
                            }
                        ]
                    },
                    {
                        "type": "Day",
                        "value": "2024-01-05Z",
                        "Rep": [
                            {
                                "D": "NNW",
                                "G": "28",
                                "H": "92.6",
                                "P": "993",
                                "S": "15",
                                "T": "5.7",
                                "V": "4200",
                                "W": "11",
                                "Pt": "R",
                                "Dp": "4.6",
                                "$": "0"
                            },
                            {
                                "D": "NW",
                                "G": "30",
                                "H": "95.2",
                                "P": "994",
                                "S": "13",
                                "T": "5.0",
                                "V": "1900",
                                "W": "12",
                                "Pt": "R",
                                "Dp": "4.3",
                                "$": "60"
                            },
                            {
                                "D": "WNW",
                                "G": "26",
                                "H": "90.1",
                                "P": "995",
                                "S": "17",
                                "T": "5.2",
                                "V": "45000",
                                "W": "12",
                                "Pt": "R",
                                "Dp": "3.7",
                                "$": "120"
                            },
                            {
                                "D": "WNW",
                                "G": "26",
                                "H": "91.9",
                                "P": "996",
                                "S": "13",
                                "T": "5.0",
                                "V": "5000",
                                "W": "12",
                                "Pt": "R",
                                "Dp": "3.8",
                                "$": "180"
                            },
                            {
                                "D": "W",
                                "G": "19",
                                "H": "94.5",
                                "P": "996",
                                "S": "11",
                                "T": "5.7",
                                "V": "7000",
                                "W": "12",
                                "Pt": "R",
                                "Dp": "4.9",
                                "$": "240"
                            },
                            {
                                "D": "WNW",
                                "G": "21",
                                "H": "90.7",
                                "P": "997",
                                "S": "13",
                                "T": "5.7",
                                "V": "14000",
                                "W": "8",
                                "Pt": "R",
                                "Dp": "4.3",
                                "$": "300"
                            },
                            {
                                "D": "WNW",
                                "G": "19",
                                "H": "88.8",
                                "P": "998",
                                "S": "11",
                                "T": "5.8",
                                "V": "15000",
                                "W": "8",
                                "Pt": "R",
                                "Dp": "4.1",
                                "$": "360"
                            },
                            {
                                "D": "W",
                                "G": "19",
                                "H": "88.1",
                                "P": "999",
                                "S": "10",
                                "T": "5.6",
                                "V": "17000",
                                "W": "8",
                                "Pt": "R",
                                "Dp": "3.8",
                                "$": "420"
                            },
                            {
                                "D": "W",
                                "G": "17",
                                "H": "88.8",
                                "P": "1000",
                                "S": "10",
                                "T": "5.5",
                                "V": "22000",
                                "W": "8",
                                "Pt": "R",
                                "Dp": "3.8",
                                "$": "480"
                            },
                            {
                                "D": "W",
                                "G": "16",
                                "H": "88.8",
                                "P": "1000",
                                "S": "10",
                                "T": "5.3",
                                "V": "26000",
                                "W": "7",
                                "Pt": "R",
                                "Dp": "3.6",
                                "$": "540"
                            },
                            {
                                "D": "WNW",
                                "G": "17",
                                "H": "87.0",
                                "P": "1001",
                                "S": "10",
                                "T": "5.8",
                                "V": "30000",
                                "W": "8",
                                "Pt": "R",
                                "Dp": "3.8",
                                "$": "600"
                            },
                            {
                                "D": "WNW",
                                "G": "17",
                                "H": "85.9",
                                "P": "1002",
                                "S": "8",
                                "T": "6.2",
                                "V": "30000",
                                "W": "7",
                                "Pt": "R",
                                "Dp": "4.0",
                                "$": "660"
                            },
                            {
                                "D": "WNW",
                                "G": "15",
                                "H": "84.6",
                                "P": "1002",
                                "S": "7",
                                "T": "6.5",
                                "V": "35000",
                                "W": "8",
                                "Pt": "R",
                                "Dp": "4.1",
                                "$": "720"
                            },
                            {
                                "D": "WNW",
                                "G": "15",
                                "H": "83.4",
                                "P": "1002",
                                "S": "7",
                                "T": "7.1",
                                "V": "29000",
                                "W": "8",
                                "Pt": "R",
                                "Dp": "4.5",
                                "$": "780"
                            },
                            {
                                "D": "WNW",
                                "G": "14",
                                "H": "80.7",
                                "P": "1003",
                                "S": "8",
                                "T": "7.7",
                                "V": "40000",
                                "W": "8",
                                "Pt": "R",
                                "Dp": "4.6",
                                "$": "840"
                            },
                            {
                                "D": "NW",
                                "G": "16",
                                "H": "79.6",
                                "P": "1004",
                                "S": "8",
                                "T": "7.6",
                                "V": "40000",
                                "W": "8",
                                "Pt": "R",
                                "Dp": "4.3",
                                "$": "900"
                            },
                            {
                                "D": "WNW",
                                "G": "13",
                                "H": "78.9",
                                "P": "1004",
                                "S": "7",
                                "T": "7.4",
                                "V": "35000",
                                "W": "8",
                                "Pt": "R",
                                "Dp": "4.0",
                                "$": "960"
                            }
                        ]
                    }
                ]
            }
        }
    }
}