{
    "SiteRep": {
        "Wx": {
            "Param": [
                {
                    "name": "G",
                    "units": "mph",
                    "$": "Wind Gust"
                },
                {
                    "name": "T",
                    "units": "C",
                    "$": "Temperature"
                },
                {
                    "name": "V",
                    "units": "m",
                    "$": "Visibility"
                },
                {
                    "name": "D",
                    "units": "compass",
                    "$": "Wind Direction"
                },
                {
                    "name": "S",
                    "units": "mph",
                    "$": "Wind Speed"
                },
                {
                    "name": "W",
                    "units": "",
                    "$": "Weather Type"
                },
                {
                    "name": "P",
                    "units": "hpa",
                    "$": "Pressure"
                },
                {
                    "name": "Pt",
                    "units": "Pa/s",
                    "$": "Pressure Tendency"
                },
                {
                    "name": "Dp",
                    "units": "C",
                    "$": "Dew Point"
                },
                {
                    "name": "H",
                    "units": "%",
                    "$": "Screen Relative Humidity"
                }
            ]
        },
        "DV": {
            "dataDate": "2024-01-28T16:00:00Z",
            "type": "Obs",
            "Location": {
                "i": "3772",
                "lat": "51.479",
                "lon": "-0.449",
                "name": "HEATHROW",
                "country": "ENGLAND",
                "continent": "EUROPE",
                "elevation": "25.0",
                "Period": [
                    {
                        "type": "Day",
                        "value": "2024-01-27Z",
                        "Rep": [
                            {
                                "D": "S",
                                "G": "16",
                                "H": "72.1",
                                "P": "1031",
                                "S": "8",
                                "T": "7.8",
                                "V": "26000",
                                "W": "1",
                                "Pt": "F",
                                "Dp": "3.2",
                                "$": "960"
                            },
                            {
                                "D": "S",
                                "G": "15",
                                "H": "77.9",
                                "P": "1031",
                                "S": "8",
                                "T": "7.0",
                                "V": "23000",
                                "W": "7",
                                "Pt": "F",
                                "Dp": "3.5",
                                "$": "1020"
                            },
                            {
                                "D": "SSE",
                                "G": "13",
                                "H": "80.2",
                                "P": "1031",
                                "S": "7",
                                "T": "5.9",
                                "V": "19000",
                                "W": "8",
                                "Pt": "F",
                                "Dp": "2.8",
                                "$": "1080"
                            },
                            {
                                "D": "SE",
                                "G": "14",
                                "H": "81.3",
                                "P": "1030",
                                "S": "9",
                                "T": "6.0",
                                "V": "21000",
                                "W": "8",
                                "Pt": "F",
                                "Dp": "3.1",
                                "$": "1140"
                            },
                            {
                                "D": "SE",
                                "G": "15",
                                "H": "83.1",
                                "P": "1030",
                                "S": "9",
                                "T": "5.2",
                                "V": "20000",
                                "W": "8",
                                "Pt": "F",
                                "Dp": "2.6",
                                "$": "1200"
                            },
                            {
                                "D": "SE",
                                "G": "11",
                                "H": "86.0",
                                "P": "1030",
                                "S": "7",
                                "T": "4.9",
                                "V": "21000",
                                "W": "8",
                                "Pt": "F",
                                "Dp": "2.8",
                                "$": "1260"
                            },
                            {
                                "D": "SE",
                                "G": "11",
                                "H": "84.1",
                                "P": "1029",
                                "S": "7",
                                "T": "4.0",
                                "V": "22000",
                                "W": "8",
                                "Pt": "F",
                                "Dp": "1.6",
                                "$": "1320"
                            },
                            {
                                "D": "SE",
                                "G": "14",
                                "H": "84.2",
                                "P": "1028",
                                "S": "9",
                                "T": "4.7",
                                "V": "22000",
                                "W": "8",
                                "Pt": "F",
                                "Dp": "2.3",
                                "$": "1380"
                            }
                        ]
                    },
                    {
                        "type": "Day",
                        "value": "2024-01-28Z",
                        "Rep": [
                            {
                                "D": "ESE",
                                "G": "9",
                                "H": "88.4",
                                "P": "1028",
                                "S": "6",
                                "T": "2.8",
                                "V": "21000",
                                "W": "8",
                                "Pt": "F",
                                "Dp": "1.1",
                                "$": "0"
                            },
                            {
                                "D": "ESE",
                                "G": "9",
                                "H": "91.5",
                                "P": "1027",
                                "S": "7",
                                "T": "1.6",
                                "V": "18000",
                                "W": "0",
                                "Pt": "F",
                                "Dp": "0.4",
                                "$": "60"
                            },
                            {
                                "D": "ESE",
                                "G": "9",
                                "H": "94.4",
                                "P": "1026",
                                "S": "7",
                                "T": "1.5",
                                "V": "17000",
                                "W": "0",
                                "Pt": "F",
                                "Dp": "0.7",
                                "$": "120"
                            },
                            {
                                "D": "ESE",
                                "G": "9",
                                "H": "95.7",
                                "P": "1025",
                                "S": "7",
                                "T": "1.7",
                                "V": "16000",
                                "W": "7",
                                "Pt": "F",
                                "Dp": "1.1",
                                "$": "180"
                            },
                            {
                                "D": "SE",
                                "G": "9",
                                "H": "95.6",
                                "P": "1025",
                                "S": "7",
                                "T": "2.0",
                                "V": "16000",
                                "W": "0",
                                "Pt": "F",
                                "Dp": "1.4",
                                "$": "240"
                            },
                            {
                                "D": "ESE",
                                "G": "9",
                                "H": "94.2",
                                "P": "1025",
                                "S": "8",
                                "T": "1.0",
                                "V": "16000",
                                "W": "2",
                                "Pt": "F",
                                "Dp": "0.2",
                                "$": "300"
                            },
                            {
                                "D": "SE",
                                "G": "11",
                                "H": "95.1",
                                "P": "1024",
                                "S": "8",
                                "T": "2.7",
                                "V": "19000",
                                "W": "2",
                                "Pt": "F",
                                "Dp": "2.0",
                                "$": "360"
                            },
                            {
                                "D": "ESE",
                                "G": "13",
                                "H": "91.0",
                                "P": "1024",
                                "S": "8",
                                "T": "3.9",
                                "V": "21000",
                                "W": "0",
                                "Pt": "F",
                                "Dp": "2.6",
                                "$": "420"
                            },
                            {
                                "D": "SE",
                                "G": "14",
                                "H": "90.0",
                                "P": "1023",
                                "S": "9",
                                "T": "4.6",
                                "V": "20000",
                                "W": "8",
                                "Pt": "F",
                                "Dp": "3.1",
                                "$": "480"
                            },
                            {
                                "D": "SE",
                                "G": "13",
                                "H": "89.9",
                                "P": "1023",
                                "S": "8",
                                "T": "5.1",
                                "V": "20000",
                                "W": "3",
                                "Pt": "F",
                                "Dp": "3.6",
                                "$": "540"
                            },
                            {
                                "D": "SE",
                                "G": "13",
                                "H": "87.6",
                                "P": "1022",
                                "S": "8",
                                "T": "6.5",
                                "V": "17000",
                                "W": "1",
                                "Pt": "F",
                                "Dp": "4.6",
                                "$": "600"
                            },
                            {
                                "D": "SSE",
                                "G": "17",
                                "H": "80.5",
                                "P": "1022",
                                "S": "10",
                                "T": "8.3",
                                "V": "26000",
                                "W": "1",
                                "Pt": "F",
                                "Dp": "5.2",
                                "$": "660"
                            },
                            {
                                "D": "SSE",
                                "G": "14",
                                "H": "77.9",
                                "P": "1022",
                                "S": "8",
                                "T": "9.2",
                                "V": "25000",
                                "W": "1",
                                "Pt": "F",
                                "Dp": "5.6",
                                "$": "720"
                            },
                            {
                                "D": "S",
                                "G": "13",
                                "H": "69.5",
                                "P": "1021",
                                "S": "7",
                                "T": "11.3",
                                "V": "35000",
                                "W": "1",
                                "Pt": "F",
                                "Dp": "6.0",
                                "$": "780"
                            },
                            {
                                "D": "SE",
                                "G": "14",
                                "H": "66.7",
                                "P": "1020",
                                "S": "7",
                                "T": "11.6",
                                "V": "30000",
                                "W": "1",
                                "Pt": "F",
                                "Dp": "5.7",
                                "$": "840"
                            },
                            {
                                "D": "SSE",
                                "G": "13",
                                "H": "69.2",
                                "P": "1020",
                                "S": "7",
                                "T": "11.9",
                                "V": "35000",
                                "W": "1",
                                "Pt": "F",
                                "Dp": "6.5",
                                "$": "900"
                            },
                            {
                                "D": "S",
                                "G": "15",
                                "H": "72.0",
                                "P": "1019",
                                "S": "8",
                                "T": "10.9",
                                "V": "35000",
                                "W": "3",
                                "Pt": "F",
                                "Dp": "6.1",
                                "$": "960"
                            }
                        ]
                    }
                ]
            }
        }
    }
}