{
    "SiteRep": {
        "Wx": {
            "Param": [
                {
                    "name": "G",
                    "units": "mph",
                    "$": "Wind Gust"
                },
                {
                    "name": "T",
                    "units": "C",
                    "$": "Temperature"
                },
                {
                    "name": "V",
                    "units": "m",
                    "$": "Visibility"
                },
                {
                    "name": "D",
                    "units": "compass",
                    "$": "Wind Direction"
                },
                {
                    "name": "S",
                    "units": "mph",
                    "$": "Wind Speed"
                },
                {
                    "name": "W",
                    "units": "",
                    "$": "Weather Type"
                },
                {
                    "name": "P",
                    "units": "hpa",
                    "$": "Pressure"
                },
                {
                    "name": "Pt",
                    "units": "Pa/s",
                    "$": "Pressure Tendency"
                },
                {
                    "name": "Dp",
                    "units": "C",
                    "$": "Dew Point"
                },
                {
                    "name": "H",
                    "units": "%",
                    "$": "Screen Relative Humidity"
                }
            ]
        },
        "DV": {
            "dataDate": "2023-10-02T16:00:00Z",
            "type": "Obs",
            "Location": {
                "i": "3772",
                "lat": "51.479",
                "lon": "-0.449",
                "name": "HEATHROW",
                "country": "ENGLAND",
                "continent": "EUROPE",
                "elevation": "25.0",
                "Period": [
                    {
                        "type": "Day",
                        "value": "2023-10-01Z",
                        "Rep": [
                            {
                                "D": "WSW",
                                "G": "18",
                                "H": "73.5",
                                "P": "1018",
                                "S": "11",
                                "T": "21.7",
                                "V": "28000",
                                "W": "8",
                                "Pt": "F",
                                "Dp": "16.8",
                                "$": "960"
                            },
                            {
                                "D": "SSW",
                                "G": "19",
                                "H": "74.8",
                                "P": "1019",
                                "S": "11",
                                "T": "21.0",
                                "V": "25000",
                                "W": "8",
                                "Pt": "F",
                                "Dp": "16.4",
                                "$": "1020"
                            },
                            {
                                "D": "SW",
                                "G": "16",
                                "H": "77.1",
                                "P": "1019",
                                "S": "9",
                                "T": "20.1",
                                "V": "26000",
                                "W": "8",
                                "Pt": "F",
                                "Dp": "16.0",
                                "$": "1080"
                            },
                            {
                                "D": "SSW",
                                "G": "19",
                                "H": "80.6",
                                "P": "1019",
                                "S": "9",
                                "T": "19.6",
                                "V": "21000",
                                "W": "8",
                                "Pt": "R",
                                "Dp": "16.2",
                                "$": "1140"
                            },
                            {
                                "D": "SSW",
                                "G": "19",
                                "H": "82.6",
                                "P": "1019",
                                "S": "11",
                                "T": "19.0",
                                "V": "24000",
                                "W": "8",
                                "Pt": "R",
                                "Dp": "16.0",
                                "$": "1200"
                            },
                            {
                                "D": "SSW",
                                "G": "15",
                                "H": "84.2",
                                "P": "1019",
                                "S": "8",
                                "T": "18.2",
                                "V": "29000",
                                "W": "0",
                                "Pt": "R",
                                "Dp": "15.5",
                                "$": "1260"
                            },
                            {
                                "D": "SW",
                                "G": "14",
                                "H": "85.7",
                                "P": "1019",
                                "S": "9",
                                "T": "17.7",
                                "V": "35000",
                                "W": "0",
                                "Pt": "R",
                                "Dp": "15.3",
                                "$": "1320"
                            },
                            {
                                "D": "SW",
                                "G": "11",
                                "H": "89.6",
                                "P": "1019",
                                "S": "7",
                                "T": "16.6",
                                "V": "30000",
                                "W": "0",
                                "Pt": "R",
                                "Dp": "14.9",
                                "$": "1380"
                            }
                        ]
                    },
                    {
                        "type": "Day",
                        "value": "2023-10-02Z",
                        "Rep": [
                            {
                                "D": "SW",
                                "G": "8",
                                "H": "92.5",
                                "P": "1019",
                                "S": "5",
                                "T": "15.7",
                                "V": "23000",
                                "W": "0",
                                "Pt": "R",
                                "Dp": "14.5",
                                "$": "0"
                            },
                            {
                                "D": "SW",
                                "G": "11",
                                "H": "93.1",
                                "P": "1019",
                                "S": "8",
                                "T": "16.5",
                                "V": "22000",
                                "W": "8",
                                "Pt": "F",
                                "Dp": "15.4",
                                "$": "60"
                            },
                            {
                                "D": "SW",
                                "G": "9",
                                "H": "93.7",
                                "P": "1019",
                                "S": "6",
                                "T": "16.3",
                                "V": "19000",
                                "W": "8",
                                "Pt": "F",
                                "Dp": "15.3",
                                "$": "120"
                            },
                            {
                                "D": "SW",
                                "G": "9",
                                "H": "94.4",
                                "P": "1019",
                                "S": "6",
                                "T": "16.4",
                                "V": "18000",
                                "W": "8",
                                "Pt": "F",
                                "Dp": "15.5",
                                "$": "180"
                            },
                            {
                                "D": "WSW",
                                "G": "8",
                                "H": "95.0",
                                "P": "1019",
                                "S": "5",
                                "T": "16.3",
                                "V": "23000",
                                "W": "8",
                                "Pt": "F",
                                "Dp": "15.5",
                                "$": "240"
                            },
                            {
                                "D": "WSW",
                                "G": "7",
                                "H": "95.6",
                                "P": "1018",
                                "S": "5",
                                "T": "16.2",
                                "V": "14000",
                                "W": "8",
                                "Pt": "F",
                                "Dp": "15.5",
                                "$": "300"
                            },
                            {
                                "D": "SSW",
                                "G": "7",
                                "H": "95.6",
                                "P": "1018",
                                "S": "5",
                                "T": "16.3",
                                "V": "14000",
                                "W": "8",
                                "Pt": "F",
                                "Dp": "15.6",
                                "$": "360"
                            },
                            {
                                "D": "N",
                                "G": "8",
                                "H": "94.3",
                                "P": "1019",
                                "S": "2",
                                "T": "16.3",
                                "V": "17000",
                                "W": "8",
                                "Pt": "F",
                                "Dp": "15.4",
                                "$": "420"
                            },
                            {
                                "D": "ESE",
                                "G": "8",
                                "H": "94.4",
                                "P": "1018",
                                "S": "3",
                                "T": "16.2",
                                "V": "11000",
                                "W": "8",
                                "Pt": "S",
                                "Dp": "15.3",
                                "$": "480"
                            },
                            {
                                "D": "SSE",
                                "G": "8",
                                "H": "94.4",
                                "P": "1018",
                                "S": "5",
                                "T": "16.2",
                                "V": "7000",
                                "W": "8",
                                "Pt": "R",
                                "Dp": "15.3",
                                "$": "540"
                            },
                            {
                                "D": "S",
                                "G": "9",
                                "H": "92.5",
                                "P": "1018",
                                "S": "3",
                                "T": "16.7",
                                "V": "12000",
                                "W": "8",
                                "Pt": "F",
                                "Dp": "15.5",
                                "$": "600"
                            },
                            {
                                "D": "SE",
                                "G": "9",
                                "H": "89.1",
                                "P": "1018",
                                "S": "5",
                                "T": "17.3",
                                "V": "17000",
                                "W": "8",
                                "Pt": "F",
                                "Dp": "15.5",
                                "$": "660"
                            },
                            {
                                "D": "ESE",
                                "G": "10",
                                "H": "88.6",
                                "P": "1017",
                                "S": "5",
                                "T": "17.5",
                                "V": "22000",
                                "W": "8",
                                "Pt": "F",
                                "Dp": "15.6",
                                "$": "720"
                            },
                            {
                                "D": "SSW",
                                "G": "11",
                                "H": "85.2",
                                "P": "1017",
                                "S": "5",
                                "T": "18.2",
                                "V": "22000",
                                "W": "8",
                                "Pt": "F",
                                "Dp": "15.7",
                                "$": "780"
                            },
                            {
                                "D": "NNW",
                                "G": "7",
                                "H": "83.1",
                                "P": "1016",
                                "S": "3",
                                "T": "18.7",
                                "V": "16000",
                                "W": "8",
                                "Pt": "F",
                                "Dp": "15.8",
                                "$": "840"
                            },
                            {
                                "D": "ENE",
                                "G": "9",
                                "H": "83.7",
                                "P": "1014",
                                "S": "6",
                                "T": "18.8",
                                "V": "15000",
                                "W": "8",
                                "Pt": "F",
                                "Dp": "16.0",
                                "$": "900"
                            },
                            {
                                "D": "E",
                                "G": "23",
                                "H": "83.8",
                                "P": "1011",
                                "S": "13",
                                "T": "19.0",
                                "V": "20000",
                                "W": "8",
                                "Pt": "F",
                                "Dp": "16.2",
                                "$": "960"
                            }
                        ]
                    }
                ]
            }
        }
    }
}