{
    "SiteRep": {
        "Wx": {
            "Param": [
                {
                    "name": "G",
                    "units": "mph",
                    "$": "Wind Gust"
                },
                {
                    "name": "T",
                    "units": "C",
                    "$": "Temperature"
                },
                {
                    "name": "V",
                    "units": "m",
                    "$": "Visibility"
                },
                {
                    "name": "D",
                    "units": "compass",
                    "$": "Wind Direction"
                },
                {
                    "name": "S",
                    "units": "mph",
                    "$": "Wind Speed"
                },
                {
                    "name": "W",
                    "units": "",
                    "$": "Weather Type"
                },
                {
                    "name": "P",
                    "units": "hpa",
                    "$": "Pressure"
                },
                {
                    "name": "Pt",
                    "units": "Pa/s",
                    "$": "Pressure Tendency"
                },
                {
                    "name": "Dp",
                    "units": "C",
                    "$": "Dew Point"
                },
                {
                    "name": "H",
                    "units": "%",
                    "$": "Screen Relative Humidity"
                }
            ]
        },
        "DV": {
            "dataDate": "2024-02-16T16:00:00Z",
            "type": "Obs",
            "Location": {
                "i": "3772",
                "lat": "51.479",
                "lon": "-0.449",
                "name": "HEATHROW",
                "country": "ENGLAND",
                "continent": "EUROPE",
                "elevation": "25.0",
                "Period": [
                    {
                        "type": "Day",
                        "value": "2024-02-15Z",
                        "Rep": [
                            {
                                "D": "S",
                                "G": "17",
                                "H": "68.7",
                                "P": "1006",
                                "S": "11",
                                "T": "15.3",
                                "V": "45000",
                                "W": "8",
                                "Pt": "F",
                                "Dp": "9.6",
                                "$": "960"
                            },
                            {
                                "D": "S",
                                "G": "17",
                                "H": "72.3",
                                "P": "1005",
                                "S": "10",
                                "T": "14.4",
                                "V": "40000",
                                "W": "8",
                                "Pt": "F",
                                "Dp": "9.5",
                                "$": "1020"
                            },
                            {
                                "D": "S",
                                "G": "16",
                                "H": "77.2",
                                "P": "1005",
                                "S": "6",
                                "T": "13.4",
                                "V": "35000",
                                "W": "8",
                                "Pt": "F",
                                "Dp": "9.5",
                                "$": "1080"
                            },
                            {
                                "D": "S",
                                "G": "14",
                                "H": "80.8",
                                "P": "1006",
                                "S": "7",
                                "T": "12.7",
                                "V": "35000",
                                "W": "8",
                                "Pt": "F",
                                "Dp": "9.5",
                                "$": "1140"
                            },
                            {
                                "D": "S",
                                "G": "13",
                                "H": "81.4",
                                "P": "1006",
                                "S": "7",
                                "T": "12.6",
                                "V": "30000",
                                "W": "8",
                                "Pt": "R",
                                "Dp": "9.5",
                                "$": "1200"
                            },
                            {
                                "D": "S",
                                "G": "13",
                                "H": "84.1",
                                "P": "1005",
                                "S": "3",
                                "T": "12.3",
                                "V": "14000",
                                "W": "12",
                                "Pt": "F",
                                "Dp": "9.7",
                                "$": "1260"
                            },
                            {
                                "D": "SW",
                                "G": "11",
                                "H": "86.4",
                                "P": "1006",
                                "S": "7",
                                "T": "11.9",
                                "V": "28000",
                                "W": "8",
                                "Pt": "R",
                                "Dp": "9.7",
                                "$": "1320"
                            },
                            {
                                "D": "SSW",
                                "G": "9",
                                "H": "86.3",
                                "P": "1006",
                                "S": "5",
                                "T": "12.0",
                                "V": "29000",
                                "W": "8",
                                "Pt": "F",
                                "Dp": "9.8",
                                "$": "1380"
                            }
                        ]
                    },
                    {
                        "type": "Day",
                        "value": "2024-02-16Z",
                        "Rep": [
                            {
                                "D": "SW",
                                "G": "8",
                                "H": "90.5",
                                "P": "1006",
                                "S": "2",
                                "T": "11.2",
                                "V": "25000",
                                "W": "8",
                                "Pt": "R",
                                "Dp": "9.7",
                                "$": "0"
                            },
                            {
                                "D": "S",
                                "G": "9",
                                "H": "89.9",
                                "P": "1006",
                                "S": "5",
                                "T": "11.8",
                                "V": "27000",
                                "W": "8",
                                "Pt": "F",
                                "Dp": "10.2",
                                "$": "60"
                            },
                            {
                                "D": "W",
                                "G": "9",
                                "H": "92.9",
                                "P": "1006",
                                "S": "6",
                                "T": "11.5",
                                "V": "11000",
                                "W": "8",
                                "Pt": "R",
                                "Dp": "10.4",
                                "$": "120"
                            },
                            {
                                "D": "W",
                                "G": "11",
                                "H": "92.3",
                                "P": "1007",
                                "S": "6",
                                "T": "11.8",
                                "V": "27000",
                                "W": "8",
                                "Pt": "R",
                                "Dp": "10.6",
                                "$": "180"
                            },
                            {
                                "D": "W",
                                "G": "11",
                                "H": "94.9",
                                "P": "1008",
                                "S": "7",
                                "T": "11.4",
                                "V": "10000",
                                "W": "12",
                                "Pt": "R",
                                "Dp": "10.6",
                                "$": "240"
                            },
                            {
                                "D": "W",
                                "G": "11",
                                "H": "94.8",
                                "P": "1008",
                                "S": "6",
                                "T": "11.0",
                                "V": "14000",
                                "W": "12",
                                "Pt": "R",
                                "Dp": "10.2",
                                "$": "300"
                            },
                            {
                                "D": "W",
                                "G": "13",
                                "H": "92.9",
                                "P": "1009",
                                "S": "7",
                                "T": "10.2",
                                "V": "55000",
                                "W": "8",
                                "Pt": "R",
                                "Dp": "9.1",
                                "$": "360"
                            },
                            {
                                "D": "WSW",
                                "G": "13",
                                "H": "94.1",
                                "P": "1010",
                                "S": "8",
                                "T": "9.8",
                                "V": "40000",
                                "W": "8",
                                "Pt": "R",
                                "Dp": "8.9",
                                "$": "420"
                            },
                            {
                                "D": "W",
                                "G": "18",
                                "H": "94.1",
                                "P": "1012",
                                "S": "13",
                                "T": "9.1",
                                "V": "20000",
                                "W": "1",
                                "Pt": "R",
                                "Dp": "8.2",
                                "$": "480"
                            },
                            {
                                "D": "W",
                                "G": "16",
                                "H": "90.3",
                                "P": "1013",
                                "S": "10",
                                "T": "9.9",
                                "V": "22000",
                                "W": "1",
                                "Pt": "R",
                                "Dp": "8.4",
                                "$": "540"
                            },
                            {
                                "D": "W",
                                "G": "19",
                                "H": "85.5",
                                "P": "1014",
                                "S": "14",
                                "T": "10.4",
                                "V": "25000",
                                "W": "3",
                                "Pt": "R",
                                "Dp": "8.1",
                                "$": "600"
                            },
                            {
                                "D": "W",
                                "G": "22",
                                "H": "75.8",
                                "P": "1015",
                                "S": "16",
                                "T": "12.0",
                                "V": "45000",
                                "W": "3",
                                "Pt": "R",
                                "Dp": "7.9",
                                "$": "660"
                            },
                            {
                                "D": "WSW",
                                "G": "22",
                                "H": "75.0",
                                "P": "1016",
                                "S": "15",
                                "T": "13.1",
                                "V": "45000",
                                "W": "8",
                                "Pt": "R",
                                "Dp": "8.8",
                                "$": "720"
                            },
                            {
                                "D": "WSW",
                                "G": "23",
                                "H": "72.9",
                                "P": "1016",
                                "S": "13",
                                "T": "13.0",
                                "V": "50000",
                                "W": "8",
                                "Pt": "R",
                                "Dp": "8.3",
                                "$": "780"
                            },
                            {
                                "D": "WSW",
                                "G": "23",
                                "H": "70.9",
                                "P": "1017",
                                "S": "15",
                                "T": "12.8",
                                "V": "45000",
                                "W": "8",
                                "Pt": "R",
                                "Dp": "7.7",
                                "$": "840"
                            },
                            {
                                "D": "WSW",
                                "G": "22",
                                "H": "69.8",
                                "P": "1018",
                                "S": "15",
                                "T": "12.0",
                                "V": "60000",
                                "W": "8",
                                "Pt": "R",
                                "Dp": "6.7",
                                "$": "900"
                            },
                            {
                                "D": "WSW",
                                "G": "21",
                                "H": "68.2",
                                "P": "1019",
                                "S": "16",
                                "T": "11.8",
                                "V": "45000",
                                "W": "8",
                                "Pt": "R",
                                "Dp": "6.2",
                                "$": "960"
                            }
                        ]
                    }
                ]
            }
        }
    }
}