{
    "SiteRep": {
        "Wx": {
            "Param": [
                {
                    "name": "G",
                    "units": "mph",
                    "$": "Wind Gust"
                },
                {
                    "name": "T",
                    "units": "C",
                    "$": "Temperature"
                },
                {
                    "name": "V",
                    "units": "m",
                    "$": "Visibility"
                },
                {
                    "name": "D",
                    "units": "compass",
                    "$": "Wind Direction"
                },
                {
                    "name": "S",
                    "units": "mph",
                    "$": "Wind Speed"
                },
                {
                    "name": "W",
                    "units": "",
                    "$": "Weather Type"
                },
                {
                    "name": "P",
                    "units": "hpa",
                    "$": "Pressure"
                },
                {
                    "name": "Pt",
                    "units": "Pa/s",
                    "$": "Pressure Tendency"
                },
                {
                    "name": "Dp",
                    "units": "C",
                    "$": "Dew Point"
                },
                {
                    "name": "H",
                    "units": "%",
                    "$": "Screen Relative Humidity"
                }
            ]
        },
        "DV": {
            "dataDate": "2023-09-28T16:00:00Z",
            "type": "Obs",
            "Location": {
                "i": "3772",
                "lat": "51.479",
                "lon": "-0.449",
                "name": "HEATHROW",
                "country": "ENGLAND",
                "continent": "EUROPE",
                "elevation": "25.0",
                "Period": [
                    {
                        "type": "Day",
                        "value": "2023-09-27Z",
                        "Rep": [
                            {
                                "D": "SE",
                                "G": "28",
                                "H": "72.5",
                                "P": "1008",
                                "S": "17",
                                "T": "20.7",
                                "V": "30000",
                                "W": "7",
                                "Pt": "F",
                                "Dp": "15.6",
                                "$": "960"
                            },
                            {
                                "D": "SSE",
                                "G": "23",
                                "H": "72.0",
                                "P": "1008",
                                "S": "14",
                                "T": "20.6",
                                "V": "30000",
                                "W": "8",
                                "Pt": "F",
                                "Dp": "15.4",
                                "$": "1020"
                            },
                            {
                                "D": "S",
                                "G": "28",
                                "H": "68.0",
                                "P": "1007",
                                "S": "18",
                                "T": "20.9",
                                "V": "35000",
                                "W": "8",
                                "Pt": "F",
                                "Dp": "14.8",
                                "$": "1080"
                            },
                            {
                                "D": "S",
                                "G": "29",
                                "H": "70.6",
                                "P": "1007",
                                "S": "16",
                                "T": "20.4",
                                "V": "35000",
                                "W": "8",
                                "Pt": "R",
                                "Dp": "14.9",
                                "$": "1140"
                            },
                            {
                                "D": "SSW",
                                "G": "32",
                                "H": "67.3",
                                "P": "1008",
                                "S": "18",
                                "T": "17.9",
                                "V": "24000",
                                "W": "2",
                                "Pt": "R",
                                "Dp": "11.8",
                                "$": "1200"
                            },
                            {
                                "D": "SW",
                                "G": "29",
                                "H": "71.9",
                                "P": "1009",
                                "S": "19",
                                "T": "17.7",
                                "V": "17000",
                                "W": "8",
                                "Pt": "R",
                                "Dp": "12.6",
                                "$": "1260"
                            },
                            {
                                "D": "SW",
                                "G": "29",
                                "H": "70.5",
                                "P": "1009",
                                "S": "18",
                                "T": "17.3",
                                "V": "19000",
                                "W": "7",
                                "Pt": "R",
                                "Dp": "11.9",
                                "$": "1320"
                            },
                            {
                                "D": "SW",
                                "G": "30",
                                "H": "72.7",
                                "P": "1009",
                                "S": "18",
                                "T": "16.9",
                                "V": "17000",
                                "W": "8",
                                "Pt": "R",
                                "Dp": "12.0",
                                "$": "1380"
                            }
                        ]
                    },
                    {
                        "type": "Day",
                        "value": "2023-09-28Z",
                        "Rep": [
                            {
                                "D": "SW",
                                "G": "28",
                                "H": "74.7",
                                "P": "1010",
                                "S": "17",
                                "T": "16.7",
                                "V": "16000",
                                "W": "8",
                                "Pt": "R",
                                "Dp": "12.2",
                                "$": "0"
                            },
                            {
                                "D": "SW",
                                "G": "28",
                                "H": "74.1",
                                "P": "1011",
                                "S": "19",
                                "T": "16.6",
                                "V": "17000",
                                "W": "8",
                                "Pt": "R",
                                "Dp": "12.0",
                                "$": "60"
                            },
                            {
                                "D": "SW",
                                "G": "30",
                                "H": "69.3",
                                "P": "1011",
                                "S": "21",
                                "T": "16.6",
                                "V": "27000",
                                "W": "7",
                                "Pt": "R",
                                "Dp": "11.0",
                                "$": "120"
                            },
                            {
                                "D": "SW",
                                "G": "31",
                                "H": "70.2",
                                "P": "1011",
                                "S": "15",
                                "T": "16.1",
                                "V": "27000",
                                "W": "2",
                                "Pt": "R",
                                "Dp": "10.7",
                                "$": "180"
                            },
                            {
                                "D": "SW",
                                "G": "23",
                                "H": "72.0",
                                "P": "1012",
                                "S": "13",
                                "T": "15.7",
                                "V": "28000",
                                "W": "7",
                                "Pt": "R",
                                "Dp": "10.7",
                                "$": "240"
                            },
                            {
                                "D": "SW",
                                "G": "28",
                                "H": "69.2",
                                "P": "1013",
                                "S": "14",
                                "T": "16.1",
                                "V": "30000",
                                "W": "8",
                                "Pt": "R",
                                "Dp": "10.5",
                                "$": "300"
                            },
                            {
                                "D": "SW",
                                "G": "21",
                                "H": "71.1",
                                "P": "1013",
                                "S": "9",
                                "T": "15.9",
                                "V": "30000",
                                "W": "8",
                                "Pt": "R",
                                "Dp": "10.7",
                                "$": "360"
                            },
                            {
                                "D": "SSW",
                                "G": "17",
                                "H": "73.4",
                                "P": "1014",
                                "S": "9",
                                "T": "15.7",
                                "V": "29000",
                                "W": "8",
                                "Pt": "R",
                                "Dp": "11.0",
                                "$": "420"
                            },
                            {
                                "D": "SSW",
                                "G": "19",
                                "H": "72.9",
                                "P": "1015",
                                "S": "13",
                                "T": "15.5",
                                "V": "27000",
                                "W": "1",
                                "Pt": "R",
                                "Dp": "10.7",
                                "$": "480"
                            },
                            {
                                "D": "SW",
                                "G": "16",
                                "H": "69.2",
                                "P": "1015",
                                "S": "9",
                                "T": "16.0",
                                "V": "22000",
                                "W": "1",
                                "Pt": "R",
                                "Dp": "10.4",
                                "$": "540"
                            },
                            {
                                "D": "S",
                                "G": "18",
                                "H": "67.9",
                                "P": "1015",
                                "S": "11",
                                "T": "16.5",
                                "V": "21000",
                                "W": "3",
                                "Pt": "R",
                                "Dp": "10.6",
                                "$": "600"
                            },
                            {
                                "D": "S",
                                "G": "18",
                                "H": "68.6",
                                "P": "1014",
                                "S": "10",
                                "T": "17.3",
                                "V": "18000",
                                "W": "8",
                                "Pt": "R",
                                "Dp": "11.5",
                                "$": "660"
                            },
                            {
                                "D": "S",
                                "G": "18",
                                "H": "62.4",
                                "P": "1014",
                                "S": "11",
                                "T": "19.2",
                                "V": "20000",
                                "W": "3",
                                "Pt": "R",
                                "Dp": "11.9",
                                "$": "720"
                            },
                            {
                                "D": "S",
                                "G": "22",
                                "H": "61.1",
                                "P": "1014",
                                "S": "11",
                                "T": "19.0",
                                "V": "23000",
                                "W": "8",
                                "Pt": "F",
                                "Dp": "11.4",
                                "$": "780"
                            },
                            {
                                "D": "SSW",
                                "G": "23",
                                "H": "61.9",
                                "P": "1014",
                                "S": "14",
                                "T": "18.7",
                                "V": "27000",
                                "W": "8",
                                "Pt": "F",
                                "Dp": "11.3",
                                "$": "840"
                            },
                            {
                                "D": "S",
                                "G": "23",
                                "H": "64.0",
                                "P": "1013",
                                "S": "11",
                                "T": "18.4",
                                "V": "28000",
                                "W": "7",
                                "Pt": "F",
                                "Dp": "11.5",
                                "$": "900"
                            },
                            {
                                "D": "S",
                                "G": "22",
                                "H": "67.4",
                                "P": "1013",
                                "S": "10",
                                "T": "18.2",
                                "V": "25000",
                                "W": "8",
                                "Pt": "F",
                                "Dp": "12.1",
                                "$": "960"
                            }
                        ]
                    }
                ]
            }
        }
    }
}