{
    "SiteRep": {
        "Wx": {
            "Param": [
                {
                    "name": "G",
                    "units": "mph",
                    "$": "Wind Gust"
                },
                {
                    "name": "T",
                    "units": "C",
                    "$": "Temperature"
                },
                {
                    "name": "V",
                    "units": "m",
                    "$": "Visibility"
                },
                {
                    "name": "D",
                    "units": "compass",
                    "$": "Wind Direction"
                },
                {
                    "name": "S",
                    "units": "mph",
                    "$": "Wind Speed"
                },
                {
                    "name": "W",
                    "units": "",
                    "$": "Weather Type"
                },
                {
                    "name": "P",
                    "units": "hpa",
                    "$": "Pressure"
                },
                {
                    "name": "Pt",
                    "units": "Pa/s",
                    "$": "Pressure Tendency"
                },
                {
                    "name": "Dp",
                    "units": "C",
                    "$": "Dew Point"
                },
                {
                    "name": "H",
                    "units": "%",
                    "$": "Screen Relative Humidity"
                }
            ]
        },
        "DV": {
            "dataDate": "2024-01-11T16:00:00Z",
            "type": "Obs",
            "Location": {
                "i": "3772",
                "lat": "51.479",
                "lon": "-0.449",
                "name": "HEATHROW",
                "country": "ENGLAND",
                "continent": "EUROPE",
                "elevation": "25.0",
                "Period": [
                    {
                        "type": "Day",
                        "value": "2024-01-10Z",
                        "Rep": [
                            {
                                "D": "NNE",
                                "G": "22",
                                "H": "52.3",
                                "P": "1028",
                                "S": "11",
                                "T": "4.4",
                                "V": "45000",
                                "W": "0",
                                "Pt": "F",
                                "Dp": "-4.3",
                                "$": "960"
                            },
                            {
                                "D": "NNE",
                                "G": "19",
                                "H": "52.8",
                                "P": "1028",
                                "S": "11",
                                "T": "3.6",
                                "V": "45000",
                                "W": "0",
                                "Pt": "R",
                                "Dp": "-4.9",
                                "$": "1020"
                            },
                            {
                                "D": "NNE",
                                "G": "18",
                                "H": "60.6",
                                "P": "1029",
                                "S": "9",
                                "T": "2.8",
                                "V": "40000",
                                "W": "0",
                                "Pt": "R",
                                "Dp": "-3.9",
                                "$": "1080"
                            },
                            {
                                "D": "NNE",
                                "G": "17",
                                "H": "65.0",
                                "P": "1029",
                                "S": "10",
                                "T": "2.5",
                                "V": "35000",
                                "W": "0",
                                "Pt": "R",
                                "Dp": "-3.3",
                                "$": "1140"
                            },
                            {
                                "D": "NNE",
                                "G": "19",
                                "H": "67.2",
                                "P": "1030",
                                "S": "10",
                                "T": "2.1",
                                "V": "35000",
                                "W": "7",
                                "Pt": "R",
                                "Dp": "-3.2",
                                "$": "1200"
                            },
                            {
                                "D": "NNE",
                                "G": "17",
                                "H": "72.6",
                                "P": "1030",
                                "S": "10",
                                "T": "1.8",
                                "V": "35000",
                                "W": "0",
                                "Pt": "R",
                                "Dp": "-2.5",
                                "$": "1260"
                            },
                            {
                                "D": "NNE",
                                "G": "16",
                                "H": "73.0",
                                "P": "1030",
                                "S": "9",
                                "T": "1.9",
                                "V": "29000",
                                "W": "8",
                                "Pt": "R",
                                "Dp": "-2.3",
                                "$": "1320"
                            },
                            {
                                "D": "NNE",
                                "G": "15",
                                "H": "75.9",
                                "P": "1031",
                                "S": "8",
                                "T": "1.4",
                                "V": "30000",
                                "W": "7",
                                "Pt": "R",
                                "Dp": "-2.3",
                                "$": "1380"
                            }
                        ]
                    },
                    {
                        "type": "Day",
                        "value": "2024-01-11Z",
                        "Rep": [
                            {
                                "D": "NE",
                                "G": "13",
                                "H": "78.1",
                                "P": "1032",
                                "S": "5",
                                "T": "1.1",
                                "V": "28000",
                                "W": "8",
                                "Pt": "R",
                                "Dp": "-2.2",
                                "$": "0"
                            },
                            {
                                "D": "NNE",
                                "G": "8",
                                "H": "81.1",
                                "P": "1032",
                                "S": "5",
                                "T": "0.3",
                                "V": "25000",
                                "W": "2",
                                "Pt": "R",
                                "Dp": "-2.2",
                                "$": "60"
                            },
                            {
                                "D": "NNE",
                                "G": "10",
                                "H": "83.2",
                                "P": "1033",
                                "S": "6",
                                "T": "0.2",
                                "V": "23000",
                                "W": "0",
                                "Pt": "R",
                                "Dp": "-2.0",
                                "$": "120"
                            },
                            {
                                "D": "N",
                                "G": "11",
                                "H": "86.3",
                                "P": "1033",
                                "S": "7",
                                "T": "-0.3",
                                "V": "20000",
                                "W": "0",
                                "Pt": "R",
                                "Dp": "-2.0",
                                "$": "180"
                            },
                            {
                                "D": "NNE",
                                "G": "9",
                                "H": "87.0",
                                "P": "1034",
                                "S": "5",
                                "T": "-0.4",
                                "V": "16000",
                                "W": "0",
                                "Pt": "R",
                                "Dp": "-2.0",
                                "$": "240"
                            },
                            {
                                "D": "N",
                                "G": "9",
                                "H": "89.1",
                                "P": "1034",
                                "S": "5",
                                "T": "-0.6",
                                "V": "14000",
                                "W": "2",
                                "Pt": "R",
                                "Dp": "-1.9",
                                "$": "300"
                            },
                            {
                                "D": "N",
                                "G": "10",
                                "H": "89.4",
                                "P": "1035",
                                "S": "6",
                                "T": "-0.2",
                                "V": "15000",
                                "W": "0",
                                "Pt": "R",
                                "Dp": "-1.5",
                                "$": "360"
                            },
                            {
                                "D": "N",
                                "G": "14",
                                "H": "89.5",
                                "P": "1035",
                                "S": "7",
                                "T": "-0.1",
                                "V": "17000",
                                "W": "0",
                                "Pt": "R",
                                "Dp": "-1.4",
                                "$": "420"
                            },
                            {
                                "D": "N",
                                "G": "11",
                                "H": "89.5",
                                "P": "1036",
                                "S": "7",
                                "T": "-0.1",
                                "V": "19000",
                                "W": "0",
                                "Pt": "R",
                                "Dp": "-1.4",
                                "$": "480"
                            },
                            {
                                "D": "N",
                                "G": "11",
                                "H": "92.2",
                                "P": "1036",
                                "S": "7",
                                "T": "0.6",
                                "V": "19000",
                                "W": "1",
                                "Pt": "R",
                                "Dp": "-0.5",
                                "$": "540"
                            },
                            {
                                "D": "N",
                                "G": "10",
                                "H": "86.9",
                                "P": "1037",
                                "S": "5",
                                "T": "2.1",
                                "V": "23000",
                                "W": "3",
                                "Pt": "R",
                                "Dp": "0.2",
                                "$": "600"
                            },
                            {
                                "D": "NNE",
                                "G": "17",
                                "H": "78.6",
                                "P": "1037",
                                "S": "10",
                                "T": "4.1",
                                "V": "30000",
                                "W": "1",
                                "Pt": "R",
                                "Dp": "0.8",
                                "$": "660"
                            },
                            {
                                "D": "NNE",
                                "G": "23",
                                "H": "75.2",
                                "P": "1038",
                                "S": "13",
                                "T": "4.2",
                                "V": "50000",
                                "W": "8",
                                "Pt": "R",
                                "Dp": "0.3",
                                "$": "720"
                            },
                            {
                                "D": "NNE",
                                "G": "23",
                                "H": "75.7",
                                "P": "1038",
                                "S": "10",
                                "T": "3.8",
                                "V": "40000",
                                "W": "8",
                                "Pt": "R",
                                "Dp": "0.0",
                                "$": "780"
                            },
                            {
                                "D": "NNE",
                                "G": "19",
                                "H": "76.2",
                                "P": "1038",
                                "S": "9",
                                "T": "3.9",
                                "V": "40000",
                                "W": "8",
                                "Pt": "R",
                                "Dp": "0.2",
                                "$": "840"
                            },
                            {
                                "D": "NNE",
                                "G": "18",
                                "H": "76.9",
                                "P": "1038",
                                "S": "8",
                                "T": "4.5",
                                "V": "40000",
                                "W": "8",
                                "Pt": "F",
                                "Dp": "0.9",
                                "$": "900"
                            },
                            {
                                "D": "N",
                                "G": "10",
                                "H": "79.3",
                                "P": "1038",
                                "S": "5",
                                "T": "4.8",
                                "V": "35000",
                                "W": "8",
                                "Pt": "F",
                                "Dp": "1.6",
                                "$": "960"
                            }
                        ]
                    }
                ]
            }
        }
    }
}