{
    "SiteRep": {
        "Wx": {
            "Param": [
                {
                    "name": "G",
                    "units": "mph",
                    "$": "Wind Gust"
                },
                {
                    "name": "T",
                    "units": "C",
                    "$": "Temperature"
                },
                {
                    "name": "V",
                    "units": "m",
                    "$": "Visibility"
                },
                {
                    "name": "D",
                    "units": "compass",
                    "$": "Wind Direction"
                },
                {
                    "name": "S",
                    "units": "mph",
                    "$": "Wind Speed"
                },
                {
                    "name": "W",
                    "units": "",
                    "$": "Weather Type"
                },
                {
                    "name": "P",
                    "units": "hpa",
                    "$": "Pressure"
                },
                {
                    "name": "Pt",
                    "units": "Pa/s",
                    "$": "Pressure Tendency"
                },
                {
                    "name": "Dp",
                    "units": "C",
                    "$": "Dew Point"
                },
                {
                    "name": "H",
                    "units": "%",
                    "$": "Screen Relative Humidity"
                }
            ]
        },
        "DV": {
            "dataDate": "2024-05-28T16:00:00Z",
            "type": "Obs",
            "Location": {
                "i": "3772",
                "lat": "51.479",
                "lon": "-0.449",
                "name": "HEATHROW",
                "country": "ENGLAND",
                "continent": "EUROPE",
                "elevation": "25.0",
                "Period": [
                    {
                        "type": "Day",
                        "value": "2024-05-27Z",
                        "Rep": [
                            {
                                "D": "SSW",
                                "G": "22",
                                "H": "58.0",
                                "P": "1015",
                                "S": "11",
                                "T": "16.4",
                                "V": "75000",
                                "W": "8",
                                "Pt": "R",
                                "Dp": "8.2",
                                "$": "960"
                            },
                            {
                                "D": "WSW",
                                "G": "22",
                                "H": "53.2",
                                "P": "1015",
                                "S": "15",
                                "T": "15.7",
                                "V": "65000",
                                "W": "11",
                                "Pt": "R",
                                "Dp": "6.3",
                                "$": "1020"
                            },
                            {
                                "D": "SW",
                                "G": "23",
                                "H": "55.0",
                                "P": "1015",
                                "S": "13",
                                "T": "16.5",
                                "V": "75000",
                                "W": "7",
                                "Pt": "F",
                                "Dp": "7.5",
                                "$": "1080"
                            },
                            {
                                "D": "SSW",
                                "G": "22",
                                "H": "66.6",
                                "P": "1015",
                                "S": "11",
                                "T": "14.5",
                                "V": "60000",
                                "W": "8",
                                "Pt": "R",
                                "Dp": "8.4",
                                "$": "1140"
                            },
                            {
                                "D": "SSW",
                                "G": "21",
                                "H": "74.1",
                                "P": "1015",
                                "S": "11",
                                "T": "13.8",
                                "V": "55000",
                                "W": "7",
                                "Pt": "R",
                                "Dp": "9.3",
                                "$": "1200"
                            },
                            {
                                "D": "SSW",
                                "G": "16",
                                "H": "78.5",
                                "P": "1016",
                                "S": "10",
                                "T": "12.8",
                                "V": "50000",
                                "W": "7",
                                "Pt": "R",
                                "Dp": "9.2",
                                "$": "1260"
                            },
                            {
                                "D": "S",
                                "G": "14",
                                "H": "84.1",
                                "P": "1016",
                                "S": "8",
                                "T": "12.4",
                                "V": "30000",
                                "W": "2",
                                "Pt": "R",
                                "Dp": "9.8",
                                "$": "1320"
                            },
                            {
                                "D": "SSW",
                                "G": "15",
                                "H": "88.6",
                                "P": "1016",
                                "S": "8",
                                "T": "11.4",
                                "V": "30000",
                                "W": "0",
                                "Pt": "R",
                                "Dp": "9.6",
                                "$": "1380"
                            }
                        ]
                    },
                    {
                        "type": "Day",
                        "value": "2024-05-28Z",
                        "Rep": [
                            {
                                "D": "SSW",
                                "G": "15",
                                "H": "90.4",
                                "P": "1016",
                                "S": "9",
                                "T": "11.1",
                                "V": "29000",
                                "W": "0",
                                "Pt": "R",
                                "Dp": "9.6",
                                "$": "0"
                            },
                            {
                                "D": "SSW",
                                "G": "13",
                                "H": "91.0",
                                "P": "1016",
                                "S": "6",
                                "T": "10.7",
                                "V": "30000",
                                "W": "2",
                                "Pt": "F",
                                "Dp": "9.3",
                                "$": "60"
                            },
                            {
                                "D": "SE",
                                "G": "8",
                                "H": "93.5",
                                "P": "1015",
                                "S": "5",
                                "T": "10.2",
                                "V": "27000",
                                "W": "2",
                                "Pt": "F",
                                "Dp": "9.2",
                                "$": "120"
                            },
                            {
                                "D": "SE",
                                "G": "9",
                                "H": "93.5",
                                "P": "1015",
                                "S": "6",
                                "T": "10.7",
                                "V": "30000",
                                "W": "8",
                                "Pt": "F",
                                "Dp": "9.7",
                                "$": "180"
                            },
                            {
                                "D": "SE",
                                "G": "9",
                                "H": "93.6",
                                "P": "1015",
                                "S": "6",
                                "T": "11.6",
                                "V": "18000",
                                "W": "11",
                                "Pt": "F",
                                "Dp": "10.6",
                                "$": "240"
                            },
                            {
                                "D": "SE",
                                "G": "13",
                                "H": "92.3",
                                "P": "1014",
                                "S": "9",
                                "T": "12.3",
                                "V": "27000",
                                "W": "8",
                                "Pt": "F",
                                "Dp": "11.1",
                                "$": "300"
                            },
                            {
                                "D": "SE",
                                "G": "14",
                                "H": "92.9",
                                "P": "1014",
                                "S": "8",
                                "T": "12.7",
                                "V": "30000",
                                "W": "8",
                                "Pt": "F",
                                "Dp": "11.6",
                                "$": "360"
                            },
                            {
                                "D": "SSE",
                                "G": "16",
                                "H": "88.3",
                                "P": "1013",
                                "S": "10",
                                "T": "13.7",
                                "V": "55000",
                                "W": "8",
                                "Pt": "F",
                                "Dp": "11.8",
                                "$": "420"
                            },
                            {
                                "D": "SSE",
                                "G": "17",
                                "H": "92.4",
                                "P": "1013",
                                "S": "10",
                                "T": "13.6",
                                "V": "8000",
                                "W": "12",
                                "Pt": "F",
                                "Dp": "12.4",
                                "$": "480"
                            },
                            {
                                "D": "SSE",
                                "G": "16",
                                "H": "94.9",
                                "P": "1012",
                                "S": "9",
                                "T": "14.4",
                                "V": "75000",
                                "W": "12",
                                "Pt": "F",
                                "Dp": "13.6",
                                "$": "540"
                            },
                            {
                                "D": "S",
                                "G": "16",
                                "H": "90.8",
                                "P": "1012",
                                "S": "10",
                                "T": "15.9",
                                "V": "40000",
                                "W": "11",
                                "Pt": "F",
                                "Dp": "14.4",
                                "$": "600"
                            },
                            {
                                "D": "SSW",
                                "G": "21",
                                "H": "93.8",
                                "P": "1012",
                                "S": "11",
                                "T": "16.2",
                                "V": "2000",
                                "W": "12",
                                "Pt": "F",
                                "Dp": "15.2",
                                "$": "660"
                            },
                            {
                                "D": "SSW",
                                "G": "23",
                                "H": "88.0",
                                "P": "1011",
                                "S": "15",
                                "T": "16.9",
                                "V": "29000",
                                "W": "8",
                                "Pt": "F",
                                "Dp": "14.9",
                                "$": "720"
                            },
                            {
                                "D": "SW",
                                "G": "30",
                                "H": "78.0",
                                "P": "1011",
                                "S": "18",
                                "T": "18.5",
                                "V": "40000",
                                "W": "8",
                                "Pt": "F",
                                "Dp": "14.6",
                                "$": "780"
                            },
                            {
                                "D": "SW",
                                "G": "28",
                                "H": "78.8",
                                "P": "1011",
                                "S": "15",
                                "T": "17.3",
                                "V": "30000",
                                "W": "8",
                                "Pt": "F",
                                "Dp": "13.6",
                                "$": "840"
                            },
                            {
                                "D": "SSW",
                                "G": "26",
                                "H": "83.4",
                                "P": "1011",
                                "S": "14",
                                "T": "16.3",
                                "V": "24000",
                                "W": "8",
                                "Pt": "F",
                                "Dp": "13.5",
                                "$": "900"
                            },
                            {
                                "D": "SSW",
                                "G": "23",
                                "H": "81.9",
                                "P": "1010",
                                "S": "16",
                                "T": "16.9",
                                "V": "29000",
                                "W": "8",
                                "Pt": "F",
                                "Dp": "13.8",
                                "$": "960"
                            }
                        ]
                    }
                ]
            }
        }
    }
}