{
    "SiteRep": {
        "Wx": {
            "Param": [
                {
                    "name": "G",
                    "units": "mph",
                    "$": "Wind Gust"
                },
                {
                    "name": "T",
                    "units": "C",
                    "$": "Temperature"
                },
                {
                    "name": "V",
                    "units": "m",
                    "$": "Visibility"
                },
                {
                    "name": "D",
                    "units": "compass",
                    "$": "Wind Direction"
                },
                {
                    "name": "S",
                    "units": "mph",
                    "$": "Wind Speed"
                },
                {
                    "name": "W",
                    "units": "",
                    "$": "Weather Type"
                },
                {
                    "name": "P",
                    "units": "hpa",
                    "$": "Pressure"
                },
                {
                    "name": "Pt",
                    "units": "Pa/s",
                    "$": "Pressure Tendency"
                },
                {
                    "name": "Dp",
                    "units": "C",
                    "$": "Dew Point"
                },
                {
                    "name": "H",
                    "units": "%",
                    "$": "Screen Relative Humidity"
                }
            ]
        },
        "DV": {
            "dataDate": "2023-11-13T16:00:00Z",
            "type": "Obs",
            "Location": {
                "i": "3772",
                "lat": "51.479",
                "lon": "-0.449",
                "name": "HEATHROW",
                "country": "ENGLAND",
                "continent": "EUROPE",
                "elevation": "25.0",
                "Period": [
                    {
                        "type": "Day",
                        "value": "2023-11-12Z",
                        "Rep": [
                            {
                                "D": "SE",
                                "G": "15",
                                "H": "89.7",
                                "P": "1003",
                                "S": "10",
                                "T": "9.4",
                                "V": "29000",
                                "W": "12",
                                "Pt": "F",
                                "Dp": "7.8",
                                "$": "960"
                            },
                            {
                                "D": "SE",
                                "G": "15",
                                "H": "91.4",
                                "P": "1003",
                                "S": "7",
                                "T": "8.8",
                                "V": "23000",
                                "W": "12",
                                "Pt": "F",
                                "Dp": "7.5",
                                "$": "1020"
                            },
                            {
                                "D": "SSE",
                                "G": "13",
                                "H": "95.4",
                                "P": "1003",
                                "S": "7",
                                "T": "8.7",
                                "V": "3400",
                                "W": "12",
                                "Pt": "R",
                                "Dp": "8.0",
                                "$": "1080"
                            },
                            {
                                "D": "SE",
                                "G": "11",
                                "H": "96.6",
                                "P": "1004",
                                "S": "8",
                                "T": "8.4",
                                "V": "6000",
                                "W": "8",
                                "Pt": "R",
                                "Dp": "7.9",
                                "$": "1140"
                            },
                            {
                                "D": "S",
                                "G": "11",
                                "H": "95.4",
                                "P": "1004",
                                "S": "3",
                                "T": "9.3",
                                "V": "13000",
                                "W": "5",
                                "Pt": "R",
                                "Dp": "8.6",
                                "$": "1200"
                            },
                            {
                                "D": "SSW",
                                "G": "10",
                                "H": "96.0",
                                "P": "1005",
                                "S": "6",
                                "T": "9.3",
                                "V": "3300",
                                "W": "5",
                                "Pt": "R",
                                "Dp": "8.7",
                                "$": "1260"
                            },
                            {
                                "D": "S",
                                "G": "11",
                                "H": "96.7",
                                "P": "1004",
                                "S": "5",
                                "T": "9.3",
                                "V": "3900",
                                "W": "5",
                                "Pt": "R",
                                "Dp": "8.8",
                                "$": "1320"
                            },
                            {
                                "D": "SSW",
                                "G": "9",
                                "H": "96.7",
                                "P": "1004",
                                "S": "6",
                                "T": "9.7",
                                "V": "8000",
                                "W": "5",
                                "Pt": "R",
                                "Dp": "9.2",
                                "$": "1380"
                            }
                        ]
                    },
                    {
                        "type": "Day",
                        "value": "2023-11-13Z",
                        "Rep": [
                            {
                                "D": "S",
                                "G": "13",
                                "H": "96.1",
                                "P": "1003",
                                "S": "9",
                                "T": "10.0",
                                "V": "11000",
                                "W": "8",
                                "Pt": "F",
                                "Dp": "9.4",
                                "$": "0"
                            },
                            {
                                "D": "SSW",
                                "G": "15",
                                "H": "95.4",
                                "P": "1003",
                                "S": "6",
                                "T": "10.1",
                                "V": "4000",
                                "W": "12",
                                "Pt": "F",
                                "Dp": "9.4",
                                "$": "60"
                            },
                            {
                                "D": "SSE",
                                "G": "11",
                                "H": "96.7",
                                "P": "1002",
                                "S": "7",
                                "T": "10.3",
                                "V": "4300",
                                "W": "12",
                                "Pt": "F",
                                "Dp": "9.8",
                                "$": "120"
                            },
                            {
                                "D": "ESE",
                                "G": "10",
                                "H": "96.7",
                                "P": "1001",
                                "S": "8",
                                "T": "10.0",
                                "V": "3500",
                                "W": "12",
                                "Pt": "F",
                                "Dp": "9.5",
                                "$": "180"
                            },
                            {
                                "D": "ESE",
                                "G": "14",
                                "H": "98.0",
                                "P": "999",
                                "S": "9",
                                "T": "9.9",
                                "V": "1600",
                                "W": "12",
                                "Pt": "F",
                                "Dp": "9.6",
                                "$": "240"
                            },
                            {
                                "D": "ESE",
                                "G": "18",
                                "H": "98.7",
                                "P": "997",
                                "S": "10",
                                "T": "10.3",
                                "V": "800",
                                "W": "15",
                                "Pt": "F",
                                "Dp": "10.1",
                                "$": "300"
                            },
                            {
                                "D": "SE",
                                "G": "19",
                                "H": "98.7",
                                "P": "996",
                                "S": "8",
                                "T": "11.3",
                                "V": "9000",
                                "W": "8",
                                "Pt": "F",
                                "Dp": "11.1",
                                "$": "360"
                            },
                            {
                                "D": "S",
                                "G": "17",
                                "H": "98.7",
                                "P": "994",
                                "S": "11",
                                "T": "14.0",
                                "V": "10000",
                                "W": "12",
                                "Pt": "F",
                                "Dp": "13.8",
                                "$": "420"
                            },
                            {
                                "D": "SSW",
                                "G": "25",
                                "H": "94.9",
                                "P": "993",
                                "S": "17",
                                "T": "14.6",
                                "V": "6000",
                                "W": "12",
                                "Pt": "F",
                                "Dp": "13.8",
                                "$": "480"
                            },
                            {
                                "D": "SW",
                                "G": "29",
                                "H": "90.2",
                                "P": "994",
                                "S": "19",
                                "T": "15.2",
                                "V": "45000",
                                "W": "8",
                                "Pt": "F",
                                "Dp": "13.6",
                                "$": "540"
                            },
                            {
                                "D": "SW",
                                "G": "39",
                                "H": "81.8",
                                "P": "994",
                                "S": "23",
                                "T": "15.6",
                                "V": "23000",
                                "W": "8",
                                "Pt": "F",
                                "Dp": "12.5",
                                "$": "600"
                            },
                            {
                                "D": "WSW",
                                "G": "48",
                                "H": "60.6",
                                "P": "995",
                                "S": "28",
                                "T": "15.6",
                                "V": "28000",
                                "W": "7",
                                "Pt": "R",
                                "Dp": "8.0",
                                "$": "660"
                            },
                            {
                                "D": "WSW",
                                "G": "52",
                                "H": "60.8",
                                "P": "996",
                                "S": "29",
                                "T": "14.7",
                                "V": "29000",
                                "W": "1",
                                "Pt": "R",
                                "Dp": "7.2",
                                "$": "720"
                            },
                            {
                                "D": "WSW",
                                "G": "48",
                                "H": "60.4",
                                "P": "996",
                                "S": "24",
                                "T": "15.0",
                                "V": "27000",
                                "W": "7",
                                "Pt": "R",
                                "Dp": "7.4",
                                "$": "780"
                            },
                            {
                                "D": "WSW",
                                "G": "44",
                                "H": "62.8",
                                "P": "997",
                                "S": "22",
                                "T": "14.4",
                                "V": "26000",
                                "W": "12",
                                "Pt": "R",
                                "Dp": "7.4",
                                "$": "840"
                            },
                            {
                                "D": "WSW",
                                "G": "39",
                                "H": "61.5",
                                "P": "998",
                                "S": "22",
                                "T": "14.2",
                                "V": "26000",
                                "W": "8",
                                "Pt": "R",
                                "Dp": "6.9",
                                "$": "900"
                            },
                            {
                                "D": "WSW",
                                "G": "33",
                                "H": "65.7",
                                "P": "998",
                                "S": "23",
                                "T": "13.5",
                                "V": "23000",
                                "W": "8",
                                "Pt": "R",
                                "Dp": "7.2",
                                "$": "960"
                            }
                        ]
                    }
                ]
            }
        }
    }
}