{
    "SiteRep": {
        "Wx": {
            "Param": [
                {
                    "name": "G",
                    "units": "mph",
                    "$": "Wind Gust"
                },
                {
                    "name": "T",
                    "units": "C",
                    "$": "Temperature"
                },
                {
                    "name": "V",
                    "units": "m",
                    "$": "Visibility"
                },
                {
                    "name": "D",
                    "units": "compass",
                    "$": "Wind Direction"
                },
                {
                    "name": "S",
                    "units": "mph",
                    "$": "Wind Speed"
                },
                {
                    "name": "W",
                    "units": "",
                    "$": "Weather Type"
                },
                {
                    "name": "P",
                    "units": "hpa",
                    "$": "Pressure"
                },
                {
                    "name": "Pt",
                    "units": "Pa/s",
                    "$": "Pressure Tendency"
                },
                {
                    "name": "Dp",
                    "units": "C",
                    "$": "Dew Point"
                },
                {
                    "name": "H",
                    "units": "%",
                    "$": "Screen Relative Humidity"
                }
            ]
        },
        "DV": {
            "dataDate": "2023-12-08T16:00:00Z",
            "type": "Obs",
            "Location": {
                "i": "3772",
                "lat": "51.479",
                "lon": "-0.449",
                "name": "HEATHROW",
                "country": "ENGLAND",
                "continent": "EUROPE",
                "elevation": "25.0",
                "Period": [
                    {
                        "type": "Day",
                        "value": "2023-12-07Z",
                        "Rep": [
                            {
                                "D": "SE",
                                "G": "26",
                                "H": "90.8",
                                "P": "1002",
                                "S": "16",
                                "T": "6.5",
                                "V": "10000",
                                "W": "12",
                                "Pt": "F",
                                "Dp": "5.1",
                                "$": "960"
                            },
                            {
                                "D": "SE",
                                "G": "25",
                                "H": "91.4",
                                "P": "1001",
                                "S": "16",
                                "T": "6.6",
                                "V": "29000",
                                "W": "12",
                                "Pt": "F",
                                "Dp": "5.3",
                                "$": "1020"
                            },
                            {
                                "D": "SE",
                                "G": "23",
                                "H": "94.7",
                                "P": "1001",
                                "S": "15",
                                "T": "6.9",
                                "V": "16000",
                                "W": "12",
                                "Pt": "F",
                                "Dp": "6.1",
                                "$": "1080"
                            },
                            {
                                "D": "SSE",
                                "G": "22",
                                "H": "93.4",
                                "P": "1001",
                                "S": "11",
                                "T": "7.3",
                                "V": "3200",
                                "W": "12",
                                "Pt": "F",
                                "Dp": "6.3",
                                "$": "1140"
                            },
                            {
                                "D": "SE",
                                "G": "19",
                                "H": "95.3",
                                "P": "1000",
                                "S": "14",
                                "T": "7.5",
                                "V": "4700",
                                "W": "11",
                                "Pt": "F",
                                "Dp": "6.8",
                                "$": "1200"
                            },
                            {
                                "D": "SSE",
                                "G": "18",
                                "H": "96.0",
                                "P": "1000",
                                "S": "11",
                                "T": "8.1",
                                "V": "15000",
                                "W": "8",
                                "Pt": "F",
                                "Dp": "7.5",
                                "$": "1260"
                            },
                            {
                                "D": "S",
                                "G": "16",
                                "H": "95.3",
                                "P": "999",
                                "S": "8",
                                "T": "8.5",
                                "V": "20000",
                                "W": "8",
                                "Pt": "F",
                                "Dp": "7.8",
                                "$": "1320"
                            },
                            {
                                "D": "S",
                                "G": "11",
                                "H": "96.0",
                                "P": "1000",
                                "S": "6",
                                "T": "8.7",
                                "V": "13000",
                                "W": "8",
                                "Pt": "R",
                                "Dp": "8.1",
                                "$": "1380"
                            }
                        ]
                    },
                    {
                        "type": "Day",
                        "value": "2023-12-08Z",
                        "Rep": [
                            {
                                "D": "SSW",
                                "G": "10",
                                "H": "96.0",
                                "P": "1001",
                                "S": "5",
                                "T": "8.1",
                                "V": "8000",
                                "W": "8",
                                "Pt": "R",
                                "Dp": "7.5",
                                "$": "0"
                            },
                            {
                                "D": "SW",
                                "G": "7",
                                "H": "96.7",
                                "P": "1001",
                                "S": "5",
                                "T": "7.3",
                                "V": "4600",
                                "W": "5",
                                "Pt": "R",
                                "Dp": "6.8",
                                "$": "60"
                            },
                            {
                                "D": "SW",
                                "G": "11",
                                "H": "97.9",
                                "P": "1002",
                                "S": "8",
                                "T": "7.9",
                                "V": "9000",
                                "W": "8",
                                "Pt": "R",
                                "Dp": "7.6",
                                "$": "120"
                            },
                            {
                                "D": "SW",
                                "G": "14",
                                "H": "97.3",
                                "P": "1002",
                                "S": "10",
                                "T": "7.7",
                                "V": "9000",
                                "W": "2",
                                "Pt": "R",
                                "Dp": "7.3",
                                "$": "180"
                            },
                            {
                                "D": "SW",
                                "G": "11",
                                "H": "97.2",
                                "P": "1002",
                                "S": "7",
                                "T": "6.6",
                                "V": "8000",
                                "W": "5",
                                "Pt": "R",
                                "Dp": "6.2",
                                "$": "240"
                            },
                            {
                                "D": "SSW",
                                "G": "8",
                                "H": "97.3",
                                "P": "1003",
                                "S": "5",
                                "T": "6.0",
                                "V": "7000",
                                "W": "5",
                                "Pt": "R",
                                "Dp": "5.6",
                                "$": "300"
                            },
                            {
                                "D": "SW",
                                "G": "10",
                                "H": "97.3",
                                "P": "1003",
                                "S": "3",
                                "T": "6.0",
                                "V": "7000",
                                "W": "5",
                                "Pt": "R",
                                "Dp": "5.6",
                                "$": "360"
                            },
                            {
                                "D": "SSW",
                                "G": "11",
                                "H": "95.9",
                                "P": "1003",
                                "S": "7",
                                "T": "7.1",
                                "V": "10000",
                                "W": "7",
                                "Pt": "R",
                                "Dp": "6.5",
                                "$": "420"
                            },
                            {
                                "D": "SSW",
                                "G": "14",
                                "H": "95.2",
                                "P": "1004",
                                "S": "9",
                                "T": "7.1",
                                "V": "11000",
                                "W": "0",
                                "Pt": "R",
                                "Dp": "6.4",
                                "$": "480"
                            },
                            {
                                "D": "SSW",
                                "G": "15",
                                "H": "94.1",
                                "P": "1004",
                                "S": "10",
                                "T": "7.6",
                                "V": "12000",
                                "W": "1",
                                "Pt": "R",
                                "Dp": "6.7",
                                "$": "540"
                            },
                            {
                                "D": "S",
                                "G": "15",
                                "H": "91.4",
                                "P": "1004",
                                "S": "7",
                                "T": "8.8",
                                "V": "12000",
                                "W": "1",
                                "Pt": "R",
                                "Dp": "7.5",
                                "$": "600"
                            },
                            {
                                "D": "SSW",
                                "G": "17",
                                "H": "88.0",
                                "P": "1004",
                                "S": "13",
                                "T": "10.2",
                                "V": "13000",
                                "W": "1",
                                "Pt": "R",
                                "Dp": "8.3",
                                "$": "660"
                            },
                            {
                                "D": "SSW",
                                "G": "16",
                                "H": "81.2",
                                "P": "1005",
                                "S": "10",
                                "T": "11.4",
                                "V": "15000",
                                "W": "1",
                                "Pt": "R",
                                "Dp": "8.3",
                                "$": "720"
                            },
                            {
                                "D": "SW",
                                "G": "21",
                                "H": "78.4",
                                "P": "1005",
                                "S": "13",
                                "T": "11.0",
                                "V": "17000",
                                "W": "1",
                                "Pt": "R",
                                "Dp": "7.4",
                                "$": "780"
                            },
                            {
                                "D": "SW",
                                "G": "18",
                                "H": "78.9",
                                "P": "1005",
                                "S": "11",
                                "T": "11.0",
                                "V": "17000",
                                "W": "1",
                                "Pt": "R",
                                "Dp": "7.5",
                                "$": "840"
                            },
                            {
                                "D": "SW",
                                "G": "18",
                                "H": "76.8",
                                "P": "1005",
                                "S": "14",
                                "T": "11.0",
                                "V": "17000",
                                "W": "8",
                                "Pt": "R",
                                "Dp": "7.1",
                                "$": "900"
                            },
                            {
                                "D": "SW",
                                "G": "23",
                                "H": "75.1",
                                "P": "1005",
                                "S": "13",
                                "T": "10.6",
                                "V": "16000",
                                "W": "8",
                                "Pt": "R",
                                "Dp": "6.4",
                                "$": "960"
                            }
                        ]
                    }
                ]
            }
        }
    }
}