{
    "SiteRep": {
        "Wx": {
            "Param": [
                {
                    "name": "G",
                    "units": "mph",
                    "$": "Wind Gust"
                },
                {
                    "name": "T",
                    "units": "C",
                    "$": "Temperature"
                },
                {
                    "name": "V",
                    "units": "m",
                    "$": "Visibility"
                },
                {
                    "name": "D",
                    "units": "compass",
                    "$": "Wind Direction"
                },
                {
                    "name": "S",
                    "units": "mph",
                    "$": "Wind Speed"
                },
                {
                    "name": "W",
                    "units": "",
                    "$": "Weather Type"
                },
                {
                    "name": "P",
                    "units": "hpa",
                    "$": "Pressure"
                },
                {
                    "name": "Pt",
                    "units": "Pa/s",
                    "$": "Pressure Tendency"
                },
                {
                    "name": "Dp",
                    "units": "C",
                    "$": "Dew Point"
                },
                {
                    "name": "H",
                    "units": "%",
                    "$": "Screen Relative Humidity"
                }
            ]
        },
        "DV": {
            "dataDate": "2023-12-18T16:00:00Z",
            "type": "Obs",
            "Location": {
                "i": "3772",
                "lat": "51.479",
                "lon": "-0.449",
                "name": "HEATHROW",
                "country": "ENGLAND",
                "continent": "EUROPE",
                "elevation": "25.0",
                "Period": [
                    {
                        "type": "Day",
                        "value": "2023-12-17Z",
                        "Rep": [
                            {
                                "D": "SW",
                                "G": "23",
                                "H": "73.7",
                                "P": "1032",
                                "S": "16",
                                "T": "10.6",
                                "V": "35000",
                                "W": "8",
                                "Pt": "F",
                                "Dp": "6.2",
                                "$": "960"
                            },
                            {
                                "D": "SW",
                                "G": "23",
                                "H": "76.4",
                                "P": "1032",
                                "S": "14",
                                "T": "10.4",
                                "V": "35000",
                                "W": "8",
                                "Pt": "F",
                                "Dp": "6.5",
                                "$": "1020"
                            },
                            {
                                "D": "SW",
                                "G": "18",
                                "H": "77.0",
                                "P": "1032",
                                "S": "13",
                                "T": "10.5",
                                "V": "35000",
                                "W": "8",
                                "Pt": "F",
                                "Dp": "6.7",
                                "$": "1080"
                            },
                            {
                                "D": "SW",
                                "G": "24",
                                "H": "74.3",
                                "P": "1032",
                                "S": "17",
                                "T": "10.6",
                                "V": "30000",
                                "W": "8",
                                "Pt": "F",
                                "Dp": "6.3",
                                "$": "1140"
                            },
                            {
                                "D": "SW",
                                "G": "28",
                                "H": "75.8",
                                "P": "1032",
                                "S": "17",
                                "T": "10.6",
                                "V": "30000",
                                "W": "8",
                                "Pt": "R",
                                "Dp": "6.6",
                                "$": "1200"
                            },
                            {
                                "D": "SW",
                                "G": "24",
                                "H": "76.4",
                                "P": "1032",
                                "S": "14",
                                "T": "10.5",
                                "V": "30000",
                                "W": "8",
                                "Pt": "F",
                                "Dp": "6.6",
                                "$": "1260"
                            },
                            {
                                "D": "SW",
                                "G": "25",
                                "H": "77.0",
                                "P": "1032",
                                "S": "15",
                                "T": "10.5",
                                "V": "30000",
                                "W": "8",
                                "Pt": "S",
                                "Dp": "6.7",
                                "$": "1320"
                            },
                            {
                                "D": "WSW",
                                "G": "22",
                                "H": "78.6",
                                "P": "1032",
                                "S": "15",
                                "T": "10.2",
                                "V": "30000",
                                "W": "8",
                                "Pt": "S",
                                "Dp": "6.7",
                                "$": "1380"
                            }
                        ]
                    },
                    {
                        "type": "Day",
                        "value": "2023-12-18Z",
                        "Rep": [
                            {
                                "D": "SW",
                                "G": "21",
                                "H": "79.5",
                                "P": "1032",
                                "S": "13",
                                "T": "10.1",
                                "V": "30000",
                                "W": "8",
                                "Pt": "F",
                                "Dp": "6.8",
                                "$": "0"
                            },
                            {
                                "D": "SW",
                                "G": "22",
                                "H": "81.2",
                                "P": "1031",
                                "S": "11",
                                "T": "9.7",
                                "V": "30000",
                                "W": "8",
                                "Pt": "F",
                                "Dp": "6.7",
                                "$": "60"
                            },
                            {
                                "D": "SW",
                                "G": "18",
                                "H": "81.9",
                                "P": "1031",
                                "S": "14",
                                "T": "9.6",
                                "V": "30000",
                                "W": "8",
                                "Pt": "F",
                                "Dp": "6.7",
                                "$": "120"
                            },
                            {
                                "D": "SW",
                                "G": "22",
                                "H": "81.8",
                                "P": "1031",
                                "S": "14",
                                "T": "9.8",
                                "V": "30000",
                                "W": "8",
                                "Pt": "F",
                                "Dp": "6.9",
                                "$": "180"
                            },
                            {
                                "D": "SW",
                                "G": "22",
                                "H": "81.4",
                                "P": "1030",
                                "S": "14",
                                "T": "10.0",
                                "V": "30000",
                                "W": "8",
                                "Pt": "F",
                                "Dp": "7.0",
                                "$": "240"
                            },
                            {
                                "D": "SW",
                                "G": "21",
                                "H": "80.8",
                                "P": "1030",
                                "S": "11",
                                "T": "10.0",
                                "V": "30000",
                                "W": "8",
                                "Pt": "F",
                                "Dp": "6.9",
                                "$": "300"
                            },
                            {
                                "D": "SW",
                                "G": "18",
                                "H": "80.8",
                                "P": "1030",
                                "S": "11",
                                "T": "10.0",
                                "V": "30000",
                                "W": "8",
                                "Pt": "F",
                                "Dp": "6.9",
                                "$": "360"
                            },
                            {
                                "D": "SW",
                                "G": "21",
                                "H": "79.6",
                                "P": "1030",
                                "S": "13",
                                "T": "9.8",
                                "V": "30000",
                                "W": "7",
                                "Pt": "F",
                                "Dp": "6.5",
                                "$": "420"
                            },
                            {
                                "D": "SSW",
                                "G": "22",
                                "H": "78.1",
                                "P": "1030",
                                "S": "16",
                                "T": "10.3",
                                "V": "30000",
                                "W": "8",
                                "Pt": "F",
                                "Dp": "6.7",
                                "$": "480"
                            },
                            {
                                "D": "SSW",
                                "G": "23",
                                "H": "78.1",
                                "P": "1030",
                                "S": "16",
                                "T": "10.7",
                                "V": "30000",
                                "W": "8",
                                "Pt": "F",
                                "Dp": "7.1",
                                "$": "540"
                            },
                            {
                                "D": "SW",
                                "G": "23",
                                "H": "77.1",
                                "P": "1029",
                                "S": "15",
                                "T": "10.9",
                                "V": "30000",
                                "W": "8",
                                "Pt": "F",
                                "Dp": "7.1",
                                "$": "600"
                            },
                            {
                                "D": "SSW",
                                "G": "24",
                                "H": "74.5",
                                "P": "1029",
                                "S": "15",
                                "T": "11.3",
                                "V": "30000",
                                "W": "8",
                                "Pt": "F",
                                "Dp": "7.0",
                                "$": "660"
                            },
                            {
                                "D": "SSW",
                                "G": "22",
                                "H": "76.1",
                                "P": "1028",
                                "S": "13",
                                "T": "11.5",
                                "V": "30000",
                                "W": "8",
                                "Pt": "F",
                                "Dp": "7.5",
                                "$": "720"
                            },
                            {
                                "D": "SSW",
                                "G": "22",
                                "H": "75.6",
                                "P": "1028",
                                "S": "13",
                                "T": "11.9",
                                "V": "30000",
                                "W": "8",
                                "Pt": "F",
                                "Dp": "7.8",
                                "$": "780"
                            },
                            {
                                "D": "SSW",
                                "G": "19",
                                "H": "77.8",
                                "P": "1027",
                                "S": "13",
                                "T": "12.0",
                                "V": "27000",
                                "W": "8",
                                "Pt": "F",
                                "Dp": "8.3",
                                "$": "840"
                            },
                            {
                                "D": "SSW",
                                "G": "19",
                                "H": "79.4",
                                "P": "1026",
                                "S": "11",
                                "T": "12.1",
                                "V": "25000",
                                "W": "8",
                                "Pt": "F",
                                "Dp": "8.7",
                                "$": "900"
                            },
                            {
                                "D": "SSW",
                                "G": "21",
                                "H": "81.6",
                                "P": "1026",
                                "S": "13",
                                "T": "12.0",
                                "V": "23000",
                                "W": "8",
                                "Pt": "F",
                                "Dp": "9.0",
                                "$": "960"
                            }
                        ]
                    }
                ]
            }
        }
    }
}