{
    "SiteRep": {
        "Wx": {
            "Param": [
                {
                    "name": "G",
                    "units": "mph",
                    "$": "Wind Gust"
                },
                {
                    "name": "T",
                    "units": "C",
                    "$": "Temperature"
                },
                {
                    "name": "V",
                    "units": "m",
                    "$": "Visibility"
                },
                {
                    "name": "D",
                    "units": "compass",
                    "$": "Wind Direction"
                },
                {
                    "name": "S",
                    "units": "mph",
                    "$": "Wind Speed"
                },
                {
                    "name": "W",
                    "units": "",
                    "$": "Weather Type"
                },
                {
                    "name": "P",
                    "units": "hpa",
                    "$": "Pressure"
                },
                {
                    "name": "Pt",
                    "units": "Pa/s",
                    "$": "Pressure Tendency"
                },
                {
                    "name": "Dp",
                    "units": "C",
                    "$": "Dew Point"
                },
                {
                    "name": "H",
                    "units": "%",
                    "$": "Screen Relative Humidity"
                }
            ]
        },
        "DV": {
            "dataDate": "2024-02-17T16:00:00Z",
            "type": "Obs",
            "Location": {
                "i": "3772",
                "lat": "51.479",
                "lon": "-0.449",
                "name": "HEATHROW",
                "country": "ENGLAND",
                "continent": "EUROPE",
                "elevation": "25.0",
                "Period": [
                    {
                        "type": "Day",
                        "value": "2024-02-16Z",
                        "Rep": [
                            {
                                "D": "WSW",
                                "G": "21",
                                "H": "68.2",
                                "P": "1019",
                                "S": "16",
                                "T": "11.8",
                                "V": "45000",
                                "W": "8",
                                "Pt": "R",
                                "Dp": "6.2",
                                "$": "960"
                            },
                            {
                                "D": "WSW",
                                "G": "24",
                                "H": "70.1",
                                "P": "1020",
                                "S": "15",
                                "T": "11.3",
                                "V": "50000",
                                "W": "8",
                                "Pt": "R",
                                "Dp": "6.1",
                                "$": "1020"
                            },
                            {
                                "D": "WSW",
                                "G": "18",
                                "H": "71.5",
                                "P": "1021",
                                "S": "10",
                                "T": "11.1",
                                "V": "40000",
                                "W": "8",
                                "Pt": "R",
                                "Dp": "6.2",
                                "$": "1080"
                            },
                            {
                                "D": "WSW",
                                "G": "17",
                                "H": "72.4",
                                "P": "1022",
                                "S": "10",
                                "T": "11.0",
                                "V": "35000",
                                "W": "8",
                                "Pt": "R",
                                "Dp": "6.3",
                                "$": "1140"
                            },
                            {
                                "D": "W",
                                "G": "18",
                                "H": "73.9",
                                "P": "1023",
                                "S": "9",
                                "T": "10.8",
                                "V": "30000",
                                "W": "8",
                                "Pt": "R",
                                "Dp": "6.4",
                                "$": "1200"
                            },
                            {
                                "D": "WSW",
                                "G": "17",
                                "H": "74.5",
                                "P": "1023",
                                "S": "10",
                                "T": "10.8",
                                "V": "26000",
                                "W": "8",
                                "Pt": "R",
                                "Dp": "6.5",
                                "$": "1260"
                            },
                            {
                                "D": "W",
                                "G": "17",
                                "H": "75.0",
                                "P": "1024",
                                "S": "9",
                                "T": "10.9",
                                "V": "29000",
                                "W": "8",
                                "Pt": "R",
                                "Dp": "6.7",
                                "$": "1320"
                            },
                            {
                                "D": "SW",
                                "G": "10",
                                "H": "77.6",
                                "P": "1025",
                                "S": "6",
                                "T": "10.8",
                                "V": "26000",
                                "W": "8",
                                "Pt": "R",
                                "Dp": "7.1",
                                "$": "1380"
                            }
                        ]
                    },
                    {
                        "type": "Day",
                        "value": "2024-02-17Z",
                        "Rep": [
                            {
                                "D": "W",
                                "G": "10",
                                "H": "83.1",
                                "P": "1025",
                                "S": "6",
                                "T": "10.4",
                                "V": "24000",
                                "W": "8",
                                "Pt": "R",
                                "Dp": "7.7",
                                "$": "0"
                            },
                            {
                                "D": "SW",
                                "G": "8",
                                "H": "81.3",
                                "P": "1026",
                                "S": "6",
                                "T": "10.1",
                                "V": "24000",
                                "W": "8",
                                "Pt": "R",
                                "Dp": "7.1",
                                "$": "60"
                            },
                            {
                                "D": "SSW",
                                "G": "8",
                                "H": "80.2",
                                "P": "1026",
                                "S": "3",
                                "T": "10.1",
                                "V": "30000",
                                "W": "8",
                                "Pt": "R",
                                "Dp": "6.9",
                                "$": "120"
                            },
                            {
                                "D": "S",
                                "G": "7",
                                "H": "82.4",
                                "P": "1026",
                                "S": "2",
                                "T": "9.6",
                                "V": "30000",
                                "W": "8",
                                "Pt": "R",
                                "Dp": "6.8",
                                "$": "180"
                            },
                            {
                                "D": "S",
                                "G": "7",
                                "H": "82.4",
                                "P": "1027",
                                "S": "5",
                                "T": "9.6",
                                "V": "30000",
                                "W": "8",
                                "Pt": "R",
                                "Dp": "6.8",
                                "$": "240"
                            },
                            {
                                "D": "SSW",
                                "G": "11",
                                "H": "86.5",
                                "P": "1027",
                                "S": "8",
                                "T": "9.1",
                                "V": "8000",
                                "W": "8",
                                "Pt": "R",
                                "Dp": "7.0",
                                "$": "300"
                            },
                            {
                                "D": "SSE",
                                "G": "9",
                                "H": "94.0",
                                "P": "1028",
                                "S": "7",
                                "T": "8.6",
                                "V": "17000",
                                "W": "8",
                                "Pt": "R",
                                "Dp": "7.7",
                                "$": "360"
                            },
                            {
                                "D": "SSE",
                                "G": "10",
                                "H": "94.6",
                                "P": "1028",
                                "S": "6",
                                "T": "9.1",
                                "V": "1600",
                                "W": "11",
                                "Pt": "R",
                                "Dp": "8.3",
                                "$": "420"
                            },
                            {
                                "D": "S",
                                "G": "10",
                                "H": "96.0",
                                "P": "1028",
                                "S": "5",
                                "T": "9.4",
                                "V": "7000",
                                "W": "11",
                                "Pt": "R",
                                "Dp": "8.8",
                                "$": "480"
                            },
                            {
                                "D": "S",
                                "G": "11",
                                "H": "97.3",
                                "P": "1029",
                                "S": "7",
                                "T": "10.2",
                                "V": "1500",
                                "W": "11",
                                "Pt": "R",
                                "Dp": "9.8",
                                "$": "540"
                            },
                            {
                                "D": "SSE",
                                "G": "13",
                                "H": "96.7",
                                "P": "1029",
                                "S": "9",
                                "T": "10.9",
                                "V": "16000",
                                "W": "8",
                                "Pt": "R",
                                "Dp": "10.4",
                                "$": "600"
                            },
                            {
                                "D": "S",
                                "G": "13",
                                "H": "94.1",
                                "P": "1030",
                                "S": "9",
                                "T": "11.9",
                                "V": "18000",
                                "W": "8",
                                "Pt": "R",
                                "Dp": "11.0",
                                "$": "660"
                            },
                            {
                                "D": "SSW",
                                "G": "14",
                                "H": "89.3",
                                "P": "1030",
                                "S": "9",
                                "T": "13.1",
                                "V": "75000",
                                "W": "8",
                                "Pt": "R",
                                "Dp": "11.4",
                                "$": "720"
                            },
                            {
                                "D": "SSW",
                                "G": "19",
                                "H": "84.0",
                                "P": "1030",
                                "S": "14",
                                "T": "12.8",
                                "V": "60000",
                                "W": "8",
                                "Pt": "R",
                                "Dp": "10.2",
                                "$": "780"
                            },
                            {
                                "D": "SSW",
                                "G": "19",
                                "H": "79.6",
                                "P": "1029",
                                "S": "11",
                                "T": "13.1",
                                "V": "60000",
                                "W": "8",
                                "Pt": "F",
                                "Dp": "9.7",
                                "$": "840"
                            },
                            {
                                "D": "SSW",
                                "G": "24",
                                "H": "80.6",
                                "P": "1029",
                                "S": "15",
                                "T": "12.9",
                                "V": "55000",
                                "W": "8",
                                "Pt": "F",
                                "Dp": "9.7",
                                "$": "900"
                            },
                            {
                                "D": "SSW",
                                "G": "23",
                                "H": "82.2",
                                "P": "1029",
                                "S": "11",
                                "T": "12.6",
                                "V": "60000",
                                "W": "8",
                                "Pt": "F",
                                "Dp": "9.7",
                                "$": "960"
                            }
                        ]
                    }
                ]
            }
        }
    }
}