{
    "SiteRep": {
        "Wx": {
            "Param": [
                {
                    "name": "G",
                    "units": "mph",
                    "$": "Wind Gust"
                },
                {
                    "name": "T",
                    "units": "C",
                    "$": "Temperature"
                },
                {
                    "name": "V",
                    "units": "m",
                    "$": "Visibility"
                },
                {
                    "name": "D",
                    "units": "compass",
                    "$": "Wind Direction"
                },
                {
                    "name": "S",
                    "units": "mph",
                    "$": "Wind Speed"
                },
                {
                    "name": "W",
                    "units": "",
                    "$": "Weather Type"
                },
                {
                    "name": "P",
                    "units": "hpa",
                    "$": "Pressure"
                },
                {
                    "name": "Pt",
                    "units": "Pa/s",
                    "$": "Pressure Tendency"
                },
                {
                    "name": "Dp",
                    "units": "C",
                    "$": "Dew Point"
                },
                {
                    "name": "H",
                    "units": "%",
                    "$": "Screen Relative Humidity"
                }
            ]
        },
        "DV": {
            "dataDate": "2024-01-15T16:00:00Z",
            "type": "Obs",
            "Location": {
                "i": "3772",
                "lat": "51.479",
                "lon": "-0.449",
                "name": "HEATHROW",
                "country": "ENGLAND",
                "continent": "EUROPE",
                "elevation": "25.0",
                "Period": [
                    {
                        "type": "Day",
                        "value": "2024-01-14Z",
                        "Rep": [
                            {
                                "D": "WNW",
                                "G": "13",
                                "H": "71.1",
                                "P": "1010",
                                "S": "7",
                                "T": "6.3",
                                "V": "40000",
                                "W": "8",
                                "Pt": "F",
                                "Dp": "1.5",
                                "$": "960"
                            },
                            {
                                "D": "W",
                                "G": "15",
                                "H": "80.2",
                                "P": "1010",
                                "S": "9",
                                "T": "5.3",
                                "V": "50000",
                                "W": "12",
                                "Pt": "F",
                                "Dp": "2.2",
                                "$": "1020"
                            },
                            {
                                "D": "WNW",
                                "G": "13",
                                "H": "83.7",
                                "P": "1010",
                                "S": "6",
                                "T": "5.2",
                                "V": "30000",
                                "W": "11",
                                "Pt": "F",
                                "Dp": "2.7",
                                "$": "1080"
                            },
                            {
                                "D": "W",
                                "G": "13",
                                "H": "81.9",
                                "P": "1010",
                                "S": "6",
                                "T": "5.2",
                                "V": "45000",
                                "W": "8",
                                "Pt": "F",
                                "Dp": "2.4",
                                "$": "1140"
                            },
                            {
                                "D": "WNW",
                                "G": "15",
                                "H": "76.8",
                                "P": "1010",
                                "S": "8",
                                "T": "4.6",
                                "V": "50000",
                                "W": "8",
                                "Pt": "F",
                                "Dp": "0.9",
                                "$": "1200"
                            },
                            {
                                "D": "WNW",
                                "G": "18",
                                "H": "75.6",
                                "P": "1010",
                                "S": "10",
                                "T": "4.4",
                                "V": "45000",
                                "W": "8",
                                "Pt": "F",
                                "Dp": "0.5",
                                "$": "1260"
                            },
                            {
                                "D": "NW",
                                "G": "17",
                                "H": "75.5",
                                "P": "1010",
                                "S": "8",
                                "T": "3.6",
                                "V": "50000",
                                "W": "8",
                                "Pt": "S",
                                "Dp": "-0.3",
                                "$": "1320"
                            },
                            {
                                "D": "NW",
                                "G": "14",
                                "H": "75.3",
                                "P": "1010",
                                "S": "7",
                                "T": "2.6",
                                "V": "50000",
                                "W": "2",
                                "Pt": "S",
                                "Dp": "-1.3",
                                "$": "1380"
                            }
                        ]
                    },
                    {
                        "type": "Day",
                        "value": "2024-01-15Z",
                        "Rep": [
                            {
                                "D": "WNW",
                                "G": "11",
                                "H": "79.1",
                                "P": "1010",
                                "S": "7",
                                "T": "1.4",
                                "V": "45000",
                                "W": "0",
                                "Pt": "R",
                                "Dp": "-1.8",
                                "$": "0"
                            },
                            {
                                "D": "W",
                                "G": "9",
                                "H": "79.8",
                                "P": "1010",
                                "S": "3",
                                "T": "0.7",
                                "V": "50000",
                                "W": "0",
                                "Pt": "F",
                                "Dp": "-2.1",
                                "$": "60"
                            },
                            {
                                "D": "W",
                                "G": "8",
                                "H": "81.8",
                                "P": "1009",
                                "S": "6",
                                "T": "0.7",
                                "V": "45000",
                                "W": "0",
                                "Pt": "F",
                                "Dp": "-1.8",
                                "$": "120"
                            },
                            {
                                "D": "WNW",
                                "G": "9",
                                "H": "78.2",
                                "P": "1010",
                                "S": "5",
                                "T": "0.4",
                                "V": "50000",
                                "W": "0",
                                "Pt": "F",
                                "Dp": "-2.6",
                                "$": "180"
                            },
                            {
                                "D": "W",
                                "G": "7",
                                "H": "84.0",
                                "P": "1009",
                                "S": "3",
                                "T": "-0.8",
                                "V": "45000",
                                "W": "0",
                                "Pt": "F",
                                "Dp": "-2.8",
                                "$": "240"
                            },
                            {
                                "D": "WNW",
                                "G": "7",
                                "H": "87.6",
                                "P": "1009",
                                "S": "2",
                                "T": "-1.7",
                                "V": "30000",
                                "W": "0",
                                "Pt": "F",
                                "Dp": "-3.1",
                                "$": "300"
                            },
                            {
                                "D": "W",
                                "G": "9",
                                "H": "85.8",
                                "P": "1009",
                                "S": "6",
                                "T": "-0.3",
                                "V": "50000",
                                "W": "0",
                                "Pt": "F",
                                "Dp": "-2.1",
                                "$": "360"
                            },
                            {
                                "D": "WNW",
                                "G": "14",
                                "H": "81.7",
                                "P": "1010",
                                "S": "9",
                                "T": "0.0",
                                "V": "35000",
                                "W": "0",
                                "Pt": "R",
                                "Dp": "-2.4",
                                "$": "420"
                            },
                            {
                                "D": "WNW",
                                "G": "11",
                                "H": "78.8",
                                "P": "1010",
                                "S": "6",
                                "T": "-0.3",
                                "V": "45000",
                                "W": "1",
                                "Pt": "R",
                                "Dp": "-3.1",
                                "$": "480"
                            },
                            {
                                "D": "W",
                                "G": "10",
                                "H": "77.2",
                                "P": "1010",
                                "S": "7",
                                "T": "0.1",
                                "V": "55000",
                                "W": "1",
                                "Pt": "R",
                                "Dp": "-3.0",
                                "$": "540"
                            },
                            {
                                "D": "WNW",
                                "G": "16",
                                "H": "73.7",
                                "P": "1011",
                                "S": "9",
                                "T": "1.2",
                                "V": "45000",
                                "W": "1",
                                "Pt": "R",
                                "Dp": "-2.6",
                                "$": "600"
                            },
                            {
                                "D": "NW",
                                "G": "18",
                                "H": "64.1",
                                "P": "1011",
                                "S": "10",
                                "T": "2.1",
                                "V": "45000",
                                "W": "1",
                                "Pt": "R",
                                "Dp": "-3.9",
                                "$": "660"
                            },
                            {
                                "D": "NW",
                                "G": "21",
                                "H": "60.1",
                                "P": "1011",
                                "S": "10",
                                "T": "2.7",
                                "V": "50000",
                                "W": "1",
                                "Pt": "R",
                                "Dp": "-4.2",
                                "$": "720"
                            },
                            {
                                "D": "WNW",
                                "G": "22",
                                "H": "55.2",
                                "P": "1012",
                                "S": "10",
                                "T": "2.9",
                                "V": "45000",
                                "W": "1",
                                "Pt": "R",
                                "Dp": "-5.1",
                                "$": "780"
                            },
                            {
                                "D": "WNW",
                                "G": "19",
                                "H": "52.4",
                                "P": "1011",
                                "S": "10",
                                "T": "3.1",
                                "V": "40000",
                                "W": "1",
                                "Pt": "R",
                                "Dp": "-5.6",
                                "$": "840"
                            },
                            {
                                "D": "NW",
                                "G": "21",
                                "H": "47.1",
                                "P": "1011",
                                "S": "8",
                                "T": "2.6",
                                "V": "50000",
                                "W": "1",
                                "Pt": "S",
                                "Dp": "-6.6",
                                "$": "900"
                            },
                            {
                                "D": "WNW",
                                "G": "15",
                                "H": "51.1",
                                "P": "1012",
                                "S": "6",
                                "T": "1.5",
                                "V": "40000",
                                "W": "1",
                                "Pt": "R",
                                "Dp": "-6.6",
                                "$": "960"
                            }
                        ]
                    }
                ]
            }
        }
    }
}