{
    "SiteRep": {
        "Wx": {
            "Param": [
                {
                    "name": "G",
                    "units": "mph",
                    "$": "Wind Gust"
                },
                {
                    "name": "T",
                    "units": "C",
                    "$": "Temperature"
                },
                {
                    "name": "V",
                    "units": "m",
                    "$": "Visibility"
                },
                {
                    "name": "D",
                    "units": "compass",
                    "$": "Wind Direction"
                },
                {
                    "name": "S",
                    "units": "mph",
                    "$": "Wind Speed"
                },
                {
                    "name": "W",
                    "units": "",
                    "$": "Weather Type"
                },
                {
                    "name": "P",
                    "units": "hpa",
                    "$": "Pressure"
                },
                {
                    "name": "Pt",
                    "units": "Pa/s",
                    "$": "Pressure Tendency"
                },
                {
                    "name": "Dp",
                    "units": "C",
                    "$": "Dew Point"
                },
                {
                    "name": "H",
                    "units": "%",
                    "$": "Screen Relative Humidity"
                }
            ]
        },
        "DV": {
            "dataDate": "2023-10-08T16:00:00Z",
            "type": "Obs",
            "Location": {
                "i": "3772",
                "lat": "51.479",
                "lon": "-0.449",
                "name": "HEATHROW",
                "country": "ENGLAND",
                "continent": "EUROPE",
                "elevation": "25.0",
                "Period": [
                    {
                        "type": "Day",
                        "value": "2023-10-07Z",
                        "Rep": [
                            {
                                "D": "WSW",
                                "G": "19",
                                "H": "54.4",
                                "P": "1022",
                                "S": "11",
                                "T": "23.0",
                                "V": "30000",
                                "W": "8",
                                "Pt": "R",
                                "Dp": "13.4",
                                "$": "960"
                            },
                            {
                                "D": "SW",
                                "G": "16",
                                "H": "54.1",
                                "P": "1023",
                                "S": "10",
                                "T": "21.9",
                                "V": "30000",
                                "W": "1",
                                "Pt": "R",
                                "Dp": "12.3",
                                "$": "1020"
                            },
                            {
                                "D": "SSW",
                                "G": "15",
                                "H": "61.5",
                                "P": "1023",
                                "S": "8",
                                "T": "20.8",
                                "V": "30000",
                                "W": "0",
                                "Pt": "R",
                                "Dp": "13.2",
                                "$": "1080"
                            },
                            {
                                "D": "SW",
                                "G": "16",
                                "H": "77.0",
                                "P": "1023",
                                "S": "11",
                                "T": "19.5",
                                "V": "29000",
                                "W": "0",
                                "Pt": "R",
                                "Dp": "15.4",
                                "$": "1140"
                            },
                            {
                                "D": "SSW",
                                "G": "16",
                                "H": "81.4",
                                "P": "1023",
                                "S": "8",
                                "T": "18.4",
                                "V": "28000",
                                "W": "0",
                                "Pt": "R",
                                "Dp": "15.2",
                                "$": "1200"
                            },
                            {
                                "D": "SSW",
                                "G": "11",
                                "H": "83.5",
                                "P": "1024",
                                "S": "3",
                                "T": "17.6",
                                "V": "28000",
                                "W": "0",
                                "Pt": "R",
                                "Dp": "14.8",
                                "$": "1260"
                            },
                            {
                                "D": "SW",
                                "G": "9",
                                "H": "84.0",
                                "P": "1024",
                                "S": "6",
                                "T": "17.1",
                                "V": "27000",
                                "W": "0",
                                "Pt": "R",
                                "Dp": "14.4",
                                "$": "1320"
                            },
                            {
                                "D": "SSW",
                                "G": "9",
                                "H": "87.7",
                                "P": "1024",
                                "S": "5",
                                "T": "16.0",
                                "V": "25000",
                                "W": "8",
                                "Pt": "R",
                                "Dp": "14.0",
                                "$": "1380"
                            }
                        ]
                    },
                    {
                        "type": "Day",
                        "value": "2023-10-08Z",
                        "Rep": [
                            {
                                "D": "SSW",
                                "G": "11",
                                "H": "89.0",
                                "P": "1024",
                                "S": "8",
                                "T": "15.7",
                                "V": "26000",
                                "W": "0",
                                "Pt": "S",
                                "Dp": "13.9",
                                "$": "0"
                            },
                            {
                                "D": "SSW",
                                "G": "11",
                                "H": "88.9",
                                "P": "1024",
                                "S": "9",
                                "T": "15.2",
                                "V": "24000",
                                "W": "0",
                                "Pt": "R",
                                "Dp": "13.4",
                                "$": "60"
                            },
                            {
                                "D": "SW",
                                "G": "11",
                                "H": "88.3",
                                "P": "1024",
                                "S": "7",
                                "T": "14.8",
                                "V": "26000",
                                "W": "8",
                                "Pt": "F",
                                "Dp": "12.9",
                                "$": "120"
                            },
                            {
                                "D": "NNW",
                                "G": "8",
                                "H": "89.4",
                                "P": "1024",
                                "S": "2",
                                "T": "14.4",
                                "V": "23000",
                                "W": "8",
                                "Pt": "F",
                                "Dp": "12.7",
                                "$": "180"
                            },
                            {
                                "D": "W",
                                "G": "5",
                                "H": "92.4",
                                "P": "1024",
                                "S": "3",
                                "T": "14.0",
                                "V": "23000",
                                "W": "7",
                                "Pt": "F",
                                "Dp": "12.8",
                                "$": "240"
                            },
                            {
                                "D": "N",
                                "G": "5",
                                "H": "94.1",
                                "P": "1024",
                                "S": "0",
                                "T": "12.8",
                                "V": "8000",
                                "W": "0",
                                "Pt": "S",
                                "Dp": "11.9",
                                "$": "300"
                            },
                            {
                                "D": "SSW",
                                "G": "7",
                                "H": "96.1",
                                "P": "1024",
                                "S": "5",
                                "T": "13.4",
                                "V": "24000",
                                "W": "0",
                                "Pt": "R",
                                "Dp": "12.8",
                                "$": "360"
                            },
                            {
                                "D": "SSW",
                                "G": "9",
                                "H": "89.4",
                                "P": "1024",
                                "S": "3",
                                "T": "14.3",
                                "V": "28000",
                                "W": "3",
                                "Pt": "S",
                                "Dp": "12.6",
                                "$": "420"
                            },
                            {
                                "D": "WSW",
                                "G": "7",
                                "H": "85.5",
                                "P": "1024",
                                "S": "2",
                                "T": "15.5",
                                "V": "30000",
                                "W": "3",
                                "Pt": "R",
                                "Dp": "13.1",
                                "$": "480"
                            },
                            {
                                "D": "WNW",
                                "G": "6",
                                "H": "77.7",
                                "P": "1024",
                                "S": "2",
                                "T": "17.3",
                                "V": "30000",
                                "W": "1",
                                "Pt": "R",
                                "Dp": "13.4",
                                "$": "540"
                            },
                            {
                                "D": "W",
                                "G": "7",
                                "H": "64.4",
                                "P": "1025",
                                "S": "3",
                                "T": "19.4",
                                "V": "30000",
                                "W": "1",
                                "Pt": "R",
                                "Dp": "12.6",
                                "$": "600"
                            },
                            {
                                "D": "WSW",
                                "G": "7",
                                "H": "59.8",
                                "P": "1025",
                                "S": "3",
                                "T": "22.1",
                                "V": "35000",
                                "W": "3",
                                "Pt": "R",
                                "Dp": "14.0",
                                "$": "660"
                            },
                            {
                                "D": "W",
                                "G": "11",
                                "H": "55.3",
                                "P": "1025",
                                "S": "8",
                                "T": "22.6",
                                "V": "40000",
                                "W": "8",
                                "Pt": "R",
                                "Dp": "13.3",
                                "$": "720"
                            },
                            {
                                "D": "W",
                                "G": "14",
                                "H": "48.4",
                                "P": "1024",
                                "S": "7",
                                "T": "23.8",
                                "V": "45000",
                                "W": "1",
                                "Pt": "F",
                                "Dp": "12.4",
                                "$": "780"
                            },
                            {
                                "D": "SW",
                                "G": "15",
                                "H": "45.3",
                                "P": "1023",
                                "S": "8",
                                "T": "25.0",
                                "V": "40000",
                                "W": "1",
                                "Pt": "F",
                                "Dp": "12.5",
                                "$": "840"
                            },
                            {
                                "D": "WSW",
                                "G": "16",
                                "H": "41.6",
                                "P": "1023",
                                "S": "10",
                                "T": "25.1",
                                "V": "40000",
                                "W": "1",
                                "Pt": "F",
                                "Dp": "11.3",
                                "$": "900"
                            },
                            {
                                "D": "SW",
                                "G": "15",
                                "H": "45.8",
                                "P": "1023",
                                "S": "11",
                                "T": "23.6",
                                "V": "40000",
                                "W": "1",
                                "Pt": "F",
                                "Dp": "11.4",
                                "$": "960"
                            }
                        ]
                    }
                ]
            }
        }
    }
}