{
    "SiteRep": {
        "Wx": {
            "Param": [
                {
                    "name": "G",
                    "units": "mph",
                    "$": "Wind Gust"
                },
                {
                    "name": "T",
                    "units": "C",
                    "$": "Temperature"
                },
                {
                    "name": "V",
                    "units": "m",
                    "$": "Visibility"
                },
                {
                    "name": "D",
                    "units": "compass",
                    "$": "Wind Direction"
                },
                {
                    "name": "S",
                    "units": "mph",
                    "$": "Wind Speed"
                },
                {
                    "name": "W",
                    "units": "",
                    "$": "Weather Type"
                },
                {
                    "name": "P",
                    "units": "hpa",
                    "$": "Pressure"
                },
                {
                    "name": "Pt",
                    "units": "Pa/s",
                    "$": "Pressure Tendency"
                },
                {
                    "name": "Dp",
                    "units": "C",
                    "$": "Dew Point"
                },
                {
                    "name": "H",
                    "units": "%",
                    "$": "Screen Relative Humidity"
                }
            ]
        },
        "DV": {
            "dataDate": "2023-10-28T16:00:00Z",
            "type": "Obs",
            "Location": {
                "i": "3772",
                "lat": "51.479",
                "lon": "-0.449",
                "name": "HEATHROW",
                "country": "ENGLAND",
                "continent": "EUROPE",
                "elevation": "25.0",
                "Period": [
                    {
                        "type": "Day",
                        "value": "2023-10-27Z",
                        "Rep": [
                            {
                                "D": "S",
                                "G": "16",
                                "H": "74.2",
                                "P": "990",
                                "S": "10",
                                "T": "12.6",
                                "V": "45000",
                                "W": "3",
                                "Pt": "F",
                                "Dp": "8.1",
                                "$": "960"
                            },
                            {
                                "D": "SSE",
                                "G": "15",
                                "H": "79.2",
                                "P": "990",
                                "S": "9",
                                "T": "11.6",
                                "V": "45000",
                                "W": "8",
                                "Pt": "F",
                                "Dp": "8.1",
                                "$": "1020"
                            },
                            {
                                "D": "S",
                                "G": "14",
                                "H": "84.6",
                                "P": "990",
                                "S": "8",
                                "T": "10.7",
                                "V": "30000",
                                "W": "0",
                                "Pt": "R",
                                "Dp": "8.2",
                                "$": "1080"
                            },
                            {
                                "D": "SSE",
                                "G": "11",
                                "H": "86.3",
                                "P": "990",
                                "S": "7",
                                "T": "10.4",
                                "V": "28000",
                                "W": "0",
                                "Pt": "R",
                                "Dp": "8.2",
                                "$": "1140"
                            },
                            {
                                "D": "SSE",
                                "G": "13",
                                "H": "88.0",
                                "P": "990",
                                "S": "7",
                                "T": "9.9",
                                "V": "22000",
                                "W": "0",
                                "Pt": "R",
                                "Dp": "8.0",
                                "$": "1200"
                            },
                            {
                                "D": "SSE",
                                "G": "11",
                                "H": "89.2",
                                "P": "990",
                                "S": "7",
                                "T": "10.1",
                                "V": "26000",
                                "W": "7",
                                "Pt": "F",
                                "Dp": "8.4",
                                "$": "1260"
                            },
                            {
                                "D": "SSE",
                                "G": "14",
                                "H": "88.6",
                                "P": "990",
                                "S": "8",
                                "T": "10.1",
                                "V": "29000",
                                "W": "8",
                                "Pt": "F",
                                "Dp": "8.3",
                                "$": "1320"
                            },
                            {
                                "D": "SSE",
                                "G": "13",
                                "H": "91.6",
                                "P": "989",
                                "S": "9",
                                "T": "10.2",
                                "V": "15000",
                                "W": "12",
                                "Pt": "F",
                                "Dp": "8.9",
                                "$": "1380"
                            }
                        ]
                    },
                    {
                        "type": "Day",
                        "value": "2023-10-28Z",
                        "Rep": [
                            {
                                "D": "SE",
                                "G": "13",
                                "H": "92.2",
                                "P": "989",
                                "S": "7",
                                "T": "10.1",
                                "V": "35000",
                                "W": "8",
                                "Pt": "F",
                                "Dp": "8.9",
                                "$": "0"
                            },
                            {
                                "D": "SE",
                                "G": "9",
                                "H": "95.4",
                                "P": "989",
                                "S": "7",
                                "T": "9.7",
                                "V": "22000",
                                "W": "12",
                                "Pt": "F",
                                "Dp": "9.0",
                                "$": "60"
                            },
                            {
                                "D": "SE",
                                "G": "10",
                                "H": "96.7",
                                "P": "988",
                                "S": "7",
                                "T": "9.8",
                                "V": "20000",
                                "W": "12",
                                "Pt": "F",
                                "Dp": "9.3",
                                "$": "120"
                            },
                            {
                                "D": "SE",
                                "G": "9",
                                "H": "98.0",
                                "P": "988",
                                "S": "3",
                                "T": "9.5",
                                "V": "17000",
                                "W": "7",
                                "Pt": "F",
                                "Dp": "9.2",
                                "$": "180"
                            },
                            {
                                "D": "SE",
                                "G": "8",
                                "H": "97.4",
                                "P": "988",
                                "S": "5",
                                "T": "8.1",
                                "V": "11000",
                                "W": "2",
                                "Pt": "F",
                                "Dp": "7.7",
                                "$": "240"
                            },
                            {
                                "D": "SSE",
                                "G": "9",
                                "H": "98.0",
                                "P": "988",
                                "S": "6",
                                "T": "9.6",
                                "V": "30000",
                                "W": "8",
                                "Pt": "F",
                                "Dp": "9.3",
                                "$": "300"
                            },
                            {
                                "D": "S",
                                "G": "11",
                                "H": "96.7",
                                "P": "988",
                                "S": "7",
                                "T": "10.3",
                                "V": "40000",
                                "W": "12",
                                "Pt": "R",
                                "Dp": "9.8",
                                "$": "360"
                            },
                            {
                                "D": "S",
                                "G": "13",
                                "H": "95.5",
                                "P": "989",
                                "S": "7",
                                "T": "10.3",
                                "V": "50000",
                                "W": "2",
                                "Pt": "R",
                                "Dp": "9.6",
                                "$": "420"
                            },
                            {
                                "D": "S",
                                "G": "14",
                                "H": "94.2",
                                "P": "989",
                                "S": "9",
                                "T": "10.7",
                                "V": "35000",
                                "W": "7",
                                "Pt": "R",
                                "Dp": "9.8",
                                "$": "480"
                            },
                            {
                                "D": "S",
                                "G": "15",
                                "H": "91.8",
                                "P": "990",
                                "S": "9",
                                "T": "11.7",
                                "V": "30000",
                                "W": "3",
                                "Pt": "R",
                                "Dp": "10.4",
                                "$": "540"
                            },
                            {
                                "D": "S",
                                "G": "16",
                                "H": "84.9",
                                "P": "990",
                                "S": "10",
                                "T": "13.6",
                                "V": "30000",
                                "W": "1",
                                "Pt": "R",
                                "Dp": "11.1",
                                "$": "600"
                            },
                            {
                                "D": "S",
                                "G": "17",
                                "H": "86.7",
                                "P": "990",
                                "S": "11",
                                "T": "14.2",
                                "V": "19000",
                                "W": "12",
                                "Pt": "R",
                                "Dp": "12.0",
                                "$": "660"
                            },
                            {
                                "D": "SSW",
                                "G": "19",
                                "H": "74.5",
                                "P": "990",
                                "S": "10",
                                "T": "14.7",
                                "V": "19000",
                                "W": "3",
                                "Pt": "R",
                                "Dp": "10.2",
                                "$": "720"
                            },
                            {
                                "D": "SSE",
                                "G": "19",
                                "H": "79.6",
                                "P": "989",
                                "S": "14",
                                "T": "14.1",
                                "V": "18000",
                                "W": "8",
                                "Pt": "F",
                                "Dp": "10.6",
                                "$": "780"
                            },
                            {
                                "D": "SE",
                                "G": "19",
                                "H": "87.8",
                                "P": "989",
                                "S": "8",
                                "T": "13.3",
                                "V": "18000",
                                "W": "8",
                                "Pt": "F",
                                "Dp": "11.3",
                                "$": "840"
                            },
                            {
                                "D": "SSE",
                                "G": "19",
                                "H": "78.0",
                                "P": "987",
                                "S": "11",
                                "T": "14.6",
                                "V": "22000",
                                "W": "7",
                                "Pt": "F",
                                "Dp": "10.8",
                                "$": "900"
                            },
                            {
                                "D": "ESE",
                                "G": "18",
                                "H": "84.9",
                                "P": "986",
                                "S": "11",
                                "T": "13.5",
                                "V": "23000",
                                "W": "8",
                                "Pt": "F",
                                "Dp": "11.0",
                                "$": "960"
                            }
                        ]
                    }
                ]
            }
        }
    }
}