{
    "SiteRep": {
        "Wx": {
            "Param": [
                {
                    "name": "G",
                    "units": "mph",
                    "$": "Wind Gust"
                },
                {
                    "name": "T",
                    "units": "C",
                    "$": "Temperature"
                },
                {
                    "name": "V",
                    "units": "m",
                    "$": "Visibility"
                },
                {
                    "name": "D",
                    "units": "compass",
                    "$": "Wind Direction"
                },
                {
                    "name": "S",
                    "units": "mph",
                    "$": "Wind Speed"
                },
                {
                    "name": "W",
                    "units": "",
                    "$": "Weather Type"
                },
                {
                    "name": "P",
                    "units": "hpa",
                    "$": "Pressure"
                },
                {
                    "name": "Pt",
                    "units": "Pa/s",
                    "$": "Pressure Tendency"
                },
                {
                    "name": "Dp",
                    "units": "C",
                    "$": "Dew Point"
                },
                {
                    "name": "H",
                    "units": "%",
                    "$": "Screen Relative Humidity"
                }
            ]
        },
        "DV": {
            "dataDate": "2023-09-15T16:00:00Z",
            "type": "Obs",
            "Location": {
                "i": "3772",
                "lat": "51.479",
                "lon": "-0.449",
                "name": "HEATHROW",
                "country": "ENGLAND",
                "continent": "EUROPE",
                "elevation": "25.0",
                "Period": [
                    {
                        "type": "Day",
                        "value": "2023-09-14Z",
                        "Rep": [
                            {
                                "D": "SW",
                                "G": "14",
                                "H": "41.0",
                                "P": "1019",
                                "S": "7",
                                "T": "23.8",
                                "V": "55000",
                                "W": "1",
                                "Pt": "F",
                                "Dp": "9.9",
                                "$": "960"
                            },
                            {
                                "D": "SW",
                                "G": "13",
                                "H": "43.5",
                                "P": "1018",
                                "S": "7",
                                "T": "22.6",
                                "V": "60000",
                                "W": "1",
                                "Pt": "F",
                                "Dp": "9.7",
                                "$": "1020"
                            },
                            {
                                "D": "SW",
                                "G": "10",
                                "H": "47.4",
                                "P": "1018",
                                "S": "6",
                                "T": "21.3",
                                "V": "60000",
                                "W": "1",
                                "Pt": "F",
                                "Dp": "9.8",
                                "$": "1080"
                            },
                            {
                                "D": "S",
                                "G": "17",
                                "H": "64.6",
                                "P": "1018",
                                "S": "9",
                                "T": "19.8",
                                "V": "50000",
                                "W": "0",
                                "Pt": "F",
                                "Dp": "13.0",
                                "$": "1140"
                            },
                            {
                                "D": "S",
                                "G": "15",
                                "H": "73.3",
                                "P": "1018",
                                "S": "9",
                                "T": "18.3",
                                "V": "45000",
                                "W": "0",
                                "Pt": "R",
                                "Dp": "13.5",
                                "$": "1200"
                            },
                            {
                                "D": "SSW",
                                "G": "11",
                                "H": "78.7",
                                "P": "1018",
                                "S": "6",
                                "T": "17.3",
                                "V": "40000",
                                "W": "0",
                                "Pt": "R",
                                "Dp": "13.6",
                                "$": "1260"
                            },
                            {
                                "D": "SW",
                                "G": "10",
                                "H": "81.2",
                                "P": "1018",
                                "S": "6",
                                "T": "16.8",
                                "V": "40000",
                                "W": "0",
                                "Pt": "F",
                                "Dp": "13.6",
                                "$": "1320"
                            },
                            {
                                "D": "SSE",
                                "G": "8",
                                "H": "86.1",
                                "P": "1018",
                                "S": "6",
                                "T": "15.2",
                                "V": "35000",
                                "W": "0",
                                "Pt": "F",
                                "Dp": "12.9",
                                "$": "1380"
                            }
                        ]
                    },
                    {
                        "type": "Day",
                        "value": "2023-09-15Z",
                        "Rep": [
                            {
                                "D": "S",
                                "G": "8",
                                "H": "88.8",
                                "P": "1018",
                                "S": "3",
                                "T": "14.5",
                                "V": "30000",
                                "W": "0",
                                "Pt": "F",
                                "Dp": "12.7",
                                "$": "0"
                            },
                            {
                                "D": "S",
                                "G": "7",
                                "H": "91.9",
                                "P": "1017",
                                "S": "5",
                                "T": "14.2",
                                "V": "26000",
                                "W": "0",
                                "Pt": "F",
                                "Dp": "12.9",
                                "$": "60"
                            },
                            {
                                "D": "SE",
                                "G": "8",
                                "H": "92.3",
                                "P": "1017",
                                "S": "3",
                                "T": "12.2",
                                "V": "18000",
                                "W": "0",
                                "Pt": "F",
                                "Dp": "11.0",
                                "$": "120"
                            },
                            {
                                "D": "SE",
                                "G": "6",
                                "H": "94.8",
                                "P": "1017",
                                "S": "5",
                                "T": "12.8",
                                "V": "19000",
                                "W": "0",
                                "Pt": "F",
                                "Dp": "12.0",
                                "$": "180"
                            },
                            {
                                "D": "SSE",
                                "G": "7",
                                "H": "96.1",
                                "P": "1016",
                                "S": "3",
                                "T": "12.2",
                                "V": "12000",
                                "W": "0",
                                "Pt": "F",
                                "Dp": "11.6",
                                "$": "240"
                            },
                            {
                                "D": "N",
                                "G": "3",
                                "H": "97.4",
                                "P": "1016",
                                "S": "0",
                                "T": "12.2",
                                "V": "10000",
                                "W": "0",
                                "Pt": "F",
                                "Dp": "11.8",
                                "$": "300"
                            },
                            {
                                "D": "NNE",
                                "G": "5",
                                "H": "96.1",
                                "P": "1016",
                                "S": "2",
                                "T": "12.3",
                                "V": "12000",
                                "W": "1",
                                "Pt": "F",
                                "Dp": "11.7",
                                "$": "360"
                            },
                            {
                                "D": "NNE",
                                "G": "5",
                                "H": "94.9",
                                "P": "1016",
                                "S": "3",
                                "T": "13.6",
                                "V": "10000",
                                "W": "1",
                                "Pt": "F",
                                "Dp": "12.8",
                                "$": "420"
                            },
                            {
                                "D": "NE",
                                "G": "5",
                                "H": "87.9",
                                "P": "1016",
                                "S": "3",
                                "T": "15.9",
                                "V": "11000",
                                "W": "1",
                                "Pt": "F",
                                "Dp": "13.9",
                                "$": "480"
                            },
                            {
                                "D": "NE",
                                "G": "5",
                                "H": "71.5",
                                "P": "1016",
                                "S": "2",
                                "T": "18.3",
                                "V": "22000",
                                "W": "1",
                                "Pt": "F",
                                "Dp": "13.1",
                                "$": "540"
                            },
                            {
                                "D": "ENE",
                                "G": "7",
                                "H": "61.3",
                                "P": "1015",
                                "S": "3",
                                "T": "21.5",
                                "V": "35000",
                                "W": "1",
                                "Pt": "F",
                                "Dp": "13.8",
                                "$": "600"
                            },
                            {
                                "D": "ESE",
                                "G": "10",
                                "H": "55.4",
                                "P": "1015",
                                "S": "5",
                                "T": "22.3",
                                "V": "35000",
                                "W": "1",
                                "Pt": "F",
                                "Dp": "13.0",
                                "$": "660"
                            },
                            {
                                "D": "ESE",
                                "G": "11",
                                "H": "51.3",
                                "P": "1014",
                                "S": "5",
                                "T": "24.1",
                                "V": "35000",
                                "W": "1",
                                "Pt": "F",
                                "Dp": "13.5",
                                "$": "720"
                            },
                            {
                                "D": "ESE",
                                "G": "14",
                                "H": "51.4",
                                "P": "1013",
                                "S": "8",
                                "T": "24.2",
                                "V": "40000",
                                "W": "3",
                                "Pt": "F",
                                "Dp": "13.6",
                                "$": "780"
                            },
                            {
                                "D": "SE",
                                "G": "17",
                                "H": "45.2",
                                "P": "1013",
                                "S": "7",
                                "T": "24.8",
                                "V": "50000",
                                "W": "7",
                                "Pt": "F",
                                "Dp": "12.2",
                                "$": "840"
                            },
                            {
                                "D": "SE",
                                "G": "18",
                                "H": "48.4",
                                "P": "1012",
                                "S": "6",
                                "T": "24.2",
                                "V": "50000",
                                "W": "3",
                                "Pt": "F",
                                "Dp": "12.7",
                                "$": "900"
                            },
                            {
                                "D": "ESE",
                                "G": "11",
                                "H": "47.6",
                                "P": "1011",
                                "S": "7",
                                "T": "23.6",
                                "V": "55000",
                                "W": "3",
                                "Pt": "F",
                                "Dp": "11.9",
                                "$": "960"
                            }
                        ]
                    }
                ]
            }
        }
    }
}