{
    "SiteRep": {
        "Wx": {
            "Param": [
                {
                    "name": "G",
                    "units": "mph",
                    "$": "Wind Gust"
                },
                {
                    "name": "T",
                    "units": "C",
                    "$": "Temperature"
                },
                {
                    "name": "V",
                    "units": "m",
                    "$": "Visibility"
                },
                {
                    "name": "D",
                    "units": "compass",
                    "$": "Wind Direction"
                },
                {
                    "name": "S",
                    "units": "mph",
                    "$": "Wind Speed"
                },
                {
                    "name": "W",
                    "units": "",
                    "$": "Weather Type"
                },
                {
                    "name": "P",
                    "units": "hpa",
                    "$": "Pressure"
                },
                {
                    "name": "Pt",
                    "units": "Pa/s",
                    "$": "Pressure Tendency"
                },
                {
                    "name": "Dp",
                    "units": "C",
                    "$": "Dew Point"
                },
                {
                    "name": "H",
                    "units": "%",
                    "$": "Screen Relative Humidity"
                }
            ]
        },
        "DV": {
            "dataDate": "2023-10-24T16:00:00Z",
            "type": "Obs",
            "Location": {
                "i": "3772",
                "lat": "51.479",
                "lon": "-0.449",
                "name": "HEATHROW",
                "country": "ENGLAND",
                "continent": "EUROPE",
                "elevation": "25.0",
                "Period": [
                    {
                        "type": "Day",
                        "value": "2023-10-23Z",
                        "Rep": [
                            {
                                "D": "ENE",
                                "G": "16",
                                "H": "74.3",
                                "P": "1004",
                                "S": "7",
                                "T": "14.1",
                                "V": "30000",
                                "W": "8",
                                "Pt": "F",
                                "Dp": "9.6",
                                "$": "960"
                            },
                            {
                                "D": "ENE",
                                "G": "15",
                                "H": "79.8",
                                "P": "1004",
                                "S": "8",
                                "T": "13.4",
                                "V": "26000",
                                "W": "8",
                                "Pt": "F",
                                "Dp": "10.0",
                                "$": "1020"
                            },
                            {
                                "D": "ENE",
                                "G": "17",
                                "H": "81.0",
                                "P": "1004",
                                "S": "9",
                                "T": "13.3",
                                "V": "23000",
                                "W": "8",
                                "Pt": "F",
                                "Dp": "10.1",
                                "$": "1080"
                            },
                            {
                                "D": "E",
                                "G": "24",
                                "H": "84.7",
                                "P": "1004",
                                "S": "15",
                                "T": "12.6",
                                "V": "25000",
                                "W": "8",
                                "Pt": "F",
                                "Dp": "10.1",
                                "$": "1140"
                            },
                            {
                                "D": "ESE",
                                "G": "21",
                                "H": "85.9",
                                "P": "1004",
                                "S": "9",
                                "T": "12.4",
                                "V": "24000",
                                "W": "8",
                                "Pt": "F",
                                "Dp": "10.1",
                                "$": "1200"
                            },
                            {
                                "D": "ESE",
                                "G": "15",
                                "H": "88.1",
                                "P": "1004",
                                "S": "7",
                                "T": "11.9",
                                "V": "23000",
                                "W": "8",
                                "Pt": "R",
                                "Dp": "10.0",
                                "$": "1260"
                            },
                            {
                                "D": "E",
                                "G": "11",
                                "H": "89.3",
                                "P": "1004",
                                "S": "6",
                                "T": "11.6",
                                "V": "22000",
                                "W": "12",
                                "Pt": "F",
                                "Dp": "9.9",
                                "$": "1320"
                            },
                            {
                                "D": "NE",
                                "G": "9",
                                "H": "89.2",
                                "P": "1003",
                                "S": "3",
                                "T": "11.5",
                                "V": "24000",
                                "W": "8",
                                "Pt": "F",
                                "Dp": "9.8",
                                "$": "1380"
                            }
                        ]
                    },
                    {
                        "type": "Day",
                        "value": "2023-10-24Z",
                        "Rep": [
                            {
                                "D": "ENE",
                                "G": "8",
                                "H": "91.7",
                                "P": "1003",
                                "S": "3",
                                "T": "11.3",
                                "V": "19000",
                                "W": "8",
                                "Pt": "F",
                                "Dp": "10.0",
                                "$": "0"
                            },
                            {
                                "D": "E",
                                "G": "8",
                                "H": "93.5",
                                "P": "1002",
                                "S": "3",
                                "T": "10.0",
                                "V": "11000",
                                "W": "2",
                                "Pt": "F",
                                "Dp": "9.0",
                                "$": "60"
                            },
                            {
                                "D": "NNE",
                                "G": "6",
                                "H": "96.0",
                                "P": "1002",
                                "S": "3",
                                "T": "9.8",
                                "V": "13000",
                                "W": "8",
                                "Pt": "F",
                                "Dp": "9.2",
                                "$": "120"
                            },
                            {
                                "D": "ENE",
                                "G": "7",
                                "H": "94.1",
                                "P": "1001",
                                "S": "3",
                                "T": "9.9",
                                "V": "19000",
                                "W": "8",
                                "Pt": "F",
                                "Dp": "9.0",
                                "$": "180"
                            },
                            {
                                "D": "NE",
                                "G": "7",
                                "H": "95.4",
                                "P": "1001",
                                "S": "5",
                                "T": "9.8",
                                "V": "7000",
                                "W": "12",
                                "Pt": "F",
                                "Dp": "9.1",
                                "$": "240"
                            },
                            {
                                "D": "ENE",
                                "G": "7",
                                "H": "96.7",
                                "P": "1001",
                                "S": "3",
                                "T": "9.9",
                                "V": "3800",
                                "W": "12",
                                "Pt": "F",
                                "Dp": "9.4",
                                "$": "300"
                            },
                            {
                                "D": "NNE",
                                "G": "8",
                                "H": "96.7",
                                "P": "1000",
                                "S": "3",
                                "T": "9.7",
                                "V": "7000",
                                "W": "12",
                                "Pt": "F",
                                "Dp": "9.2",
                                "$": "360"
                            },
                            {
                                "D": "NNW",
                                "G": "6",
                                "H": "97.4",
                                "P": "1001",
                                "S": "3",
                                "T": "10.0",
                                "V": "6000",
                                "W": "8",
                                "Pt": "F",
                                "Dp": "9.6",
                                "$": "420"
                            },
                            {
                                "D": "NW",
                                "G": "5",
                                "H": "96.7",
                                "P": "1001",
                                "S": "2",
                                "T": "10.2",
                                "V": "7000",
                                "W": "5",
                                "Pt": "R",
                                "Dp": "9.7",
                                "$": "480"
                            },
                            {
                                "D": "WSW",
                                "G": "11",
                                "H": "95.4",
                                "P": "1001",
                                "S": "8",
                                "T": "11.0",
                                "V": "13000",
                                "W": "5",
                                "Pt": "R",
                                "Dp": "10.3",
                                "$": "540"
                            },
                            {
                                "D": "W",
                                "G": "13",
                                "H": "87.6",
                                "P": "1001",
                                "S": "9",
                                "T": "12.2",
                                "V": "30000",
                                "W": "8",
                                "Pt": "R",
                                "Dp": "10.2",
                                "$": "600"
                            },
                            {
                                "D": "WSW",
                                "G": "13",
                                "H": "78.9",
                                "P": "1001",
                                "S": "8",
                                "T": "14.0",
                                "V": "35000",
                                "W": "8",
                                "Pt": "R",
                                "Dp": "10.4",
                                "$": "660"
                            },
                            {
                                "D": "WSW",
                                "G": "16",
                                "H": "74.2",
                                "P": "1001",
                                "S": "9",
                                "T": "13.7",
                                "V": "40000",
                                "W": "1",
                                "Pt": "R",
                                "Dp": "9.2",
                                "$": "720"
                            },
                            {
                                "D": "WSW",
                                "G": "17",
                                "H": "62.8",
                                "P": "1000",
                                "S": "11",
                                "T": "14.4",
                                "V": "45000",
                                "W": "1",
                                "Pt": "F",
                                "Dp": "7.4",
                                "$": "780"
                            },
                            {
                                "D": "W",
                                "G": "15",
                                "H": "60.4",
                                "P": "1000",
                                "S": "6",
                                "T": "15.3",
                                "V": "45000",
                                "W": "3",
                                "Pt": "F",
                                "Dp": "7.7",
                                "$": "840"
                            },
                            {
                                "D": "WSW",
                                "G": "15",
                                "H": "61.7",
                                "P": "1000",
                                "S": "9",
                                "T": "15.2",
                                "V": "45000",
                                "W": "3",
                                "Pt": "F",
                                "Dp": "7.9",
                                "$": "900"
                            },
                            {
                                "D": "SSW",
                                "G": "15",
                                "H": "69.0",
                                "P": "1000",
                                "S": "8",
                                "T": "14.2",
                                "V": "45000",
                                "W": "12",
                                "Pt": "F",
                                "Dp": "8.6",
                                "$": "960"
                            }
                        ]
                    }
                ]
            }
        }
    }
}