{
    "SiteRep": {
        "Wx": {
            "Param": [
                {
                    "name": "G",
                    "units": "mph",
                    "$": "Wind Gust"
                },
                {
                    "name": "T",
                    "units": "C",
                    "$": "Temperature"
                },
                {
                    "name": "V",
                    "units": "m",
                    "$": "Visibility"
                },
                {
                    "name": "D",
                    "units": "compass",
                    "$": "Wind Direction"
                },
                {
                    "name": "S",
                    "units": "mph",
                    "$": "Wind Speed"
                },
                {
                    "name": "W",
                    "units": "",
                    "$": "Weather Type"
                },
                {
                    "name": "P",
                    "units": "hpa",
                    "$": "Pressure"
                },
                {
                    "name": "Pt",
                    "units": "Pa/s",
                    "$": "Pressure Tendency"
                },
                {
                    "name": "Dp",
                    "units": "C",
                    "$": "Dew Point"
                },
                {
                    "name": "H",
                    "units": "%",
                    "$": "Screen Relative Humidity"
                }
            ]
        },
        "DV": {
            "dataDate": "2023-10-20T16:00:00Z",
            "type": "Obs",
            "Location": {
                "i": "3772",
                "lat": "51.479",
                "lon": "-0.449",
                "name": "HEATHROW",
                "country": "ENGLAND",
                "continent": "EUROPE",
                "elevation": "25.0",
                "Period": [
                    {
                        "type": "Day",
                        "value": "2023-10-19Z",
                        "Rep": [
                            {
                                "D": "SE",
                                "G": "19",
                                "H": "86.9",
                                "P": "982",
                                "S": "9",
                                "T": "17.1",
                                "V": "23000",
                                "W": "7",
                                "Pt": "F",
                                "Dp": "14.9",
                                "$": "960"
                            },
                            {
                                "D": "SE",
                                "G": "18",
                                "H": "92.7",
                                "P": "982",
                                "S": "10",
                                "T": "16.4",
                                "V": "21000",
                                "W": "15",
                                "Pt": "F",
                                "Dp": "15.2",
                                "$": "1020"
                            },
                            {
                                "D": "SE",
                                "G": "17",
                                "H": "90.3",
                                "P": "982",
                                "S": "9",
                                "T": "16.4",
                                "V": "22000",
                                "W": "8",
                                "Pt": "F",
                                "Dp": "14.8",
                                "$": "1080"
                            },
                            {
                                "D": "SE",
                                "G": "15",
                                "H": "88.6",
                                "P": "982",
                                "S": "9",
                                "T": "16.1",
                                "V": "27000",
                                "W": "8",
                                "Pt": "F",
                                "Dp": "14.2",
                                "$": "1140"
                            },
                            {
                                "D": "SE",
                                "G": "14",
                                "H": "89.6",
                                "P": "981",
                                "S": "9",
                                "T": "15.1",
                                "V": "14000",
                                "W": "12",
                                "Pt": "F",
                                "Dp": "13.4",
                                "$": "1200"
                            },
                            {
                                "D": "ESE",
                                "G": "13",
                                "H": "93.8",
                                "P": "981",
                                "S": "6",
                                "T": "14.5",
                                "V": "6000",
                                "W": "12",
                                "Pt": "F",
                                "Dp": "13.5",
                                "$": "1260"
                            },
                            {
                                "D": "NNE",
                                "G": "10",
                                "H": "95.0",
                                "P": "981",
                                "S": "5",
                                "T": "14.4",
                                "V": "7000",
                                "W": "12",
                                "Pt": "F",
                                "Dp": "13.6",
                                "$": "1320"
                            },
                            {
                                "D": "NNE",
                                "G": "6",
                                "H": "96.2",
                                "P": "980",
                                "S": "3",
                                "T": "14.4",
                                "V": "8000",
                                "W": "12",
                                "Pt": "F",
                                "Dp": "13.8",
                                "$": "1380"
                            }
                        ]
                    },
                    {
                        "type": "Day",
                        "value": "2023-10-20Z",
                        "Rep": [
                            {
                                "D": "NNW",
                                "G": "8",
                                "H": "97.5",
                                "P": "979",
                                "S": "6",
                                "T": "14.5",
                                "V": "1200",
                                "W": "15",
                                "Pt": "F",
                                "Dp": "14.1",
                                "$": "0"
                            },
                            {
                                "D": "N",
                                "G": "11",
                                "H": "98.1",
                                "P": "978",
                                "S": "2",
                                "T": "14.6",
                                "V": "500",
                                "W": "15",
                                "Pt": "F",
                                "Dp": "14.3",
                                "$": "60"
                            },
                            {
                                "D": "NNE",
                                "G": "11",
                                "H": "98.1",
                                "P": "977",
                                "S": "3",
                                "T": "14.8",
                                "V": "3400",
                                "W": "12",
                                "Pt": "F",
                                "Dp": "14.5",
                                "$": "120"
                            },
                            {
                                "D": "NNE",
                                "G": "7",
                                "H": "98.7",
                                "P": "976",
                                "S": "3",
                                "T": "14.8",
                                "V": "11000",
                                "W": "12",
                                "Pt": "F",
                                "Dp": "14.6",
                                "$": "180"
                            },
                            {
                                "D": "NW",
                                "G": "6",
                                "H": "98.7",
                                "P": "974",
                                "S": "3",
                                "T": "14.7",
                                "V": "11000",
                                "W": "12",
                                "Pt": "F",
                                "Dp": "14.5",
                                "$": "240"
                            },
                            {
                                "D": "S",
                                "G": "11",
                                "H": "98.1",
                                "P": "974",
                                "S": "7",
                                "T": "14.6",
                                "V": "6000",
                                "W": "8",
                                "Pt": "F",
                                "Dp": "14.3",
                                "$": "300"
                            },
                            {
                                "D": "SSE",
                                "G": "11",
                                "H": "97.5",
                                "P": "975",
                                "S": "7",
                                "T": "14.3",
                                "V": "13000",
                                "W": "8",
                                "Pt": "F",
                                "Dp": "13.9",
                                "$": "360"
                            },
                            {
                                "D": "S",
                                "G": "11",
                                "H": "95.6",
                                "P": "975",
                                "S": "7",
                                "T": "14.4",
                                "V": "22000",
                                "W": "8",
                                "Pt": "R",
                                "Dp": "13.7",
                                "$": "420"
                            },
                            {
                                "D": "SSW",
                                "G": "11",
                                "H": "96.8",
                                "P": "975",
                                "S": "8",
                                "T": "14.4",
                                "V": "14000",
                                "W": "5",
                                "Pt": "R",
                                "Dp": "13.9",
                                "$": "480"
                            },
                            {
                                "D": "SW",
                                "G": "15",
                                "H": "93.2",
                                "P": "975",
                                "S": "10",
                                "T": "14.6",
                                "V": "45000",
                                "W": "8",
                                "Pt": "R",
                                "Dp": "13.5",
                                "$": "540"
                            },
                            {
                                "D": "SW",
                                "G": "17",
                                "H": "89.1",
                                "P": "976",
                                "S": "10",
                                "T": "14.8",
                                "V": "75000",
                                "W": "8",
                                "Pt": "R",
                                "Dp": "13.0",
                                "$": "600"
                            },
                            {
                                "D": "SW",
                                "G": "17",
                                "H": "86.8",
                                "P": "976",
                                "S": "10",
                                "T": "15.1",
                                "V": "75000",
                                "W": "8",
                                "Pt": "R",
                                "Dp": "12.9",
                                "$": "660"
                            },
                            {
                                "D": "SW",
                                "G": "16",
                                "H": "85.2",
                                "P": "976",
                                "S": "11",
                                "T": "15.3",
                                "V": "75000",
                                "W": "8",
                                "Pt": "R",
                                "Dp": "12.8",
                                "$": "720"
                            },
                            {
                                "D": "WSW",
                                "G": "17",
                                "H": "86.3",
                                "P": "976",
                                "S": "8",
                                "T": "15.9",
                                "V": "65000",
                                "W": "8",
                                "Pt": "R",
                                "Dp": "13.6",
                                "$": "780"
                            },
                            {
                                "D": "SSW",
                                "G": "14",
                                "H": "76.6",
                                "P": "976",
                                "S": "8",
                                "T": "17.7",
                                "V": "75000",
                                "W": "7",
                                "Pt": "F",
                                "Dp": "13.5",
                                "$": "840"
                            },
                            {
                                "D": "SSW",
                                "G": "19",
                                "H": "69.6",
                                "P": "976",
                                "S": "10",
                                "T": "18.1",
                                "V": "65000",
                                "W": "8",
                                "Pt": "F",
                                "Dp": "12.4",
                                "$": "900"
                            },
                            {
                                "D": "SSW",
                                "G": "18",
                                "H": "73.5",
                                "P": "976",
                                "S": "11",
                                "T": "16.6",
                                "V": "55000",
                                "W": "1",
                                "Pt": "F",
                                "Dp": "11.8",
                                "$": "960"
                            }
                        ]
                    }
                ]
            }
        }
    }
}