{
    "SiteRep": {
        "Wx": {
            "Param": [
                {
                    "name": "G",
                    "units": "mph",
                    "$": "Wind Gust"
                },
                {
                    "name": "T",
                    "units": "C",
                    "$": "Temperature"
                },
                {
                    "name": "V",
                    "units": "m",
                    "$": "Visibility"
                },
                {
                    "name": "D",
                    "units": "compass",
                    "$": "Wind Direction"
                },
                {
                    "name": "S",
                    "units": "mph",
                    "$": "Wind Speed"
                },
                {
                    "name": "W",
                    "units": "",
                    "$": "Weather Type"
                },
                {
                    "name": "P",
                    "units": "hpa",
                    "$": "Pressure"
                },
                {
                    "name": "Pt",
                    "units": "Pa/s",
                    "$": "Pressure Tendency"
                },
                {
                    "name": "Dp",
                    "units": "C",
                    "$": "Dew Point"
                },
                {
                    "name": "H",
                    "units": "%",
                    "$": "Screen Relative Humidity"
                }
            ]
        },
        "DV": {
            "dataDate": "2023-12-02T16:00:00Z",
            "type": "Obs",
            "Location": {
                "i": "3772",
                "lat": "51.479",
                "lon": "-0.449",
                "name": "HEATHROW",
                "country": "ENGLAND",
                "continent": "EUROPE",
                "elevation": "25.0",
                "Period": [
                    {
                        "type": "Day",
                        "value": "2023-12-01Z",
                        "Rep": [
                            {
                                "D": "NNE",
                                "G": "13",
                                "H": "79.4",
                                "P": "1009",
                                "S": "6",
                                "T": "2.7",
                                "V": "23000",
                                "W": "0",
                                "Pt": "R",
                                "Dp": "-0.5",
                                "$": "960"
                            },
                            {
                                "D": "N",
                                "G": "9",
                                "H": "85.1",
                                "P": "1009",
                                "S": "3",
                                "T": "1.6",
                                "V": "22000",
                                "W": "0",
                                "Pt": "R",
                                "Dp": "-0.6",
                                "$": "1020"
                            },
                            {
                                "D": "N",
                                "G": "9",
                                "H": "88.9",
                                "P": "1010",
                                "S": "5",
                                "T": "1.4",
                                "V": "22000",
                                "W": "0",
                                "Pt": "R",
                                "Dp": "-0.2",
                                "$": "1080"
                            },
                            {
                                "D": "N",
                                "G": "9",
                                "H": "92.3",
                                "P": "1010",
                                "S": "3",
                                "T": "0.8",
                                "V": "18000",
                                "W": "0",
                                "Pt": "R",
                                "Dp": "-0.3",
                                "$": "1140"
                            },
                            {
                                "D": "N",
                                "G": "10",
                                "H": "93.5",
                                "P": "1011",
                                "S": "5",
                                "T": "0.5",
                                "V": "8000",
                                "W": "0",
                                "Pt": "R",
                                "Dp": "-0.4",
                                "$": "1200"
                            },
                            {
                                "D": "N",
                                "G": "11",
                                "H": "93.6",
                                "P": "1011",
                                "S": "7",
                                "T": "0.6",
                                "V": "7000",
                                "W": "5",
                                "Pt": "R",
                                "Dp": "-0.3",
                                "$": "1260"
                            },
                            {
                                "D": "N",
                                "G": "13",
                                "H": "93.6",
                                "P": "1012",
                                "S": "7",
                                "T": "0.4",
                                "V": "7000",
                                "W": "5",
                                "Pt": "R",
                                "Dp": "-0.5",
                                "$": "1320"
                            },
                            {
                                "D": "N",
                                "G": "10",
                                "H": "94.4",
                                "P": "1012",
                                "S": "5",
                                "T": "0.3",
                                "V": "7000",
                                "W": "5",
                                "Pt": "R",
                                "Dp": "-0.5",
                                "$": "1380"
                            }
                        ]
                    },
                    {
                        "type": "Day",
                        "value": "2023-12-02Z",
                        "Rep": [
                            {
                                "D": "N",
                                "G": "10",
                                "H": "93.4",
                                "P": "1013",
                                "S": "3",
                                "T": "0.2",
                                "V": "10000",
                                "W": "5",
                                "Pt": "R",
                                "Dp": "-0.6",
                                "$": "0"
                            },
                            {
                                "D": "NW",
                                "G": "7",
                                "H": "92.6",
                                "P": "1013",
                                "S": "3",
                                "T": "0.2",
                                "V": "10000",
                                "W": "8",
                                "Pt": "R",
                                "Dp": "-0.7",
                                "$": "60"
                            },
                            {
                                "D": "NNW",
                                "G": "9",
                                "H": "91.9",
                                "P": "1013",
                                "S": "6",
                                "T": "-0.2",
                                "V": "12000",
                                "W": "8",
                                "Pt": "R",
                                "Dp": "-1.2",
                                "$": "120"
                            },
                            {
                                "D": "NNW",
                                "G": "8",
                                "H": "92.4",
                                "P": "1013",
                                "S": "5",
                                "T": "-0.4",
                                "V": "13000",
                                "W": "8",
                                "Pt": "R",
                                "Dp": "-1.3",
                                "$": "180"
                            },
                            {
                                "D": "NW",
                                "G": "9",
                                "H": "92.2",
                                "P": "1014",
                                "S": "5",
                                "T": "-0.5",
                                "V": "15000",
                                "W": "8",
                                "Pt": "R",
                                "Dp": "-1.4",
                                "$": "240"
                            },
                            {
                                "D": "W",
                                "G": "8",
                                "H": "93.0",
                                "P": "1014",
                                "S": "6",
                                "T": "-0.6",
                                "V": "12000",
                                "W": "8",
                                "Pt": "R",
                                "Dp": "-1.4",
                                "$": "300"
                            },
                            {
                                "D": "W",
                                "G": "8",
                                "H": "93.5",
                                "P": "1015",
                                "S": "5",
                                "T": "-0.9",
                                "V": "4500",
                                "W": "5",
                                "Pt": "R",
                                "Dp": "-1.6",
                                "$": "360"
                            },
                            {
                                "D": "NW",
                                "G": "8",
                                "H": "93.9",
                                "P": "1015",
                                "S": "3",
                                "T": "-1.2",
                                "V": "10000",
                                "W": "5",
                                "Pt": "R",
                                "Dp": "-1.8",
                                "$": "420"
                            },
                            {
                                "D": "NW",
                                "G": "9",
                                "H": "94.6",
                                "P": "1015",
                                "S": "5",
                                "T": "-1.2",
                                "V": "6000",
                                "W": "5",
                                "Pt": "R",
                                "Dp": "-1.7",
                                "$": "480"
                            },
                            {
                                "D": "W",
                                "G": "8",
                                "H": "95.5",
                                "P": "1016",
                                "S": "5",
                                "T": "-1.4",
                                "V": "4300",
                                "W": "5",
                                "Pt": "R",
                                "Dp": "-1.8",
                                "$": "540"
                            },
                            {
                                "D": "WNW",
                                "G": "8",
                                "H": "95.4",
                                "P": "1016",
                                "S": "5",
                                "T": "-1.5",
                                "V": "2800",
                                "W": "5",
                                "Pt": "R",
                                "Dp": "-1.9",
                                "$": "600"
                            },
                            {
                                "D": "W",
                                "G": "8",
                                "H": "95.7",
                                "P": "1016",
                                "S": "5",
                                "T": "-1.1",
                                "V": "1800",
                                "W": "5",
                                "Pt": "R",
                                "Dp": "-1.5",
                                "$": "660"
                            },
                            {
                                "D": "NW",
                                "G": "11",
                                "H": "96.0",
                                "P": "1016",
                                "S": "2",
                                "T": "-0.9",
                                "V": "4600",
                                "W": "5",
                                "Pt": "R",
                                "Dp": "-1.3",
                                "$": "720"
                            },
                            {
                                "D": "SW",
                                "G": "9",
                                "H": "94.5",
                                "P": "1016",
                                "S": "5",
                                "T": "-0.7",
                                "V": "5000",
                                "W": "5",
                                "Pt": "R",
                                "Dp": "-1.3",
                                "$": "780"
                            },
                            {
                                "D": "WSW",
                                "G": "9",
                                "H": "94.1",
                                "P": "1017",
                                "S": "5",
                                "T": "-0.1",
                                "V": "7000",
                                "W": "5",
                                "Pt": "R",
                                "Dp": "-0.8",
                                "$": "840"
                            },
                            {
                                "D": "SSW",
                                "G": "9",
                                "H": "92.8",
                                "P": "1017",
                                "S": "5",
                                "T": "0.0",
                                "V": "5000",
                                "W": "5",
                                "Pt": "R",
                                "Dp": "-0.9",
                                "$": "900"
                            },
                            {
                                "D": "SSW",
                                "G": "9",
                                "H": "92.4",
                                "P": "1017",
                                "S": "3",
                                "T": "-0.4",
                                "V": "7000",
                                "W": "5",
                                "Pt": "R",
                                "Dp": "-1.3",
                                "$": "960"
                            }
                        ]
                    }
                ]
            }
        }
    }
}