{
    "SiteRep": {
        "Wx": {
            "Param": [
                {
                    "name": "G",
                    "units": "mph",
                    "$": "Wind Gust"
                },
                {
                    "name": "T",
                    "units": "C",
                    "$": "Temperature"
                },
                {
                    "name": "V",
                    "units": "m",
                    "$": "Visibility"
                },
                {
                    "name": "D",
                    "units": "compass",
                    "$": "Wind Direction"
                },
                {
                    "name": "S",
                    "units": "mph",
                    "$": "Wind Speed"
                },
                {
                    "name": "W",
                    "units": "",
                    "$": "Weather Type"
                },
                {
                    "name": "P",
                    "units": "hpa",
                    "$": "Pressure"
                },
                {
                    "name": "Pt",
                    "units": "Pa/s",
                    "$": "Pressure Tendency"
                },
                {
                    "name": "Dp",
                    "units": "C",
                    "$": "Dew Point"
                },
                {
                    "name": "H",
                    "units": "%",
                    "$": "Screen Relative Humidity"
                }
            ]
        },
        "DV": {
            "dataDate": "2024-06-11T16:00:00Z",
            "type": "Obs",
            "Location": {
                "i": "3772",
                "lat": "51.479",
                "lon": "-0.449",
                "name": "HEATHROW",
                "country": "ENGLAND",
                "continent": "EUROPE",
                "elevation": "25.0",
                "Period": [
                    {
                        "type": "Day",
                        "value": "2024-06-10Z",
                        "Rep": [
                            {
                                "D": "NNW",
                                "G": "21",
                                "H": "52.6",
                                "P": "1013",
                                "S": "7",
                                "T": "14.9",
                                "V": "75000",
                                "W": "8",
                                "Pt": "R",
                                "Dp": "5.4",
                                "$": "960"
                            },
                            {
                                "D": "N",
                                "G": "21",
                                "H": "52.6",
                                "P": "1014",
                                "S": "8",
                                "T": "14.8",
                                "V": "75000",
                                "W": "3",
                                "Pt": "R",
                                "Dp": "5.3",
                                "$": "1020"
                            },
                            {
                                "D": "NNW",
                                "G": "17",
                                "H": "49.7",
                                "P": "1014",
                                "S": "8",
                                "T": "14.7",
                                "V": "75000",
                                "W": "3",
                                "Pt": "R",
                                "Dp": "4.4",
                                "$": "1080"
                            },
                            {
                                "D": "N",
                                "G": "15",
                                "H": "51.9",
                                "P": "1015",
                                "S": "8",
                                "T": "14.7",
                                "V": "75000",
                                "W": "7",
                                "Pt": "R",
                                "Dp": "5.0",
                                "$": "1140"
                            },
                            {
                                "D": "WNW",
                                "G": "16",
                                "H": "53.3",
                                "P": "1015",
                                "S": "5",
                                "T": "13.4",
                                "V": "60000",
                                "W": "1",
                                "Pt": "R",
                                "Dp": "4.2",
                                "$": "1200"
                            },
                            {
                                "D": "NNW",
                                "G": "8",
                                "H": "59.5",
                                "P": "1015",
                                "S": "3",
                                "T": "12.4",
                                "V": "75000",
                                "W": "0",
                                "Pt": "R",
                                "Dp": "4.8",
                                "$": "1260"
                            },
                            {
                                "D": "WNW",
                                "G": "5",
                                "H": "66.7",
                                "P": "1016",
                                "S": "2",
                                "T": "11.1",
                                "V": "60000",
                                "W": "0",
                                "Pt": "R",
                                "Dp": "5.2",
                                "$": "1320"
                            },
                            {
                                "D": "W",
                                "G": "6",
                                "H": "68.2",
                                "P": "1016",
                                "S": "5",
                                "T": "11.6",
                                "V": "55000",
                                "W": "8",
                                "Pt": "R",
                                "Dp": "6.0",
                                "$": "1380"
                            }
                        ]
                    },
                    {
                        "type": "Day",
                        "value": "2024-06-11Z",
                        "Rep": [
                            {
                                "D": "W",
                                "G": "8",
                                "H": "77.7",
                                "P": "1016",
                                "S": "5",
                                "T": "10.7",
                                "V": "55000",
                                "W": "2",
                                "Pt": "R",
                                "Dp": "7.0",
                                "$": "0"
                            },
                            {
                                "D": "WNW",
                                "G": "9",
                                "H": "75.0",
                                "P": "1016",
                                "S": "5",
                                "T": "10.0",
                                "V": "55000",
                                "W": "2",
                                "Pt": "R",
                                "Dp": "5.8",
                                "$": "60"
                            },
                            {
                                "D": "W",
                                "G": "8",
                                "H": "78.5",
                                "P": "1016",
                                "S": "6",
                                "T": "9.1",
                                "V": "55000",
                                "W": "0",
                                "Pt": "S",
                                "Dp": "5.6",
                                "$": "120"
                            },
                            {
                                "D": "W",
                                "G": "8",
                                "H": "84.7",
                                "P": "1016",
                                "S": "6",
                                "T": "8.1",
                                "V": "45000",
                                "W": "0",
                                "Pt": "S",
                                "Dp": "5.7",
                                "$": "180"
                            },
                            {
                                "D": "WNW",
                                "G": "9",
                                "H": "82.8",
                                "P": "1016",
                                "S": "5",
                                "T": "7.8",
                                "V": "40000",
                                "W": "1",
                                "Pt": "R",
                                "Dp": "5.1",
                                "$": "240"
                            },
                            {
                                "D": "W",
                                "G": "10",
                                "H": "82.4",
                                "P": "1017",
                                "S": "6",
                                "T": "8.5",
                                "V": "35000",
                                "W": "7",
                                "Pt": "R",
                                "Dp": "5.7",
                                "$": "300"
                            },
                            {
                                "D": "W",
                                "G": "10",
                                "H": "80.7",
                                "P": "1017",
                                "S": "6",
                                "T": "8.8",
                                "V": "35000",
                                "W": "7",
                                "Pt": "R",
                                "Dp": "5.7",
                                "$": "360"
                            },
                            {
                                "D": "NW",
                                "G": "11",
                                "H": "80.4",
                                "P": "1017",
                                "S": "6",
                                "T": "10.3",
                                "V": "35000",
                                "W": "8",
                                "Pt": "R",
                                "Dp": "7.1",
                                "$": "420"
                            },
                            {
                                "D": "NNW",
                                "G": "11",
                                "H": "67.3",
                                "P": "1018",
                                "S": "5",
                                "T": "11.9",
                                "V": "50000",
                                "W": "8",
                                "Pt": "R",
                                "Dp": "6.1",
                                "$": "480"
                            },
                            {
                                "D": "NW",
                                "G": "13",
                                "H": "57.7",
                                "P": "1018",
                                "S": "8",
                                "T": "13.8",
                                "V": "75000",
                                "W": "3",
                                "Pt": "R",
                                "Dp": "5.7",
                                "$": "540"
                            },
                            {
                                "D": "NW",
                                "G": "14",
                                "H": "56.8",
                                "P": "1018",
                                "S": "9",
                                "T": "13.6",
                                "V": "75000",
                                "W": "8",
                                "Pt": "R",
                                "Dp": "5.3",
                                "$": "600"
                            },
                            {
                                "D": "NNW",
                                "G": "15",
                                "H": "52.2",
                                "P": "1018",
                                "S": "7",
                                "T": "15.0",
                                "V": "75000",
                                "W": "7",
                                "Pt": "R",
                                "Dp": "5.4",
                                "$": "660"
                            },
                            {
                                "D": "NW",
                                "G": "14",
                                "H": "47.3",
                                "P": "1018",
                                "S": "7",
                                "T": "15.1",
                                "V": "75000",
                                "W": "8",
                                "Pt": "R",
                                "Dp": "4.1",
                                "$": "720"
                            },
                            {
                                "D": "WNW",
                                "G": "14",
                                "H": "49.4",
                                "P": "1018",
                                "S": "8",
                                "T": "15.1",
                                "V": "75000",
                                "W": "8",
                                "Pt": "R",
                                "Dp": "4.7",
                                "$": "780"
                            },
                            {
                                "D": "WNW",
                                "G": "15",
                                "H": "41.0",
                                "P": "1018",
                                "S": "8",
                                "T": "16.3",
                                "V": "75000",
                                "W": "7",
                                "Pt": "R",
                                "Dp": "3.2",
                                "$": "840"
                            },
                            {
                                "D": "WNW",
                                "G": "19",
                                "H": "47.6",
                                "P": "1019",
                                "S": "8",
                                "T": "16.0",
                                "V": "75000",
                                "W": "8",
                                "Pt": "R",
                                "Dp": "5.0",
                                "$": "900"
                            },
                            {
                                "D": "NNW",
                                "G": "22",
                                "H": "60.1",
                                "P": "1019",
                                "S": "11",
                                "T": "13.7",
                                "V": "65000",
                                "W": "8",
                                "Pt": "R",
                                "Dp": "6.2",
                                "$": "960"
                            }
                        ]
                    }
                ]
            }
        }
    }
}