{
    "SiteRep": {
        "Wx": {
            "Param": [
                {
                    "name": "G",
                    "units": "mph",
                    "$": "Wind Gust"
                },
                {
                    "name": "T",
                    "units": "C",
                    "$": "Temperature"
                },
                {
                    "name": "V",
                    "units": "m",
                    "$": "Visibility"
                },
                {
                    "name": "D",
                    "units": "compass",
                    "$": "Wind Direction"
                },
                {
                    "name": "S",
                    "units": "mph",
                    "$": "Wind Speed"
                },
                {
                    "name": "W",
                    "units": "",
                    "$": "Weather Type"
                },
                {
                    "name": "P",
                    "units": "hpa",
                    "$": "Pressure"
                },
                {
                    "name": "Pt",
                    "units": "Pa/s",
                    "$": "Pressure Tendency"
                },
                {
                    "name": "Dp",
                    "units": "C",
                    "$": "Dew Point"
                },
                {
                    "name": "H",
                    "units": "%",
                    "$": "Screen Relative Humidity"
                }
            ]
        },
        "DV": {
            "dataDate": "2024-03-28T16:00:00Z",
            "type": "Obs",
            "Location": {
                "i": "3772",
                "lat": "51.479",
                "lon": "-0.449",
                "name": "HEATHROW",
                "country": "ENGLAND",
                "continent": "EUROPE",
                "elevation": "25.0",
                "Period": [
                    {
                        "type": "Day",
                        "value": "2024-03-27Z",
                        "Rep": [
                            {
                                "D": "S",
                                "G": "26",
                                "H": "64.8",
                                "P": "980",
                                "S": "15",
                                "T": "9.8",
                                "V": "55000",
                                "W": "1",
                                "Pt": "F",
                                "Dp": "3.4",
                                "$": "960"
                            },
                            {
                                "D": "S",
                                "G": "24",
                                "H": "61.2",
                                "P": "980",
                                "S": "15",
                                "T": "10.1",
                                "V": "50000",
                                "W": "7",
                                "Pt": "R",
                                "Dp": "2.9",
                                "$": "1020"
                            },
                            {
                                "D": "S",
                                "G": "25",
                                "H": "63.3",
                                "P": "980",
                                "S": "15",
                                "T": "9.3",
                                "V": "45000",
                                "W": "3",
                                "Pt": "R",
                                "Dp": "2.6",
                                "$": "1080"
                            },
                            {
                                "D": "SE",
                                "G": "22",
                                "H": "71.5",
                                "P": "980",
                                "S": "10",
                                "T": "8.3",
                                "V": "35000",
                                "W": "0",
                                "Pt": "R",
                                "Dp": "3.4",
                                "$": "1140"
                            },
                            {
                                "D": "ESE",
                                "G": "15",
                                "H": "78.5",
                                "P": "980",
                                "S": "10",
                                "T": "7.0",
                                "V": "40000",
                                "W": "7",
                                "Pt": "F",
                                "Dp": "3.5",
                                "$": "1200"
                            },
                            {
                                "D": "E",
                                "G": "19",
                                "H": "83.6",
                                "P": "979",
                                "S": "13",
                                "T": "7.1",
                                "V": "35000",
                                "W": "2",
                                "Pt": "F",
                                "Dp": "4.5",
                                "$": "1260"
                            },
                            {
                                "D": "ESE",
                                "G": "19",
                                "H": "89.1",
                                "P": "978",
                                "S": "14",
                                "T": "7.3",
                                "V": "35000",
                                "W": "8",
                                "Pt": "F",
                                "Dp": "5.6",
                                "$": "1320"
                            },
                            {
                                "D": "E",
                                "G": "24",
                                "H": "83.9",
                                "P": "977",
                                "S": "15",
                                "T": "8.1",
                                "V": "50000",
                                "W": "8",
                                "Pt": "F",
                                "Dp": "5.5",
                                "$": "1380"
                            }
                        ]
                    },
                    {
                        "type": "Day",
                        "value": "2024-03-28Z",
                        "Rep": [
                            {
                                "D": "E",
                                "G": "25",
                                "H": "86.8",
                                "P": "976",
                                "S": "16",
                                "T": "8.0",
                                "V": "40000",
                                "W": "8",
                                "Pt": "F",
                                "Dp": "5.9",
                                "$": "0"
                            },
                            {
                                "D": "ESE",
                                "G": "26",
                                "H": "88.6",
                                "P": "975",
                                "S": "17",
                                "T": "8.1",
                                "V": "25000",
                                "W": "12",
                                "Pt": "F",
                                "Dp": "6.3",
                                "$": "60"
                            },
                            {
                                "D": "SE",
                                "G": "30",
                                "H": "91.6",
                                "P": "974",
                                "S": "19",
                                "T": "7.5",
                                "V": "6000",
                                "W": "12",
                                "Pt": "F",
                                "Dp": "6.2",
                                "$": "120"
                            },
                            {
                                "D": "SE",
                                "G": "36",
                                "H": "92.8",
                                "P": "973",
                                "S": "18",
                                "T": "7.1",
                                "V": "5000",
                                "W": "12",
                                "Pt": "F",
                                "Dp": "6.0",
                                "$": "180"
                            },
                            {
                                "D": "S",
                                "G": "31",
                                "H": "86.1",
                                "P": "974",
                                "S": "18",
                                "T": "6.2",
                                "V": "65000",
                                "W": "8",
                                "Pt": "F",
                                "Dp": "4.0",
                                "$": "240"
                            },
                            {
                                "D": "SSW",
                                "G": "25",
                                "H": "87.6",
                                "P": "975",
                                "S": "13",
                                "T": "4.9",
                                "V": "75000",
                                "W": "8",
                                "Pt": "R",
                                "Dp": "3.0",
                                "$": "300"
                            },
                            {
                                "D": "S",
                                "G": "19",
                                "H": "87.0",
                                "P": "977",
                                "S": "9",
                                "T": "4.4",
                                "V": "75000",
                                "W": "1",
                                "Pt": "R",
                                "Dp": "2.4",
                                "$": "360"
                            },
                            {
                                "D": "SSE",
                                "G": "15",
                                "H": "88.9",
                                "P": "977",
                                "S": "8",
                                "T": "5.3",
                                "V": "45000",
                                "W": "7",
                                "Pt": "R",
                                "Dp": "3.6",
                                "$": "420"
                            },
                            {
                                "D": "S",
                                "G": "19",
                                "H": "82.6",
                                "P": "978",
                                "S": "11",
                                "T": "6.8",
                                "V": "50000",
                                "W": "1",
                                "Pt": "R",
                                "Dp": "4.0",
                                "$": "480"
                            },
                            {
                                "D": "SSE",
                                "G": "21",
                                "H": "77.6",
                                "P": "978",
                                "S": "14",
                                "T": "7.4",
                                "V": "35000",
                                "W": "1",
                                "Pt": "R",
                                "Dp": "3.7",
                                "$": "540"
                            },
                            {
                                "D": "SSE",
                                "G": "25",
                                "H": "77.7",
                                "P": "978",
                                "S": "16",
                                "T": "8.5",
                                "V": "35000",
                                "W": "11",
                                "Pt": "R",
                                "Dp": "4.8",
                                "$": "600"
                            },
                            {
                                "D": "SSE",
                                "G": "32",
                                "H": "71.3",
                                "P": "978",
                                "S": "22",
                                "T": "9.0",
                                "V": "35000",
                                "W": "8",
                                "Pt": "R",
                                "Dp": "4.0",
                                "$": "660"
                            },
                            {
                                "D": "SE",
                                "G": "40",
                                "H": "91.4",
                                "P": "978",
                                "S": "18",
                                "T": "6.7",
                                "V": "3600",
                                "W": "12",
                                "Pt": "F",
                                "Dp": "5.4",
                                "$": "720"
                            },
                            {
                                "D": "SSE",
                                "G": "30",
                                "H": "92.2",
                                "P": "977",
                                "S": "18",
                                "T": "7.8",
                                "V": "5000",
                                "W": "12",
                                "Pt": "F",
                                "Dp": "6.6",
                                "$": "780"
                            },
                            {
                                "D": "S",
                                "G": "38",
                                "H": "84.1",
                                "P": "977",
                                "S": "22",
                                "T": "10.3",
                                "V": "14000",
                                "W": "12",
                                "Pt": "F",
                                "Dp": "7.7",
                                "$": "840"
                            },
                            {
                                "D": "S",
                                "G": "38",
                                "H": "79.7",
                                "P": "977",
                                "S": "23",
                                "T": "10.6",
                                "V": "19000",
                                "W": "12",
                                "Pt": "F",
                                "Dp": "7.2",
                                "$": "900"
                            },
                            {
                                "D": "S",
                                "G": "36",
                                "H": "77.1",
                                "P": "977",
                                "S": "22",
                                "T": "10.7",
                                "V": "20000",
                                "W": "8",
                                "Pt": "F",
                                "Dp": "6.8",
                                "$": "960"
                            }
                        ]
                    }
                ]
            }
        }
    }
}