{
    "SiteRep": {
        "Wx": {
            "Param": [
                {
                    "name": "G",
                    "units": "mph",
                    "$": "Wind Gust"
                },
                {
                    "name": "T",
                    "units": "C",
                    "$": "Temperature"
                },
                {
                    "name": "V",
                    "units": "m",
                    "$": "Visibility"
                },
                {
                    "name": "D",
                    "units": "compass",
                    "$": "Wind Direction"
                },
                {
                    "name": "S",
                    "units": "mph",
                    "$": "Wind Speed"
                },
                {
                    "name": "W",
                    "units": "",
                    "$": "Weather Type"
                },
                {
                    "name": "P",
                    "units": "hpa",
                    "$": "Pressure"
                },
                {
                    "name": "Pt",
                    "units": "Pa/s",
                    "$": "Pressure Tendency"
                },
                {
                    "name": "Dp",
                    "units": "C",
                    "$": "Dew Point"
                },
                {
                    "name": "H",
                    "units": "%",
                    "$": "Screen Relative Humidity"
                }
            ]
        },
        "DV": {
            "dataDate": "2023-12-13T16:00:00Z",
            "type": "Obs",
            "Location": {
                "i": "3772",
                "lat": "51.479",
                "lon": "-0.449",
                "name": "HEATHROW",
                "country": "ENGLAND",
                "continent": "EUROPE",
                "elevation": "25.0",
                "Period": [
                    {
                        "type": "Day",
                        "value": "2023-12-12Z",
                        "Rep": [
                            {
                                "D": "S",
                                "G": "13",
                                "H": "90.9",
                                "P": "994",
                                "S": "8",
                                "T": "8.9",
                                "V": "35000",
                                "W": "2",
                                "Pt": "F",
                                "Dp": "7.5",
                                "$": "960"
                            },
                            {
                                "D": "S",
                                "G": "15",
                                "H": "92.8",
                                "P": "994",
                                "S": "8",
                                "T": "8.3",
                                "V": "26000",
                                "W": "0",
                                "Pt": "F",
                                "Dp": "7.2",
                                "$": "1020"
                            },
                            {
                                "D": "S",
                                "G": "16",
                                "H": "92.8",
                                "P": "993",
                                "S": "9",
                                "T": "8.9",
                                "V": "21000",
                                "W": "8",
                                "Pt": "F",
                                "Dp": "7.8",
                                "$": "1080"
                            },
                            {
                                "D": "SSW",
                                "G": "16",
                                "H": "92.9",
                                "P": "993",
                                "S": "10",
                                "T": "9.0",
                                "V": "18000",
                                "W": "8",
                                "Pt": "F",
                                "Dp": "7.9",
                                "$": "1140"
                            },
                            {
                                "D": "SSW",
                                "G": "19",
                                "H": "92.2",
                                "P": "993",
                                "S": "13",
                                "T": "8.8",
                                "V": "21000",
                                "W": "8",
                                "Pt": "F",
                                "Dp": "7.6",
                                "$": "1200"
                            },
                            {
                                "D": "SW",
                                "G": "18",
                                "H": "90.4",
                                "P": "993",
                                "S": "10",
                                "T": "8.7",
                                "V": "30000",
                                "W": "8",
                                "Pt": "S",
                                "Dp": "7.2",
                                "$": "1260"
                            },
                            {
                                "D": "SW",
                                "G": "19",
                                "H": "90.9",
                                "P": "994",
                                "S": "13",
                                "T": "8.4",
                                "V": "30000",
                                "W": "8",
                                "Pt": "R",
                                "Dp": "7.0",
                                "$": "1320"
                            },
                            {
                                "D": "SW",
                                "G": "17",
                                "H": "92.1",
                                "P": "994",
                                "S": "10",
                                "T": "8.4",
                                "V": "25000",
                                "W": "12",
                                "Pt": "R",
                                "Dp": "7.2",
                                "$": "1380"
                            }
                        ]
                    },
                    {
                        "type": "Day",
                        "value": "2023-12-13Z",
                        "Rep": [
                            {
                                "D": "WSW",
                                "G": "16",
                                "H": "93.5",
                                "P": "994",
                                "S": "9",
                                "T": "8.4",
                                "V": "19000",
                                "W": "12",
                                "Pt": "R",
                                "Dp": "7.4",
                                "$": "0"
                            },
                            {
                                "D": "W",
                                "G": "15",
                                "H": "96.0",
                                "P": "994",
                                "S": "6",
                                "T": "8.1",
                                "V": "20000",
                                "W": "8",
                                "Pt": "R",
                                "Dp": "7.5",
                                "$": "60"
                            },
                            {
                                "D": "W",
                                "G": "11",
                                "H": "96.0",
                                "P": "995",
                                "S": "7",
                                "T": "8.3",
                                "V": "5000",
                                "W": "12",
                                "Pt": "R",
                                "Dp": "7.7",
                                "$": "120"
                            },
                            {
                                "D": "WNW",
                                "G": "11",
                                "H": "96.7",
                                "P": "995",
                                "S": "8",
                                "T": "8.3",
                                "V": "9000",
                                "W": "8",
                                "Pt": "R",
                                "Dp": "7.8",
                                "$": "180"
                            },
                            {
                                "D": "NW",
                                "G": "14",
                                "H": "95.4",
                                "P": "996",
                                "S": "7",
                                "T": "8.3",
                                "V": "6000",
                                "W": "11",
                                "Pt": "R",
                                "Dp": "7.6",
                                "$": "240"
                            },
                            {
                                "D": "NW",
                                "G": "14",
                                "H": "94.7",
                                "P": "996",
                                "S": "7",
                                "T": "8.1",
                                "V": "5000",
                                "W": "11",
                                "Pt": "R",
                                "Dp": "7.3",
                                "$": "300"
                            },
                            {
                                "D": "NNW",
                                "G": "16",
                                "H": "94.1",
                                "P": "997",
                                "S": "8",
                                "T": "7.9",
                                "V": "11000",
                                "W": "8",
                                "Pt": "R",
                                "Dp": "7.0",
                                "$": "360"
                            },
                            {
                                "D": "WNW",
                                "G": "15",
                                "H": "90.9",
                                "P": "998",
                                "S": "9",
                                "T": "8.0",
                                "V": "16000",
                                "W": "8",
                                "Pt": "R",
                                "Dp": "6.6",
                                "$": "420"
                            },
                            {
                                "D": "NW",
                                "G": "18",
                                "H": "88.3",
                                "P": "999",
                                "S": "7",
                                "T": "7.6",
                                "V": "29000",
                                "W": "8",
                                "Pt": "R",
                                "Dp": "5.8",
                                "$": "480"
                            },
                            {
                                "D": "WNW",
                                "G": "15",
                                "H": "90.2",
                                "P": "999",
                                "S": "9",
                                "T": "7.7",
                                "V": "19000",
                                "W": "8",
                                "Pt": "R",
                                "Dp": "6.2",
                                "$": "540"
                            },
                            {
                                "D": "WNW",
                                "G": "15",
                                "H": "92.7",
                                "P": "1000",
                                "S": "7",
                                "T": "7.9",
                                "V": "20000",
                                "W": "8",
                                "Pt": "R",
                                "Dp": "6.8",
                                "$": "600"
                            },
                            {
                                "D": "NNW",
                                "G": "23",
                                "H": "82.4",
                                "P": "1002",
                                "S": "11",
                                "T": "8.2",
                                "V": "55000",
                                "W": "8",
                                "Pt": "R",
                                "Dp": "5.4",
                                "$": "660"
                            },
                            {
                                "D": "NNW",
                                "G": "22",
                                "H": "78.4",
                                "P": "1002",
                                "S": "13",
                                "T": "7.9",
                                "V": "55000",
                                "Pt": "R",
                                "Dp": "4.4",
                                "$": "720"
                            },
                            {
                                "D": "NW",
                                "G": "25",
                                "H": "81.7",
                                "P": "1003",
                                "S": "13",
                                "T": "7.4",
                                "V": "55000",
                                "W": "8",
                                "Pt": "R",
                                "Dp": "4.5",
                                "$": "780"
                            },
                            {
                                "D": "NW",
                                "G": "26",
                                "H": "90.1",
                                "P": "1004",
                                "S": "14",
                                "T": "6.7",
                                "V": "5000",
                                "W": "12",
                                "Pt": "R",
                                "Dp": "5.2",
                                "$": "840"
                            },
                            {
                                "D": "NNW",
                                "G": "23",
                                "H": "90.1",
                                "P": "1005",
                                "S": "13",
                                "T": "6.7",
                                "V": "20000",
                                "W": "12",
                                "Pt": "R",
                                "Dp": "5.2",
                                "$": "900"
                            },
                            {
                                "D": "NNW",
                                "G": "24",
                                "H": "87.7",
                                "P": "1006",
                                "S": "11",
                                "T": "7.0",
                                "V": "50000",
                                "W": "11",
                                "Pt": "R",
                                "Dp": "5.1",
                                "$": "960"
                            }
                        ]
                    }
                ]
            }
        }
    }
}