{
    "SiteRep": {
        "Wx": {
            "Param": [
                {
                    "name": "G",
                    "units": "mph",
                    "$": "Wind Gust"
                },
                {
                    "name": "T",
                    "units": "C",
                    "$": "Temperature"
                },
                {
                    "name": "V",
                    "units": "m",
                    "$": "Visibility"
                },
                {
                    "name": "D",
                    "units": "compass",
                    "$": "Wind Direction"
                },
                {
                    "name": "S",
                    "units": "mph",
                    "$": "Wind Speed"
                },
                {
                    "name": "W",
                    "units": "",
                    "$": "Weather Type"
                },
                {
                    "name": "P",
                    "units": "hpa",
                    "$": "Pressure"
                },
                {
                    "name": "Pt",
                    "units": "Pa/s",
                    "$": "Pressure Tendency"
                },
                {
                    "name": "Dp",
                    "units": "C",
                    "$": "Dew Point"
                },
                {
                    "name": "H",
                    "units": "%",
                    "$": "Screen Relative Humidity"
                }
            ]
        },
        "DV": {
            "dataDate": "2024-01-22T16:00:00Z",
            "type": "Obs",
            "Location": {
                "i": "3772",
                "lat": "51.479",
                "lon": "-0.449",
                "name": "HEATHROW",
                "country": "ENGLAND",
                "continent": "EUROPE",
                "elevation": "25.0",
                "Period": [
                    {
                        "type": "Day",
                        "value": "2024-01-21Z",
                        "Rep": [
                            {
                                "D": "SSW",
                                "G": "44",
                                "H": "75.9",
                                "P": "1009",
                                "S": "25",
                                "T": "12.0",
                                "V": "14000",
                                "W": "8",
                                "Pt": "F",
                                "Dp": "7.9",
                                "$": "960"
                            },
                            {
                                "D": "SSW",
                                "G": "39",
                                "H": "77.4",
                                "P": "1008",
                                "S": "24",
                                "T": "11.6",
                                "V": "14000",
                                "W": "8",
                                "Pt": "F",
                                "Dp": "7.8",
                                "$": "1020"
                            },
                            {
                                "D": "S",
                                "G": "45",
                                "H": "86.3",
                                "P": "1006",
                                "S": "22",
                                "T": "10.9",
                                "V": "12000",
                                "W": "12",
                                "Pt": "F",
                                "Dp": "8.7",
                                "$": "1080"
                            },
                            {
                                "D": "S",
                                "G": "40",
                                "H": "80.2",
                                "P": "1005",
                                "S": "23",
                                "T": "11.7",
                                "V": "17000",
                                "W": "8",
                                "Pt": "F",
                                "Dp": "8.4",
                                "$": "1140"
                            },
                            {
                                "D": "S",
                                "G": "46",
                                "H": "76.4",
                                "P": "1003",
                                "S": "28",
                                "T": "12.2",
                                "V": "16000",
                                "W": "8",
                                "Pt": "F",
                                "Dp": "8.2",
                                "$": "1200"
                            },
                            {
                                "D": "SSW",
                                "G": "56",
                                "H": "78.1",
                                "P": "1001",
                                "S": "29",
                                "T": "12.5",
                                "V": "18000",
                                "W": "8",
                                "Pt": "F",
                                "Dp": "8.8",
                                "$": "1260"
                            },
                            {
                                "D": "SSW",
                                "G": "54",
                                "H": "89.3",
                                "P": "1001",
                                "S": "33",
                                "T": "11.6",
                                "V": "5000",
                                "W": "12",
                                "Pt": "F",
                                "Dp": "9.9",
                                "$": "1320"
                            },
                            {
                                "D": "SSW",
                                "G": "46",
                                "H": "90.5",
                                "P": "999",
                                "S": "32",
                                "T": "11.9",
                                "V": "1900",
                                "W": "12",
                                "Pt": "F",
                                "Dp": "10.4",
                                "$": "1380"
                            }
                        ]
                    },
                    {
                        "type": "Day",
                        "value": "2024-01-22Z",
                        "Rep": [
                            {
                                "D": "SSW",
                                "G": "48",
                                "H": "91.1",
                                "P": "998",
                                "S": "33",
                                "T": "11.9",
                                "V": "4600",
                                "W": "12",
                                "Pt": "F",
                                "Dp": "10.5",
                                "$": "0"
                            },
                            {
                                "D": "SSW",
                                "G": "47",
                                "H": "92.4",
                                "P": "997",
                                "S": "30",
                                "T": "12.1",
                                "V": "5000",
                                "W": "12",
                                "Pt": "F",
                                "Dp": "10.9",
                                "$": "60"
                            },
                            {
                                "D": "SSW",
                                "G": "46",
                                "H": "86.0",
                                "P": "997",
                                "S": "28",
                                "T": "12.9",
                                "V": "40000",
                                "W": "8",
                                "Pt": "F",
                                "Dp": "10.6",
                                "$": "120"
                            },
                            {
                                "D": "SW",
                                "G": "44",
                                "H": "85.2",
                                "P": "998",
                                "S": "25",
                                "T": "12.2",
                                "V": "21000",
                                "W": "8",
                                "Pt": "F",
                                "Dp": "9.8",
                                "$": "180"
                            },
                            {
                                "D": "SW",
                                "G": "37",
                                "H": "83.0",
                                "P": "999",
                                "S": "24",
                                "T": "12.0",
                                "V": "11000",
                                "W": "8",
                                "Pt": "R",
                                "Dp": "9.2",
                                "$": "240"
                            },
                            {
                                "D": "WSW",
                                "G": "43",
                                "H": "87.9",
                                "P": "1001",
                                "S": "21",
                                "T": "9.3",
                                "V": "24000",
                                "W": "11",
                                "Pt": "R",
                                "Dp": "7.4",
                                "$": "300"
                            },
                            {
                                "D": "WSW",
                                "G": "30",
                                "H": "84.8",
                                "P": "1002",
                                "S": "17",
                                "T": "9.0",
                                "V": "16000",
                                "W": "2",
                                "Pt": "R",
                                "Dp": "6.6",
                                "$": "360"
                            },
                            {
                                "D": "WSW",
                                "G": "29",
                                "H": "81.4",
                                "P": "1004",
                                "S": "18",
                                "T": "9.0",
                                "V": "14000",
                                "W": "7",
                                "Pt": "R",
                                "Dp": "6.0",
                                "$": "420"
                            },
                            {
                                "D": "WSW",
                                "G": "28",
                                "H": "79.7",
                                "P": "1005",
                                "S": "17",
                                "T": "8.6",
                                "V": "14000",
                                "W": "3",
                                "Pt": "R",
                                "Dp": "5.3",
                                "$": "480"
                            },
                            {
                                "D": "WSW",
                                "G": "25",
                                "H": "77.5",
                                "P": "1007",
                                "S": "17",
                                "T": "8.6",
                                "V": "16000",
                                "W": "7",
                                "Pt": "R",
                                "Dp": "4.9",
                                "$": "540"
                            },
                            {
                                "D": "WSW",
                                "G": "28",
                                "H": "74.9",
                                "P": "1007",
                                "S": "19",
                                "T": "9.5",
                                "V": "16000",
                                "W": "1",
                                "Pt": "R",
                                "Dp": "5.3",
                                "$": "600"
                            },
                            {
                                "D": "WSW",
                                "G": "34",
                                "H": "72.4",
                                "P": "1008",
                                "S": "24",
                                "T": "9.8",
                                "V": "20000",
                                "W": "3",
                                "Pt": "R",
                                "Dp": "5.1",
                                "$": "660"
                            },
                            {
                                "D": "WSW",
                                "G": "38",
                                "H": "69.1",
                                "P": "1009",
                                "S": "25",
                                "T": "10.7",
                                "V": "21000",
                                "W": "8",
                                "Pt": "R",
                                "Dp": "5.3",
                                "$": "720"
                            },
                            {
                                "D": "WSW",
                                "G": "40",
                                "H": "66.2",
                                "P": "1009",
                                "S": "24",
                                "T": "10.6",
                                "V": "27000",
                                "W": "3",
                                "Pt": "R",
                                "Dp": "4.6",
                                "$": "780"
                            },
                            {
                                "D": "WSW",
                                "G": "40",
                                "H": "65.3",
                                "P": "1009",
                                "S": "23",
                                "T": "10.5",
                                "V": "28000",
                                "W": "8",
                                "Pt": "R",
                                "Dp": "4.3",
                                "$": "840"
                            },
                            {
                                "D": "WSW",
                                "G": "37",
                                "H": "64.7",
                                "P": "1010",
                                "S": "26",
                                "T": "10.2",
                                "V": "35000",
                                "W": "3",
                                "Pt": "R",
                                "Dp": "3.9",
                                "$": "900"
                            },
                            {
                                "D": "WSW",
                                "G": "38",
                                "H": "67.4",
                                "P": "1011",
                                "S": "23",
                                "T": "9.8",
                                "V": "29000",
                                "W": "8",
                                "Pt": "R",
                                "Dp": "4.1",
                                "$": "960"
                            }
                        ]
                    }
                ]
            }
        }
    }
}