{
    "SiteRep": {
        "Wx": {
            "Param": [
                {
                    "name": "G",
                    "units": "mph",
                    "$": "Wind Gust"
                },
                {
                    "name": "T",
                    "units": "C",
                    "$": "Temperature"
                },
                {
                    "name": "V",
                    "units": "m",
                    "$": "Visibility"
                },
                {
                    "name": "D",
                    "units": "compass",
                    "$": "Wind Direction"
                },
                {
                    "name": "S",
                    "units": "mph",
                    "$": "Wind Speed"
                },
                {
                    "name": "W",
                    "units": "",
                    "$": "Weather Type"
                },
                {
                    "name": "P",
                    "units": "hpa",
                    "$": "Pressure"
                },
                {
                    "name": "Pt",
                    "units": "Pa/s",
                    "$": "Pressure Tendency"
                },
                {
                    "name": "Dp",
                    "units": "C",
                    "$": "Dew Point"
                },
                {
                    "name": "H",
                    "units": "%",
                    "$": "Screen Relative Humidity"
                }
            ]
        },
        "DV": {
            "dataDate": "2024-01-02T16:00:00Z",
            "type": "Obs",
            "Location": {
                "i": "3772",
                "lat": "51.479",
                "lon": "-0.449",
                "name": "HEATHROW",
                "country": "ENGLAND",
                "continent": "EUROPE",
                "elevation": "25.0",
                "Period": [
                    {
                        "type": "Day",
                        "value": "2024-01-01Z",
                        "Rep": [
                            {
                                "D": "SSE",
                                "G": "16",
                                "H": "86.6",
                                "P": "1002",
                                "S": "10",
                                "T": "8.5",
                                "V": "15000",
                                "W": "12",
                                "Pt": "F",
                                "Dp": "6.4",
                                "$": "960"
                            },
                            {
                                "D": "SE",
                                "G": "16",
                                "H": "91.5",
                                "P": "1000",
                                "S": "10",
                                "T": "8.2",
                                "V": "4500",
                                "W": "12",
                                "Pt": "F",
                                "Dp": "6.9",
                                "$": "1020"
                            },
                            {
                                "D": "SSE",
                                "G": "16",
                                "H": "95.3",
                                "P": "999",
                                "S": "11",
                                "T": "8.6",
                                "V": "9000",
                                "W": "12",
                                "Pt": "F",
                                "Dp": "7.9",
                                "$": "1080"
                            },
                            {
                                "D": "SSE",
                                "G": "26",
                                "H": "92.8",
                                "P": "997",
                                "S": "16",
                                "T": "9.3",
                                "V": "9000",
                                "W": "12",
                                "Pt": "F",
                                "Dp": "8.2",
                                "$": "1140"
                            },
                            {
                                "D": "SSE",
                                "G": "26",
                                "H": "93.5",
                                "P": "994",
                                "S": "15",
                                "T": "9.6",
                                "V": "7000",
                                "W": "12",
                                "Pt": "F",
                                "Dp": "8.6",
                                "$": "1200"
                            },
                            {
                                "D": "SSE",
                                "G": "24",
                                "H": "94.1",
                                "P": "992",
                                "S": "15",
                                "T": "9.8",
                                "V": "7000",
                                "W": "12",
                                "Pt": "F",
                                "Dp": "8.9",
                                "$": "1260"
                            },
                            {
                                "D": "S",
                                "G": "22",
                                "H": "95.4",
                                "P": "990",
                                "S": "11",
                                "T": "10.2",
                                "V": "15000",
                                "W": "12",
                                "Pt": "F",
                                "Dp": "9.5",
                                "$": "1320"
                            },
                            {
                                "D": "S",
                                "G": "22",
                                "H": "96.8",
                                "P": "989",
                                "S": "13",
                                "T": "10.9",
                                "V": "3900",
                                "W": "12",
                                "Pt": "F",
                                "Dp": "10.4",
                                "$": "1380"
                            }
                        ]
                    },
                    {
                        "type": "Day",
                        "value": "2024-01-02Z",
                        "Rep": [
                            {
                                "D": "SSW",
                                "G": "25",
                                "H": "95.5",
                                "P": "988",
                                "S": "18",
                                "T": "11.5",
                                "V": "7000",
                                "W": "8",
                                "Pt": "F",
                                "Dp": "10.8",
                                "$": "0"
                            },
                            {
                                "D": "SW",
                                "G": "26",
                                "H": "94.3",
                                "P": "988",
                                "S": "18",
                                "T": "12.0",
                                "V": "50000",
                                "W": "12",
                                "Pt": "F",
                                "Dp": "11.1",
                                "$": "60"
                            },
                            {
                                "D": "WSW",
                                "G": "32",
                                "H": "88.2",
                                "P": "989",
                                "S": "18",
                                "T": "12.1",
                                "V": "65000",
                                "W": "8",
                                "Pt": "R",
                                "Dp": "10.2",
                                "$": "120"
                            },
                            {
                                "D": "WSW",
                                "G": "28",
                                "H": "83.6",
                                "P": "990",
                                "S": "18",
                                "T": "11.5",
                                "V": "30000",
                                "W": "8",
                                "Pt": "R",
                                "Dp": "8.8",
                                "$": "180"
                            },
                            {
                                "D": "SW",
                                "G": "30",
                                "H": "86.4",
                                "P": "990",
                                "S": "10",
                                "T": "11.3",
                                "V": "30000",
                                "W": "8",
                                "Pt": "R",
                                "Dp": "9.1",
                                "$": "240"
                            },
                            {
                                "D": "SSW",
                                "G": "18",
                                "H": "85.9",
                                "P": "990",
                                "S": "13",
                                "T": "11.4",
                                "V": "21000",
                                "W": "8",
                                "Pt": "R",
                                "Dp": "9.1",
                                "$": "300"
                            },
                            {
                                "D": "SSW",
                                "G": "17",
                                "H": "87.6",
                                "P": "990",
                                "S": "11",
                                "T": "11.3",
                                "V": "21000",
                                "W": "8",
                                "Pt": "F",
                                "Dp": "9.3",
                                "$": "360"
                            },
                            {
                                "D": "S",
                                "G": "16",
                                "H": "87.6",
                                "P": "990",
                                "S": "8",
                                "T": "11.7",
                                "V": "13000",
                                "W": "8",
                                "Pt": "F",
                                "Dp": "9.7",
                                "$": "420"
                            },
                            {
                                "D": "SSE",
                                "G": "11",
                                "H": "91.2",
                                "P": "988",
                                "S": "7",
                                "T": "11.3",
                                "V": "6000",
                                "W": "12",
                                "Pt": "F",
                                "Dp": "9.9",
                                "$": "480"
                            },
                            {
                                "D": "SSE",
                                "G": "14",
                                "H": "95.5",
                                "P": "987",
                                "S": "9",
                                "T": "11.0",
                                "V": "4900",
                                "W": "12",
                                "Pt": "F",
                                "Dp": "10.3",
                                "$": "540"
                            },
                            {
                                "D": "SE",
                                "G": "17",
                                "H": "98.0",
                                "P": "985",
                                "S": "10",
                                "T": "10.8",
                                "V": "3900",
                                "W": "12",
                                "Pt": "F",
                                "Dp": "10.5",
                                "$": "600"
                            },
                            {
                                "D": "SSW",
                                "G": "23",
                                "H": "94.3",
                                "P": "983",
                                "S": "15",
                                "T": "12.7",
                                "V": "16000",
                                "W": "12",
                                "Pt": "F",
                                "Dp": "11.8",
                                "$": "660"
                            },
                            {
                                "D": "S",
                                "G": "24",
                                "H": "95.6",
                                "P": "981",
                                "S": "15",
                                "T": "12.4",
                                "V": "3600",
                                "W": "12",
                                "Pt": "F",
                                "Dp": "11.7",
                                "$": "720"
                            },
                            {
                                "D": "S",
                                "G": "32",
                                "H": "94.3",
                                "P": "979",
                                "S": "19",
                                "T": "12.8",
                                "V": "8000",
                                "W": "12",
                                "Pt": "F",
                                "Dp": "11.9",
                                "$": "780"
                            },
                            {
                                "D": "SSW",
                                "G": "36",
                                "H": "86.2",
                                "P": "976",
                                "S": "23",
                                "T": "13.7",
                                "V": "22000",
                                "W": "8",
                                "Pt": "F",
                                "Dp": "11.4",
                                "$": "840"
                            },
                            {
                                "D": "SW",
                                "G": "46",
                                "H": "87.7",
                                "P": "976",
                                "S": "30",
                                "T": "12.5",
                                "V": "29000",
                                "W": "12",
                                "Pt": "F",
                                "Dp": "10.5",
                                "$": "900"
                            },
                            {
                                "D": "WSW",
                                "G": "69",
                                "H": "76.6",
                                "P": "979",
                                "S": "40",
                                "T": "11.1",
                                "V": "55000",
                                "W": "8",
                                "Pt": "F",
                                "Dp": "7.1",
                                "$": "960"
                            }
                        ]
                    }
                ]
            }
        }
    }
}