{
    "SiteRep": {
        "Wx": {
            "Param": [
                {
                    "name": "G",
                    "units": "mph",
                    "$": "Wind Gust"
                },
                {
                    "name": "T",
                    "units": "C",
                    "$": "Temperature"
                },
                {
                    "name": "V",
                    "units": "m",
                    "$": "Visibility"
                },
                {
                    "name": "D",
                    "units": "compass",
                    "$": "Wind Direction"
                },
                {
                    "name": "S",
                    "units": "mph",
                    "$": "Wind Speed"
                },
                {
                    "name": "W",
                    "units": "",
                    "$": "Weather Type"
                },
                {
                    "name": "P",
                    "units": "hpa",
                    "$": "Pressure"
                },
                {
                    "name": "Pt",
                    "units": "Pa/s",
                    "$": "Pressure Tendency"
                },
                {
                    "name": "Dp",
                    "units": "C",
                    "$": "Dew Point"
                },
                {
                    "name": "H",
                    "units": "%",
                    "$": "Screen Relative Humidity"
                }
            ]
        },
        "DV": {
            "dataDate": "2024-03-21T16:00:00Z",
            "type": "Obs",
            "Location": {
                "i": "3772",
                "lat": "51.479",
                "lon": "-0.449",
                "name": "HEATHROW",
                "country": "ENGLAND",
                "continent": "EUROPE",
                "elevation": "25.0",
                "Period": [
                    {
                        "type": "Day",
                        "value": "2024-03-20Z",
                        "Rep": [
                            {
                                "D": "W",
                                "G": "9",
                                "H": "54.6",
                                "P": "1018",
                                "S": "5",
                                "T": "16.8",
                                "V": "40000",
                                "W": "7",
                                "Pt": "F",
                                "Dp": "7.7",
                                "$": "960"
                            },
                            {
                                "D": "W",
                                "G": "9",
                                "H": "54.0",
                                "P": "1018",
                                "S": "6",
                                "T": "17.3",
                                "V": "45000",
                                "W": "3",
                                "Pt": "R",
                                "Dp": "8.0",
                                "$": "1020"
                            },
                            {
                                "D": "WNW",
                                "G": "10",
                                "H": "60.3",
                                "P": "1019",
                                "S": "6",
                                "T": "15.7",
                                "V": "40000",
                                "W": "3",
                                "Pt": "R",
                                "Dp": "8.1",
                                "$": "1080"
                            },
                            {
                                "D": "NW",
                                "G": "10",
                                "H": "67.9",
                                "P": "1020",
                                "S": "3",
                                "T": "14.6",
                                "V": "30000",
                                "W": "8",
                                "Pt": "R",
                                "Dp": "8.8",
                                "$": "1140"
                            },
                            {
                                "D": "NW",
                                "G": "7",
                                "H": "71.2",
                                "P": "1020",
                                "S": "3",
                                "T": "14.3",
                                "V": "30000",
                                "W": "8",
                                "Pt": "R",
                                "Dp": "9.2",
                                "$": "1200"
                            },
                            {
                                "D": "NNW",
                                "G": "7",
                                "H": "78.1",
                                "P": "1021",
                                "S": "5",
                                "T": "13.1",
                                "V": "29000",
                                "W": "0",
                                "Pt": "R",
                                "Dp": "9.4",
                                "$": "1260"
                            },
                            {
                                "D": "NW",
                                "G": "7",
                                "H": "82.3",
                                "P": "1021",
                                "S": "5",
                                "T": "12.3",
                                "V": "25000",
                                "W": "0",
                                "Pt": "R",
                                "Dp": "9.4",
                                "$": "1320"
                            },
                            {
                                "D": "N",
                                "G": "13",
                                "H": "84.0",
                                "P": "1022",
                                "S": "7",
                                "T": "12.9",
                                "V": "28000",
                                "W": "8",
                                "Pt": "R",
                                "Dp": "10.3",
                                "$": "1380"
                            }
                        ]
                    },
                    {
                        "type": "Day",
                        "value": "2024-03-21Z",
                        "Rep": [
                            {
                                "D": "NNE",
                                "G": "18",
                                "H": "87.4",
                                "P": "1023",
                                "S": "7",
                                "T": "11.9",
                                "V": "7000",
                                "W": "5",
                                "Pt": "R",
                                "Dp": "9.9",
                                "$": "0"
                            },
                            {
                                "D": "N",
                                "G": "13",
                                "H": "84.3",
                                "P": "1023",
                                "S": "3",
                                "T": "10.8",
                                "V": "20000",
                                "W": "2",
                                "Pt": "R",
                                "Dp": "8.3",
                                "$": "60"
                            },
                            {
                                "D": "N",
                                "G": "11",
                                "H": "84.9",
                                "P": "1024",
                                "S": "3",
                                "T": "10.3",
                                "V": "28000",
                                "W": "8",
                                "Pt": "R",
                                "Dp": "7.9",
                                "$": "120"
                            },
                            {
                                "D": "N",
                                "G": "10",
                                "H": "87.1",
                                "P": "1024",
                                "S": "2",
                                "T": "9.0",
                                "V": "45000",
                                "W": "2",
                                "Pt": "R",
                                "Dp": "7.0",
                                "$": "180"
                            },
                            {
                                "D": "NNE",
                                "G": "6",
                                "H": "90.1",
                                "P": "1024",
                                "S": "3",
                                "T": "8.3",
                                "V": "35000",
                                "W": "7",
                                "Pt": "R",
                                "Dp": "6.8",
                                "$": "240"
                            },
                            {
                                "D": "NNE",
                                "G": "7",
                                "H": "92.0",
                                "P": "1024",
                                "S": "3",
                                "T": "7.8",
                                "V": "24000",
                                "W": "8",
                                "Pt": "R",
                                "Dp": "6.6",
                                "$": "300"
                            },
                            {
                                "D": "NNE",
                                "G": "6",
                                "H": "93.2",
                                "P": "1025",
                                "S": "3",
                                "T": "7.5",
                                "V": "16000",
                                "W": "7",
                                "Pt": "R",
                                "Dp": "6.5",
                                "$": "360"
                            },
                            {
                                "D": "NNE",
                                "G": "5",
                                "H": "94.0",
                                "P": "1025",
                                "S": "3",
                                "T": "7.6",
                                "V": "13000",
                                "W": "7",
                                "Pt": "R",
                                "Dp": "6.7",
                                "$": "420"
                            },
                            {
                                "D": "NE",
                                "G": "6",
                                "H": "90.8",
                                "P": "1026",
                                "S": "2",
                                "T": "9.5",
                                "V": "13000",
                                "W": "8",
                                "Pt": "R",
                                "Dp": "8.1",
                                "$": "480"
                            },
                            {
                                "D": "W",
                                "G": "5",
                                "H": "82.6",
                                "P": "1026",
                                "S": "2",
                                "T": "11.0",
                                "V": "13000",
                                "W": "7",
                                "Pt": "R",
                                "Dp": "8.2",
                                "$": "540"
                            },
                            {
                                "D": "WSW",
                                "G": "11",
                                "H": "79.3",
                                "P": "1026",
                                "S": "6",
                                "T": "11.9",
                                "V": "14000",
                                "W": "8",
                                "Pt": "R",
                                "Dp": "8.5",
                                "$": "600"
                            },
                            {
                                "D": "W",
                                "G": "11",
                                "H": "79.7",
                                "P": "1026",
                                "S": "7",
                                "T": "14.0",
                                "V": "19000",
                                "W": "8",
                                "Pt": "R",
                                "Dp": "10.6",
                                "$": "660"
                            },
                            {
                                "D": "SW",
                                "G": "22",
                                "H": "77.5",
                                "P": "1026",
                                "S": "13",
                                "T": "13.6",
                                "V": "12000",
                                "W": "8",
                                "Pt": "R",
                                "Dp": "9.8",
                                "$": "720"
                            },
                            {
                                "D": "WSW",
                                "G": "22",
                                "H": "74.1",
                                "P": "1025",
                                "S": "16",
                                "T": "14.6",
                                "V": "19000",
                                "W": "8",
                                "Pt": "F",
                                "Dp": "10.1",
                                "$": "780"
                            },
                            {
                                "D": "WSW",
                                "G": "21",
                                "H": "70.0",
                                "P": "1025",
                                "S": "14",
                                "T": "16.4",
                                "V": "21000",
                                "W": "8",
                                "Pt": "F",
                                "Dp": "11.0",
                                "$": "840"
                            },
                            {
                                "D": "WSW",
                                "G": "23",
                                "H": "66.3",
                                "P": "1024",
                                "S": "14",
                                "T": "15.9",
                                "V": "30000",
                                "W": "8",
                                "Pt": "F",
                                "Dp": "9.7",
                                "$": "900"
                            },
                            {
                                "D": "SW",
                                "G": "22",
                                "H": "65.3",
                                "P": "1023",
                                "S": "11",
                                "T": "15.8",
                                "V": "50000",
                                "W": "8",
                                "Pt": "F",
                                "Dp": "9.4",
                                "$": "960"
                            }
                        ]
                    }
                ]
            }
        }
    }
}