{
    "SiteRep": {
        "Wx": {
            "Param": [
                {
                    "name": "G",
                    "units": "mph",
                    "$": "Wind Gust"
                },
                {
                    "name": "T",
                    "units": "C",
                    "$": "Temperature"
                },
                {
                    "name": "V",
                    "units": "m",
                    "$": "Visibility"
                },
                {
                    "name": "D",
                    "units": "compass",
                    "$": "Wind Direction"
                },
                {
                    "name": "S",
                    "units": "mph",
                    "$": "Wind Speed"
                },
                {
                    "name": "W",
                    "units": "",
                    "$": "Weather Type"
                },
                {
                    "name": "P",
                    "units": "hpa",
                    "$": "Pressure"
                },
                {
                    "name": "Pt",
                    "units": "Pa/s",
                    "$": "Pressure Tendency"
                },
                {
                    "name": "Dp",
                    "units": "C",
                    "$": "Dew Point"
                },
                {
                    "name": "H",
                    "units": "%",
                    "$": "Screen Relative Humidity"
                }
            ]
        },
        "DV": {
            "dataDate": "2024-03-08T16:00:00Z",
            "type": "Obs",
            "Location": {
                "i": "3772",
                "lat": "51.479",
                "lon": "-0.449",
                "name": "HEATHROW",
                "country": "ENGLAND",
                "continent": "EUROPE",
                "elevation": "25.0",
                "Period": [
                    {
                        "type": "Day",
                        "value": "2024-03-07Z",
                        "Rep": [
                            {
                                "D": "ENE",
                                "G": "26",
                                "H": "66.0",
                                "P": "1017",
                                "S": "15",
                                "T": "9.9",
                                "V": "9000",
                                "W": "5",
                                "Pt": "F",
                                "Dp": "3.9",
                                "$": "960"
                            },
                            {
                                "D": "ENE",
                                "G": "23",
                                "H": "68.7",
                                "P": "1017",
                                "S": "11",
                                "T": "9.4",
                                "V": "10000",
                                "W": "7",
                                "Pt": "F",
                                "Dp": "4.0",
                                "$": "1020"
                            },
                            {
                                "D": "ENE",
                                "G": "22",
                                "H": "71.0",
                                "P": "1017",
                                "S": "13",
                                "T": "8.3",
                                "V": "10000",
                                "W": "8",
                                "Pt": "F",
                                "Dp": "3.4",
                                "$": "1080"
                            },
                            {
                                "D": "ENE",
                                "G": "22",
                                "H": "71.8",
                                "P": "1017",
                                "S": "11",
                                "T": "7.6",
                                "V": "9000",
                                "W": "8",
                                "Pt": "F",
                                "Dp": "2.9",
                                "$": "1140"
                            },
                            {
                                "D": "ENE",
                                "G": "25",
                                "H": "72.3",
                                "P": "1017",
                                "S": "15",
                                "T": "6.9",
                                "V": "11000",
                                "W": "8",
                                "Pt": "F",
                                "Dp": "2.3",
                                "$": "1200"
                            },
                            {
                                "D": "ENE",
                                "G": "23",
                                "H": "77.1",
                                "P": "1016",
                                "S": "11",
                                "T": "6.8",
                                "V": "9000",
                                "W": "8",
                                "Pt": "F",
                                "Dp": "3.1",
                                "$": "1260"
                            },
                            {
                                "D": "NE",
                                "G": "16",
                                "H": "82.6",
                                "P": "1016",
                                "S": "8",
                                "T": "5.8",
                                "V": "6000",
                                "W": "5",
                                "Pt": "F",
                                "Dp": "3.1",
                                "$": "1320"
                            },
                            {
                                "D": "NE",
                                "G": "16",
                                "H": "86.3",
                                "P": "1015",
                                "S": "9",
                                "T": "5.5",
                                "V": "5000",
                                "W": "5",
                                "Pt": "F",
                                "Dp": "3.4",
                                "$": "1380"
                            }
                        ]
                    },
                    {
                        "type": "Day",
                        "value": "2024-03-08Z",
                        "Rep": [
                            {
                                "D": "NE",
                                "G": "16",
                                "H": "87.3",
                                "P": "1014",
                                "S": "7",
                                "T": "5.2",
                                "V": "4900",
                                "W": "5",
                                "Pt": "F",
                                "Dp": "3.3",
                                "$": "0"
                            },
                            {
                                "D": "NE",
                                "G": "14",
                                "H": "90.0",
                                "P": "1013",
                                "S": "8",
                                "T": "5.3",
                                "V": "4200",
                                "W": "5",
                                "Pt": "F",
                                "Dp": "3.8",
                                "$": "60"
                            },
                            {
                                "D": "NE",
                                "G": "13",
                                "H": "90.0",
                                "P": "1013",
                                "S": "8",
                                "T": "5.4",
                                "V": "4200",
                                "W": "5",
                                "Pt": "F",
                                "Dp": "3.9",
                                "$": "120"
                            },
                            {
                                "D": "NE",
                                "G": "15",
                                "H": "89.9",
                                "P": "1012",
                                "S": "8",
                                "T": "5.2",
                                "V": "4100",
                                "W": "5",
                                "Pt": "F",
                                "Dp": "3.7",
                                "$": "180"
                            },
                            {
                                "D": "NE",
                                "G": "11",
                                "H": "91.9",
                                "P": "1011",
                                "S": "6",
                                "T": "4.7",
                                "V": "4100",
                                "W": "5",
                                "Pt": "F",
                                "Dp": "3.5",
                                "$": "240"
                            },
                            {
                                "D": "NE",
                                "G": "13",
                                "H": "90.0",
                                "P": "1010",
                                "S": "8",
                                "T": "4.8",
                                "V": "4900",
                                "W": "5",
                                "Pt": "F",
                                "Dp": "3.3",
                                "$": "300"
                            },
                            {
                                "D": "NE",
                                "G": "16",
                                "H": "90.6",
                                "P": "1010",
                                "S": "10",
                                "T": "4.9",
                                "V": "4700",
                                "W": "5",
                                "Pt": "F",
                                "Dp": "3.5",
                                "$": "360"
                            },
                            {
                                "D": "ENE",
                                "G": "17",
                                "H": "89.4",
                                "P": "1009",
                                "S": "9",
                                "T": "5.4",
                                "V": "4500",
                                "W": "5",
                                "Pt": "F",
                                "Dp": "3.8",
                                "$": "420"
                            },
                            {
                                "D": "ENE",
                                "G": "21",
                                "H": "83.9",
                                "P": "1009",
                                "S": "13",
                                "T": "6.3",
                                "V": "6000",
                                "W": "5",
                                "Pt": "F",
                                "Dp": "3.8",
                                "$": "480"
                            },
                            {
                                "D": "E",
                                "G": "22",
                                "H": "79.4",
                                "P": "1009",
                                "S": "14",
                                "T": "7.3",
                                "V": "7000",
                                "W": "5",
                                "Pt": "F",
                                "Dp": "4.0",
                                "$": "540"
                            },
                            {
                                "D": "ENE",
                                "G": "28",
                                "H": "69.0",
                                "P": "1008",
                                "S": "16",
                                "T": "7.9",
                                "V": "10000",
                                "W": "1",
                                "Pt": "F",
                                "Dp": "2.6",
                                "$": "600"
                            },
                            {
                                "D": "ENE",
                                "G": "31",
                                "H": "63.7",
                                "P": "1007",
                                "S": "15",
                                "T": "9.7",
                                "V": "12000",
                                "W": "1",
                                "Pt": "F",
                                "Dp": "3.2",
                                "$": "660"
                            },
                            {
                                "D": "ENE",
                                "G": "31",
                                "H": "57.8",
                                "P": "1006",
                                "S": "18",
                                "T": "10.4",
                                "V": "16000",
                                "W": "1",
                                "Pt": "F",
                                "Dp": "2.5",
                                "$": "720"
                            },
                            {
                                "D": "E",
                                "G": "30",
                                "H": "55.9",
                                "P": "1005",
                                "S": "19",
                                "T": "10.4",
                                "V": "17000",
                                "W": "1",
                                "Pt": "F",
                                "Dp": "2.0",
                                "$": "780"
                            },
                            {
                                "D": "E",
                                "G": "28",
                                "H": "60.4",
                                "P": "1004",
                                "S": "18",
                                "T": "10.3",
                                "V": "13000",
                                "W": "1",
                                "Pt": "F",
                                "Dp": "3.0",
                                "$": "840"
                            },
                            {
                                "D": "E",
                                "G": "26",
                                "H": "61.9",
                                "P": "1004",
                                "S": "16",
                                "T": "9.4",
                                "V": "12000",
                                "W": "1",
                                "Pt": "F",
                                "Dp": "2.5",
                                "$": "900"
                            }
                        ]
                    }
                ]
            }
        }
    }
}