{
    "SiteRep": {
        "Wx": {
            "Param": [
                {
                    "name": "G",
                    "units": "mph",
                    "$": "Wind Gust"
                },
                {
                    "name": "T",
                    "units": "C",
                    "$": "Temperature"
                },
                {
                    "name": "V",
                    "units": "m",
                    "$": "Visibility"
                },
                {
                    "name": "D",
                    "units": "compass",
                    "$": "Wind Direction"
                },
                {
                    "name": "S",
                    "units": "mph",
                    "$": "Wind Speed"
                },
                {
                    "name": "W",
                    "units": "",
                    "$": "Weather Type"
                },
                {
                    "name": "P",
                    "units": "hpa",
                    "$": "Pressure"
                },
                {
                    "name": "Pt",
                    "units": "Pa/s",
                    "$": "Pressure Tendency"
                },
                {
                    "name": "Dp",
                    "units": "C",
                    "$": "Dew Point"
                },
                {
                    "name": "H",
                    "units": "%",
                    "$": "Screen Relative Humidity"
                }
            ]
        },
        "DV": {
            "dataDate": "2023-12-20T16:00:00Z",
            "type": "Obs",
            "Location": {
                "i": "3772",
                "lat": "51.479",
                "lon": "-0.449",
                "name": "HEATHROW",
                "country": "ENGLAND",
                "continent": "EUROPE",
                "elevation": "25.0",
                "Period": [
                    {
                        "type": "Day",
                        "value": "2023-12-19Z",
                        "Rep": [
                            {
                                "D": "NNW",
                                "G": "19",
                                "H": "81.2",
                                "P": "1020",
                                "S": "10",
                                "T": "8.5",
                                "V": "40000",
                                "W": "8",
                                "Pt": "R",
                                "Dp": "5.5",
                                "$": "960"
                            },
                            {
                                "D": "WNW",
                                "G": "19",
                                "H": "83.5",
                                "P": "1020",
                                "S": "8",
                                "T": "8.1",
                                "V": "30000",
                                "W": "8",
                                "Pt": "R",
                                "Dp": "5.5",
                                "$": "1020"
                            },
                            {
                                "D": "W",
                                "G": "11",
                                "H": "85.7",
                                "P": "1021",
                                "S": "8",
                                "T": "7.5",
                                "V": "30000",
                                "W": "2",
                                "Pt": "R",
                                "Dp": "5.3",
                                "$": "1080"
                            },
                            {
                                "D": "W",
                                "G": "14",
                                "H": "88.2",
                                "P": "1021",
                                "S": "6",
                                "T": "6.7",
                                "V": "30000",
                                "W": "2",
                                "Pt": "R",
                                "Dp": "4.9",
                                "$": "1140"
                            },
                            {
                                "D": "W",
                                "G": "14",
                                "H": "88.1",
                                "P": "1021",
                                "S": "9",
                                "T": "6.0",
                                "V": "35000",
                                "W": "0",
                                "Pt": "R",
                                "Dp": "4.2",
                                "$": "1200"
                            },
                            {
                                "D": "W",
                                "G": "16",
                                "H": "89.3",
                                "P": "1022",
                                "S": "10",
                                "T": "5.7",
                                "V": "30000",
                                "W": "0",
                                "Pt": "R",
                                "Dp": "4.1",
                                "$": "1260"
                            },
                            {
                                "D": "WSW",
                                "G": "19",
                                "H": "88.5",
                                "P": "1022",
                                "S": "11",
                                "T": "5.1",
                                "V": "30000",
                                "W": "0",
                                "Pt": "R",
                                "Dp": "3.4",
                                "$": "1320"
                            },
                            {
                                "D": "WSW",
                                "G": "19",
                                "H": "88.5",
                                "P": "1021",
                                "S": "11",
                                "T": "5.0",
                                "V": "30000",
                                "W": "0",
                                "Pt": "R",
                                "Dp": "3.3",
                                "$": "1380"
                            }
                        ]
                    },
                    {
                        "type": "Day",
                        "value": "2023-12-20Z",
                        "Rep": [
                            {
                                "D": "W",
                                "G": "19",
                                "H": "90.4",
                                "P": "1022",
                                "S": "10",
                                "T": "4.5",
                                "V": "28000",
                                "W": "0",
                                "Pt": "F",
                                "Dp": "3.1",
                                "$": "0"
                            },
                            {
                                "D": "W",
                                "G": "14",
                                "H": "91.0",
                                "P": "1022",
                                "S": "6",
                                "T": "4.4",
                                "V": "29000",
                                "W": "0",
                                "Pt": "F",
                                "Dp": "3.1",
                                "$": "60"
                            },
                            {
                                "D": "WSW",
                                "G": "17",
                                "H": "90.5",
                                "P": "1021",
                                "S": "11",
                                "T": "5.2",
                                "V": "28000",
                                "W": "0",
                                "Pt": "F",
                                "Dp": "3.8",
                                "$": "120"
                            },
                            {
                                "D": "W",
                                "G": "19",
                                "H": "89.9",
                                "P": "1021",
                                "S": "11",
                                "T": "5.2",
                                "V": "27000",
                                "W": "0",
                                "Pt": "F",
                                "Dp": "3.7",
                                "$": "180"
                            },
                            {
                                "D": "W",
                                "G": "18",
                                "H": "89.2",
                                "P": "1021",
                                "S": "11",
                                "T": "5.2",
                                "V": "26000",
                                "W": "0",
                                "Pt": "F",
                                "Dp": "3.6",
                                "$": "240"
                            },
                            {
                                "D": "W",
                                "G": "16",
                                "H": "90.5",
                                "P": "1021",
                                "S": "11",
                                "T": "4.7",
                                "V": "23000",
                                "W": "0",
                                "Pt": "F",
                                "Dp": "3.3",
                                "$": "300"
                            },
                            {
                                "D": "WSW",
                                "G": "18",
                                "H": "89.9",
                                "P": "1020",
                                "S": "13",
                                "T": "5.5",
                                "V": "25000",
                                "W": "2",
                                "Pt": "F",
                                "Dp": "4.0",
                                "$": "360"
                            },
                            {
                                "D": "W",
                                "G": "19",
                                "H": "88.1",
                                "P": "1020",
                                "S": "10",
                                "T": "5.9",
                                "V": "25000",
                                "W": "0",
                                "Pt": "F",
                                "Dp": "4.1",
                                "$": "420"
                            },
                            {
                                "D": "W",
                                "G": "19",
                                "H": "87.5",
                                "P": "1020",
                                "S": "11",
                                "T": "6.6",
                                "V": "24000",
                                "W": "0",
                                "Pt": "F",
                                "Dp": "4.7",
                                "$": "480"
                            },
                            {
                                "D": "W",
                                "G": "18",
                                "H": "87.6",
                                "P": "1021",
                                "S": "13",
                                "T": "7.3",
                                "V": "27000",
                                "W": "1",
                                "Pt": "R",
                                "Dp": "5.4",
                                "$": "540"
                            },
                            {
                                "D": "W",
                                "G": "23",
                                "H": "83.6",
                                "P": "1021",
                                "S": "15",
                                "T": "8.7",
                                "V": "30000",
                                "W": "8",
                                "Pt": "R",
                                "Dp": "6.1",
                                "$": "600"
                            },
                            {
                                "D": "WSW",
                                "G": "23",
                                "H": "83.6",
                                "P": "1020",
                                "S": "14",
                                "T": "9.1",
                                "V": "35000",
                                "W": "8",
                                "Pt": "F",
                                "Dp": "6.5",
                                "$": "660"
                            },
                            {
                                "D": "WSW",
                                "G": "21",
                                "H": "80.8",
                                "P": "1019",
                                "S": "14",
                                "T": "9.8",
                                "V": "40000",
                                "W": "8",
                                "Pt": "F",
                                "Dp": "6.7",
                                "$": "720"
                            },
                            {
                                "D": "WSW",
                                "G": "26",
                                "H": "78.7",
                                "P": "1018",
                                "S": "18",
                                "T": "10.4",
                                "V": "45000",
                                "W": "8",
                                "Pt": "F",
                                "Dp": "6.9",
                                "$": "780"
                            },
                            {
                                "D": "WSW",
                                "G": "29",
                                "H": "80.3",
                                "P": "1016",
                                "S": "19",
                                "T": "10.4",
                                "V": "50000",
                                "W": "8",
                                "Pt": "F",
                                "Dp": "7.2",
                                "$": "840"
                            },
                            {
                                "D": "WSW",
                                "G": "26",
                                "H": "79.8",
                                "P": "1016",
                                "S": "16",
                                "T": "10.5",
                                "V": "55000",
                                "W": "8",
                                "Pt": "F",
                                "Dp": "7.2",
                                "$": "900"
                            },
                            {
                                "D": "WSW",
                                "G": "29",
                                "H": "79.3",
                                "P": "1015",
                                "S": "19",
                                "T": "10.7",
                                "V": "50000",
                                "W": "8",
                                "Pt": "F",
                                "Dp": "7.3",
                                "$": "960"
                            }
                        ]
                    }
                ]
            }
        }
    }
}