{
    "SiteRep": {
        "Wx": {
            "Param": [
                {
                    "name": "G",
                    "units": "mph",
                    "$": "Wind Gust"
                },
                {
                    "name": "T",
                    "units": "C",
                    "$": "Temperature"
                },
                {
                    "name": "V",
                    "units": "m",
                    "$": "Visibility"
                },
                {
                    "name": "D",
                    "units": "compass",
                    "$": "Wind Direction"
                },
                {
                    "name": "S",
                    "units": "mph",
                    "$": "Wind Speed"
                },
                {
                    "name": "W",
                    "units": "",
                    "$": "Weather Type"
                },
                {
                    "name": "P",
                    "units": "hpa",
                    "$": "Pressure"
                },
                {
                    "name": "Pt",
                    "units": "Pa/s",
                    "$": "Pressure Tendency"
                },
                {
                    "name": "Dp",
                    "units": "C",
                    "$": "Dew Point"
                },
                {
                    "name": "H",
                    "units": "%",
                    "$": "Screen Relative Humidity"
                }
            ]
        },
        "DV": {
            "dataDate": "2024-04-10T16:00:00Z",
            "type": "Obs",
            "Location": {
                "i": "3772",
                "lat": "51.479",
                "lon": "-0.449",
                "name": "HEATHROW",
                "country": "ENGLAND",
                "continent": "EUROPE",
                "elevation": "25.0",
                "Period": [
                    {
                        "type": "Day",
                        "value": "2024-04-09Z",
                        "Rep": [
                            {
                                "D": "W",
                                "G": "38",
                                "H": "45.7",
                                "P": "1013",
                                "S": "19",
                                "T": "12.7",
                                "V": "75000",
                                "W": "1",
                                "Pt": "R",
                                "Dp": "1.4",
                                "$": "960"
                            },
                            {
                                "D": "W",
                                "G": "31",
                                "H": "45.8",
                                "P": "1014",
                                "S": "19",
                                "T": "12.3",
                                "V": "65000",
                                "W": "1",
                                "Pt": "R",
                                "Dp": "1.1",
                                "$": "1020"
                            },
                            {
                                "D": "W",
                                "G": "30",
                                "H": "50.9",
                                "P": "1016",
                                "S": "19",
                                "T": "11.5",
                                "V": "30000",
                                "W": "12",
                                "Pt": "R",
                                "Dp": "1.8",
                                "$": "1080"
                            },
                            {
                                "D": "W",
                                "G": "26",
                                "H": "56.5",
                                "P": "1018",
                                "S": "14",
                                "T": "10.5",
                                "V": "65000",
                                "W": "0",
                                "Pt": "R",
                                "Dp": "2.3",
                                "$": "1140"
                            },
                            {
                                "D": "W",
                                "G": "25",
                                "H": "56.6",
                                "P": "1019",
                                "S": "9",
                                "T": "9.9",
                                "V": "75000",
                                "W": "0",
                                "Pt": "R",
                                "Dp": "1.8",
                                "$": "1200"
                            },
                            {
                                "D": "WSW",
                                "G": "22",
                                "H": "67.5",
                                "P": "1020",
                                "S": "11",
                                "T": "8.4",
                                "V": "60000",
                                "W": "0",
                                "Pt": "R",
                                "Dp": "2.8",
                                "$": "1260"
                            },
                            {
                                "D": "WSW",
                                "G": "19",
                                "H": "78.2",
                                "P": "1021",
                                "S": "13",
                                "T": "7.9",
                                "V": "40000",
                                "W": "0",
                                "Pt": "R",
                                "Dp": "4.4",
                                "$": "1320"
                            },
                            {
                                "D": "WSW",
                                "G": "17",
                                "H": "83.9",
                                "P": "1022",
                                "S": "10",
                                "T": "6.8",
                                "V": "30000",
                                "W": "0",
                                "Pt": "R",
                                "Dp": "4.3",
                                "$": "1380"
                            }
                        ]
                    },
                    {
                        "type": "Day",
                        "value": "2024-04-10Z",
                        "Rep": [
                            {
                                "D": "WSW",
                                "G": "17",
                                "H": "86.9",
                                "P": "1022",
                                "S": "8",
                                "T": "6.5",
                                "V": "29000",
                                "W": "0",
                                "Pt": "R",
                                "Dp": "4.5",
                                "$": "0"
                            },
                            {
                                "D": "W",
                                "G": "16",
                                "H": "87.6",
                                "P": "1023",
                                "S": "9",
                                "T": "6.5",
                                "V": "29000",
                                "W": "0",
                                "Pt": "R",
                                "Dp": "4.6",
                                "$": "60"
                            },
                            {
                                "D": "W",
                                "G": "14",
                                "H": "89.9",
                                "P": "1024",
                                "S": "8",
                                "T": "6.1",
                                "V": "24000",
                                "W": "0",
                                "Pt": "R",
                                "Dp": "4.6",
                                "$": "120"
                            },
                            {
                                "D": "W",
                                "G": "11",
                                "H": "90.5",
                                "P": "1024",
                                "S": "7",
                                "T": "5.0",
                                "V": "24000",
                                "W": "0",
                                "Pt": "R",
                                "Dp": "3.6",
                                "$": "180"
                            },
                            {
                                "D": "SSW",
                                "G": "8",
                                "H": "93.7",
                                "P": "1025",
                                "S": "5",
                                "T": "4.3",
                                "V": "22000",
                                "W": "0",
                                "Pt": "R",
                                "Dp": "3.4",
                                "$": "240"
                            },
                            {
                                "D": "SSW",
                                "G": "7",
                                "H": "93.9",
                                "P": "1025",
                                "S": "6",
                                "T": "5.7",
                                "V": "27000",
                                "W": "0",
                                "Pt": "R",
                                "Dp": "4.8",
                                "$": "300"
                            },
                            {
                                "D": "S",
                                "G": "10",
                                "H": "92.5",
                                "P": "1026",
                                "S": "6",
                                "T": "5.8",
                                "V": "25000",
                                "W": "1",
                                "Pt": "R",
                                "Dp": "4.7",
                                "$": "360"
                            },
                            {
                                "D": "S",
                                "G": "8",
                                "H": "91.9",
                                "P": "1026",
                                "S": "5",
                                "T": "6.0",
                                "V": "24000",
                                "W": "1",
                                "Pt": "R",
                                "Dp": "4.8",
                                "$": "420"
                            },
                            {
                                "D": "SSW",
                                "G": "13",
                                "H": "86.4",
                                "P": "1026",
                                "S": "8",
                                "T": "8.9",
                                "V": "29000",
                                "W": "1",
                                "Pt": "R",
                                "Dp": "6.8",
                                "$": "480"
                            },
                            {
                                "D": "SSW",
                                "G": "17",
                                "H": "73.1",
                                "P": "1026",
                                "S": "11",
                                "T": "11.6",
                                "V": "30000",
                                "W": "1",
                                "Pt": "R",
                                "Dp": "7.0",
                                "$": "540"
                            },
                            {
                                "D": "SSW",
                                "G": "22",
                                "H": "62.0",
                                "P": "1026",
                                "S": "14",
                                "T": "12.9",
                                "V": "45000",
                                "W": "8",
                                "Pt": "S",
                                "Dp": "5.9",
                                "$": "600"
                            },
                            {
                                "D": "SSW",
                                "G": "28",
                                "H": "60.4",
                                "P": "1026",
                                "S": "17",
                                "T": "13.4",
                                "V": "35000",
                                "W": "12",
                                "Pt": "F",
                                "Dp": "6.0",
                                "$": "660"
                            },
                            {
                                "D": "S",
                                "G": "25",
                                "H": "66.8",
                                "P": "1026",
                                "S": "16",
                                "T": "12.7",
                                "V": "23000",
                                "W": "8",
                                "Pt": "F",
                                "Dp": "6.8",
                                "$": "720"
                            },
                            {
                                "D": "SSW",
                                "G": "30",
                                "H": "68.8",
                                "P": "1026",
                                "S": "16",
                                "T": "12.6",
                                "V": "22000",
                                "W": "12",
                                "Pt": "F",
                                "Dp": "7.1",
                                "$": "780"
                            },
                            {
                                "D": "S",
                                "G": "30",
                                "H": "78.3",
                                "P": "1026",
                                "S": "17",
                                "T": "11.5",
                                "V": "8000",
                                "W": "12",
                                "Pt": "F",
                                "Dp": "7.9",
                                "$": "840"
                            },
                            {
                                "D": "S",
                                "G": "31",
                                "H": "89.0",
                                "P": "1025",
                                "S": "15",
                                "T": "10.8",
                                "V": "3500",
                                "W": "12",
                                "Pt": "F",
                                "Dp": "9.1",
                                "$": "900"
                            },
                            {
                                "D": "S",
                                "G": "22",
                                "H": "92.8",
                                "P": "1025",
                                "S": "14",
                                "T": "11.0",
                                "V": "6000",
                                "W": "11",
                                "Pt": "F",
                                "Dp": "9.9",
                                "$": "960"
                            }
                        ]
                    }
                ]
            }
        }
    }
}