{
    "SiteRep": {
        "Wx": {
            "Param": [
                {
                    "name": "G",
                    "units": "mph",
                    "$": "Wind Gust"
                },
                {
                    "name": "T",
                    "units": "C",
                    "$": "Temperature"
                },
                {
                    "name": "V",
                    "units": "m",
                    "$": "Visibility"
                },
                {
                    "name": "D",
                    "units": "compass",
                    "$": "Wind Direction"
                },
                {
                    "name": "S",
                    "units": "mph",
                    "$": "Wind Speed"
                },
                {
                    "name": "W",
                    "units": "",
                    "$": "Weather Type"
                },
                {
                    "name": "P",
                    "units": "hpa",
                    "$": "Pressure"
                },
                {
                    "name": "Pt",
                    "units": "Pa/s",
                    "$": "Pressure Tendency"
                },
                {
                    "name": "Dp",
                    "units": "C",
                    "$": "Dew Point"
                },
                {
                    "name": "H",
                    "units": "%",
                    "$": "Screen Relative Humidity"
                }
            ]
        },
        "DV": {
            "dataDate": "2023-11-27T16:00:00Z",
            "type": "Obs",
            "Location": {
                "i": "3772",
                "lat": "51.479",
                "lon": "-0.449",
                "name": "HEATHROW",
                "country": "ENGLAND",
                "continent": "EUROPE",
                "elevation": "25.0",
                "Period": [
                    {
                        "type": "Day",
                        "value": "2023-11-26Z",
                        "Rep": [
                            {
                                "D": "S",
                                "G": "10",
                                "H": "93.9",
                                "P": "1013",
                                "S": "6",
                                "T": "5.9",
                                "V": "9000",
                                "W": "8",
                                "Pt": "F",
                                "Dp": "5.0",
                                "$": "960"
                            },
                            {
                                "D": "S",
                                "G": "11",
                                "H": "94.0",
                                "P": "1012",
                                "S": "7",
                                "T": "6.9",
                                "V": "9000",
                                "W": "12",
                                "Pt": "F",
                                "Dp": "6.0",
                                "$": "1020"
                            },
                            {
                                "D": "S",
                                "G": "13",
                                "H": "94.0",
                                "P": "1011",
                                "S": "8",
                                "T": "7.4",
                                "V": "21000",
                                "W": "8",
                                "Pt": "F",
                                "Dp": "6.5",
                                "$": "1080"
                            },
                            {
                                "D": "S",
                                "G": "13",
                                "H": "95.3",
                                "P": "1010",
                                "S": "6",
                                "T": "7.9",
                                "V": "10000",
                                "W": "12",
                                "Pt": "F",
                                "Dp": "7.2",
                                "$": "1140"
                            },
                            {
                                "D": "S",
                                "G": "10",
                                "H": "96.6",
                                "P": "1009",
                                "S": "6",
                                "T": "8.2",
                                "V": "1700",
                                "W": "15",
                                "Pt": "F",
                                "Dp": "7.7",
                                "$": "1200"
                            },
                            {
                                "D": "SSE",
                                "G": "8",
                                "H": "97.9",
                                "P": "1008",
                                "S": "3",
                                "T": "8.5",
                                "V": "2100",
                                "W": "11",
                                "Pt": "F",
                                "Dp": "8.2",
                                "$": "1260"
                            },
                            {
                                "D": "SE",
                                "G": "7",
                                "H": "98.7",
                                "P": "1006",
                                "S": "3",
                                "T": "9.0",
                                "V": "900",
                                "W": "12",
                                "Pt": "F",
                                "Dp": "8.8",
                                "$": "1320"
                            },
                            {
                                "D": "SSW",
                                "G": "7",
                                "H": "98.7",
                                "P": "1005",
                                "S": "5",
                                "T": "9.0",
                                "V": "5000",
                                "W": "11",
                                "Pt": "F",
                                "Dp": "8.8",
                                "$": "1380"
                            }
                        ]
                    },
                    {
                        "type": "Day",
                        "value": "2023-11-27Z",
                        "Rep": [
                            {
                                "D": "WSW",
                                "G": "11",
                                "H": "98.6",
                                "P": "1005",
                                "S": "8",
                                "T": "9.1",
                                "V": "2200",
                                "W": "11",
                                "Pt": "F",
                                "Dp": "8.9",
                                "$": "0"
                            },
                            {
                                "D": "WSW",
                                "G": "14",
                                "H": "98.7",
                                "P": "1004",
                                "S": "8",
                                "T": "9.5",
                                "V": "7000",
                                "W": "8",
                                "Pt": "F",
                                "Dp": "9.3",
                                "$": "60"
                            },
                            {
                                "D": "SW",
                                "G": "18",
                                "H": "96.0",
                                "P": "1003",
                                "S": "11",
                                "T": "9.8",
                                "V": "35000",
                                "W": "8",
                                "Pt": "F",
                                "Dp": "9.2",
                                "$": "120"
                            },
                            {
                                "D": "SW",
                                "G": "19",
                                "H": "93.5",
                                "P": "1002",
                                "S": "14",
                                "T": "9.8",
                                "V": "26000",
                                "W": "12",
                                "Pt": "F",
                                "Dp": "8.8",
                                "$": "180"
                            },
                            {
                                "D": "WSW",
                                "G": "22",
                                "H": "96.6",
                                "P": "1001",
                                "S": "13",
                                "T": "9.5",
                                "V": "6000",
                                "W": "12",
                                "Pt": "F",
                                "Dp": "9.0",
                                "$": "240"
                            },
                            {
                                "D": "WSW",
                                "G": "19",
                                "H": "96.6",
                                "P": "1001",
                                "S": "11",
                                "T": "9.4",
                                "V": "7000",
                                "W": "12",
                                "Pt": "F",
                                "Dp": "8.9",
                                "$": "300"
                            },
                            {
                                "D": "WSW",
                                "G": "18",
                                "H": "96.6",
                                "P": "1000",
                                "S": "11",
                                "T": "9.2",
                                "V": "13000",
                                "W": "12",
                                "Pt": "F",
                                "Dp": "8.7",
                                "$": "360"
                            },
                            {
                                "D": "WSW",
                                "G": "18",
                                "H": "94.7",
                                "P": "999",
                                "S": "14",
                                "T": "9.3",
                                "V": "40000",
                                "W": "8",
                                "Pt": "F",
                                "Dp": "8.5",
                                "$": "420"
                            },
                            {
                                "D": "W",
                                "G": "22",
                                "H": "94.1",
                                "P": "999",
                                "S": "9",
                                "T": "9.1",
                                "V": "30000",
                                "W": "8",
                                "Pt": "F",
                                "Dp": "8.2",
                                "$": "480"
                            },
                            {
                                "D": "W",
                                "G": "18",
                                "H": "93.5",
                                "P": "998",
                                "S": "11",
                                "T": "9.0",
                                "V": "29000",
                                "W": "8",
                                "Pt": "F",
                                "Dp": "8.0",
                                "$": "540"
                            },
                            {
                                "D": "W",
                                "G": "18",
                                "H": "92.2",
                                "P": "998",
                                "S": "13",
                                "T": "9.4",
                                "V": "30000",
                                "W": "8",
                                "Pt": "F",
                                "Dp": "8.2",
                                "$": "600"
                            },
                            {
                                "D": "W",
                                "G": "17",
                                "H": "90.3",
                                "P": "997",
                                "S": "11",
                                "T": "9.6",
                                "V": "35000",
                                "W": "8",
                                "Pt": "F",
                                "Dp": "8.1",
                                "$": "660"
                            },
                            {
                                "D": "W",
                                "G": "16",
                                "H": "89.1",
                                "P": "997",
                                "S": "10",
                                "T": "9.8",
                                "V": "14000",
                                "W": "12",
                                "Pt": "F",
                                "Dp": "8.1",
                                "$": "720"
                            },
                            {
                                "D": "NNW",
                                "G": "19",
                                "H": "90.3",
                                "P": "997",
                                "S": "11",
                                "T": "8.2",
                                "V": "4900",
                                "W": "15",
                                "Pt": "F",
                                "Dp": "6.7",
                                "$": "780"
                            },
                            {
                                "D": "N",
                                "G": "21",
                                "H": "91.4",
                                "P": "997",
                                "S": "10",
                                "T": "6.6",
                                "V": "21000",
                                "W": "12",
                                "Pt": "F",
                                "Dp": "5.3",
                                "$": "840"
                            },
                            {
                                "D": "N",
                                "G": "19",
                                "H": "87.7",
                                "P": "998",
                                "S": "8",
                                "T": "6.5",
                                "V": "29000",
                                "W": "12",
                                "Pt": "R",
                                "Dp": "4.6",
                                "$": "900"
                            },
                            {
                                "D": "NNW",
                                "G": "18",
                                "H": "86.2",
                                "P": "999",
                                "S": "10",
                                "T": "5.7",
                                "V": "40000",
                                "W": "11",
                                "Pt": "R",
                                "Dp": "3.6",
                                "$": "960"
                            }
                        ]
                    }
                ]
            }
        }
    }
}