{
    "SiteRep": {
        "Wx": {
            "Param": [
                {
                    "name": "G",
                    "units": "mph",
                    "$": "Wind Gust"
                },
                {
                    "name": "T",
                    "units": "C",
                    "$": "Temperature"
                },
                {
                    "name": "V",
                    "units": "m",
                    "$": "Visibility"
                },
                {
                    "name": "D",
                    "units": "compass",
                    "$": "Wind Direction"
                },
                {
                    "name": "S",
                    "units": "mph",
                    "$": "Wind Speed"
                },
                {
                    "name": "W",
                    "units": "",
                    "$": "Weather Type"
                },
                {
                    "name": "P",
                    "units": "hpa",
                    "$": "Pressure"
                },
                {
                    "name": "Pt",
                    "units": "Pa/s",
                    "$": "Pressure Tendency"
                },
                {
                    "name": "Dp",
                    "units": "C",
                    "$": "Dew Point"
                },
                {
                    "name": "H",
                    "units": "%",
                    "$": "Screen Relative Humidity"
                }
            ]
        },
        "DV": {
            "dataDate": "2023-12-05T16:00:00Z",
            "type": "Obs",
            "Location": {
                "i": "3772",
                "lat": "51.479",
                "lon": "-0.449",
                "name": "HEATHROW",
                "country": "ENGLAND",
                "continent": "EUROPE",
                "elevation": "25.0",
                "Period": [
                    {
                        "type": "Day",
                        "value": "2023-12-04Z",
                        "Rep": [
                            {
                                "D": "NE",
                                "G": "13",
                                "H": "94.0",
                                "P": "994",
                                "S": "7",
                                "T": "7.1",
                                "V": "3300",
                                "W": "12",
                                "Pt": "F",
                                "Dp": "6.2",
                                "$": "960"
                            },
                            {
                                "D": "NE",
                                "G": "14",
                                "H": "95.3",
                                "P": "995",
                                "S": "9",
                                "T": "6.6",
                                "V": "8000",
                                "W": "8",
                                "Pt": "R",
                                "Dp": "5.9",
                                "$": "1020"
                            },
                            {
                                "D": "NE",
                                "G": "16",
                                "H": "95.9",
                                "P": "996",
                                "S": "8",
                                "T": "6.4",
                                "V": "3900",
                                "W": "12",
                                "Pt": "R",
                                "Dp": "5.8",
                                "$": "1080"
                            },
                            {
                                "D": "NE",
                                "G": "15",
                                "H": "96.6",
                                "P": "996",
                                "S": "7",
                                "T": "6.1",
                                "V": "4400",
                                "W": "12",
                                "Pt": "R",
                                "Dp": "5.6",
                                "$": "1140"
                            },
                            {
                                "D": "NNE",
                                "G": "14",
                                "H": "96.6",
                                "P": "997",
                                "S": "8",
                                "T": "6.0",
                                "V": "5000",
                                "W": "12",
                                "Pt": "R",
                                "Dp": "5.5",
                                "$": "1200"
                            },
                            {
                                "D": "NNE",
                                "G": "14",
                                "H": "96.6",
                                "P": "997",
                                "S": "5",
                                "T": "6.1",
                                "V": "5000",
                                "W": "12",
                                "Pt": "R",
                                "Dp": "5.6",
                                "$": "1260"
                            },
                            {
                                "D": "N",
                                "G": "11",
                                "H": "95.9",
                                "P": "998",
                                "S": "6",
                                "T": "6.0",
                                "V": "3900",
                                "W": "8",
                                "Pt": "R",
                                "Dp": "5.4",
                                "$": "1320"
                            },
                            {
                                "D": "N",
                                "G": "13",
                                "H": "95.9",
                                "P": "999",
                                "S": "6",
                                "T": "6.0",
                                "V": "1800",
                                "W": "12",
                                "Pt": "R",
                                "Dp": "5.4",
                                "$": "1380"
                            }
                        ]
                    },
                    {
                        "type": "Day",
                        "value": "2023-12-05Z",
                        "Rep": [
                            {
                                "D": "N",
                                "G": "14",
                                "H": "95.9",
                                "P": "1000",
                                "S": "6",
                                "T": "5.9",
                                "V": "3400",
                                "W": "8",
                                "Pt": "R",
                                "Dp": "5.3",
                                "$": "0"
                            },
                            {
                                "D": "NW",
                                "G": "10",
                                "H": "97.3",
                                "P": "1000",
                                "S": "6",
                                "T": "5.7",
                                "V": "5000",
                                "W": "5",
                                "Pt": "R",
                                "Dp": "5.3",
                                "$": "60"
                            },
                            {
                                "D": "NW",
                                "G": "9",
                                "H": "97.3",
                                "P": "1001",
                                "S": "6",
                                "T": "5.6",
                                "V": "3200",
                                "W": "12",
                                "Pt": "R",
                                "Dp": "5.2",
                                "$": "120"
                            },
                            {
                                "D": "NW",
                                "G": "10",
                                "H": "97.3",
                                "P": "1002",
                                "S": "6",
                                "T": "5.6",
                                "V": "6000",
                                "W": "12",
                                "Pt": "R",
                                "Dp": "5.2",
                                "$": "180"
                            },
                            {
                                "D": "NW",
                                "G": "9",
                                "H": "96.6",
                                "P": "1002",
                                "S": "5",
                                "T": "5.6",
                                "V": "9000",
                                "W": "12",
                                "Pt": "R",
                                "Dp": "5.1",
                                "$": "240"
                            },
                            {
                                "D": "NW",
                                "G": "9",
                                "H": "97.3",
                                "P": "1003",
                                "S": "5",
                                "T": "5.6",
                                "V": "5000",
                                "W": "12",
                                "Pt": "R",
                                "Dp": "5.2",
                                "$": "300"
                            },
                            {
                                "D": "WNW",
                                "G": "8",
                                "H": "97.3",
                                "P": "1004",
                                "S": "5",
                                "T": "5.6",
                                "V": "10000",
                                "W": "12",
                                "Pt": "R",
                                "Dp": "5.2",
                                "$": "360"
                            },
                            {
                                "D": "NNW",
                                "G": "9",
                                "H": "97.3",
                                "P": "1004",
                                "S": "5",
                                "T": "5.6",
                                "V": "8000",
                                "W": "12",
                                "Pt": "R",
                                "Dp": "5.2",
                                "$": "420"
                            },
                            {
                                "D": "N",
                                "G": "10",
                                "H": "94.6",
                                "P": "1005",
                                "S": "6",
                                "T": "5.8",
                                "V": "13000",
                                "W": "8",
                                "Pt": "R",
                                "Dp": "5.0",
                                "$": "480"
                            },
                            {
                                "D": "NNW",
                                "G": "13",
                                "H": "92.6",
                                "P": "1006",
                                "S": "6",
                                "T": "5.7",
                                "V": "12000",
                                "W": "8",
                                "Pt": "R",
                                "Dp": "4.6",
                                "$": "540"
                            },
                            {
                                "D": "NNW",
                                "G": "11",
                                "H": "91.3",
                                "P": "1007",
                                "S": "6",
                                "T": "5.9",
                                "V": "8000",
                                "W": "12",
                                "Pt": "R",
                                "Dp": "4.6",
                                "$": "600"
                            },
                            {
                                "D": "NNW",
                                "G": "13",
                                "H": "91.9",
                                "P": "1008",
                                "S": "7",
                                "T": "6.1",
                                "V": "12000",
                                "W": "12",
                                "Pt": "R",
                                "Dp": "4.9",
                                "$": "660"
                            },
                            {
                                "D": "NNW",
                                "G": "13",
                                "H": "90.1",
                                "P": "1009",
                                "S": "7",
                                "T": "6.6",
                                "V": "21000",
                                "W": "8",
                                "Pt": "R",
                                "Dp": "5.1",
                                "$": "720"
                            },
                            {
                                "D": "NNW",
                                "G": "16",
                                "H": "86.3",
                                "P": "1009",
                                "S": "7",
                                "T": "7.0",
                                "V": "23000",
                                "W": "12",
                                "Pt": "R",
                                "Dp": "4.9",
                                "$": "780"
                            },
                            {
                                "D": "NNW",
                                "G": "13",
                                "H": "85.2",
                                "P": "1010",
                                "S": "8",
                                "T": "7.2",
                                "V": "29000",
                                "W": "8",
                                "Pt": "R",
                                "Dp": "4.9",
                                "$": "840"
                            },
                            {
                                "D": "NNW",
                                "G": "16",
                                "H": "86.3",
                                "P": "1011",
                                "S": "8",
                                "T": "7.0",
                                "V": "15000",
                                "W": "12",
                                "Pt": "R",
                                "Dp": "4.9",
                                "$": "900"
                            },
                            {
                                "D": "NNW",
                                "G": "14",
                                "H": "88.8",
                                "P": "1012",
                                "S": "8",
                                "T": "6.6",
                                "V": "25000",
                                "W": "12",
                                "Pt": "R",
                                "Dp": "4.9",
                                "$": "960"
                            }
                        ]
                    }
                ]
            }
        }
    }
}