{
    "SiteRep": {
        "Wx": {
            "Param": [
                {
                    "name": "G",
                    "units": "mph",
                    "$": "Wind Gust"
                },
                {
                    "name": "T",
                    "units": "C",
                    "$": "Temperature"
                },
                {
                    "name": "V",
                    "units": "m",
                    "$": "Visibility"
                },
                {
                    "name": "D",
                    "units": "compass",
                    "$": "Wind Direction"
                },
                {
                    "name": "S",
                    "units": "mph",
                    "$": "Wind Speed"
                },
                {
                    "name": "W",
                    "units": "",
                    "$": "Weather Type"
                },
                {
                    "name": "P",
                    "units": "hpa",
                    "$": "Pressure"
                },
                {
                    "name": "Pt",
                    "units": "Pa/s",
                    "$": "Pressure Tendency"
                },
                {
                    "name": "Dp",
                    "units": "C",
                    "$": "Dew Point"
                },
                {
                    "name": "H",
                    "units": "%",
                    "$": "Screen Relative Humidity"
                }
            ]
        },
        "DV": {
            "dataDate": "2024-06-10T16:00:00Z",
            "type": "Obs",
            "Location": {
                "i": "3772",
                "lat": "51.479",
                "lon": "-0.449",
                "name": "HEATHROW",
                "country": "ENGLAND",
                "continent": "EUROPE",
                "elevation": "25.0",
                "Period": [
                    {
                        "type": "Day",
                        "value": "2024-06-09Z",
                        "Rep": [
                            {
                                "D": "W",
                                "G": "19",
                                "H": "55.9",
                                "P": "1012",
                                "S": "7",
                                "T": "15.7",
                                "V": "55000",
                                "W": "8",
                                "Pt": "F",
                                "Dp": "7.0",
                                "$": "960"
                            },
                            {
                                "D": "W",
                                "G": "17",
                                "H": "57.6",
                                "P": "1011",
                                "S": "11",
                                "T": "15.9",
                                "V": "55000",
                                "W": "8",
                                "Pt": "F",
                                "Dp": "7.6",
                                "$": "1020"
                            },
                            {
                                "D": "WSW",
                                "G": "16",
                                "H": "58.7",
                                "P": "1011",
                                "S": "10",
                                "T": "15.7",
                                "V": "50000",
                                "W": "8",
                                "Pt": "F",
                                "Dp": "7.7",
                                "$": "1080"
                            },
                            {
                                "D": "W",
                                "G": "15",
                                "H": "56.7",
                                "P": "1011",
                                "S": "9",
                                "T": "15.8",
                                "V": "65000",
                                "W": "7",
                                "Pt": "F",
                                "Dp": "7.3",
                                "$": "1140"
                            },
                            {
                                "D": "W",
                                "G": "17",
                                "H": "60.2",
                                "P": "1011",
                                "S": "10",
                                "T": "15.1",
                                "V": "60000",
                                "W": "3",
                                "Pt": "F",
                                "Dp": "7.5",
                                "$": "1200"
                            },
                            {
                                "D": "WSW",
                                "G": "14",
                                "H": "66.6",
                                "P": "1011",
                                "S": "8",
                                "T": "14.3",
                                "V": "50000",
                                "W": "7",
                                "Pt": "F",
                                "Dp": "8.2",
                                "$": "1260"
                            },
                            {
                                "D": "WSW",
                                "G": "17",
                                "H": "71.3",
                                "P": "1010",
                                "S": "13",
                                "T": "14.3",
                                "V": "35000",
                                "W": "8",
                                "Pt": "F",
                                "Dp": "9.2",
                                "$": "1320"
                            },
                            {
                                "D": "WSW",
                                "G": "18",
                                "H": "74.1",
                                "P": "1010",
                                "S": "13",
                                "T": "13.7",
                                "V": "30000",
                                "W": "8",
                                "Pt": "F",
                                "Dp": "9.2",
                                "$": "1380"
                            }
                        ]
                    },
                    {
                        "type": "Day",
                        "value": "2024-06-10Z",
                        "Rep": [
                            {
                                "D": "WSW",
                                "G": "21",
                                "H": "76.0",
                                "P": "1009",
                                "S": "11",
                                "T": "13.3",
                                "V": "25000",
                                "W": "8",
                                "Pt": "F",
                                "Dp": "9.2",
                                "$": "0"
                            },
                            {
                                "D": "SW",
                                "G": "18",
                                "H": "86.4",
                                "P": "1008",
                                "S": "11",
                                "T": "12.5",
                                "V": "25000",
                                "W": "11",
                                "Pt": "F",
                                "Dp": "10.3",
                                "$": "60"
                            },
                            {
                                "D": "SW",
                                "G": "21",
                                "H": "88.1",
                                "P": "1007",
                                "S": "13",
                                "T": "12.1",
                                "V": "12000",
                                "W": "12",
                                "Pt": "F",
                                "Dp": "10.2",
                                "$": "120"
                            },
                            {
                                "D": "SW",
                                "G": "22",
                                "H": "91.7",
                                "P": "1007",
                                "S": "13",
                                "T": "11.8",
                                "V": "17000",
                                "W": "12",
                                "Pt": "F",
                                "Dp": "10.5",
                                "$": "180"
                            },
                            {
                                "D": "SW",
                                "G": "19",
                                "H": "94.2",
                                "P": "1006",
                                "S": "11",
                                "T": "11.6",
                                "V": "15000",
                                "W": "12",
                                "Pt": "F",
                                "Dp": "10.7",
                                "$": "240"
                            },
                            {
                                "D": "W",
                                "G": "21",
                                "H": "93.0",
                                "P": "1006",
                                "S": "13",
                                "T": "11.6",
                                "V": "5000",
                                "W": "15",
                                "Pt": "F",
                                "Dp": "10.5",
                                "$": "300"
                            },
                            {
                                "D": "WNW",
                                "G": "17",
                                "H": "89.2",
                                "P": "1007",
                                "S": "10",
                                "T": "10.7",
                                "V": "65000",
                                "W": "8",
                                "Pt": "R",
                                "Dp": "9.0",
                                "$": "360"
                            },
                            {
                                "D": "WNW",
                                "G": "22",
                                "H": "83.4",
                                "P": "1008",
                                "S": "11",
                                "T": "11.1",
                                "V": "75000",
                                "W": "8",
                                "Pt": "R",
                                "Dp": "8.4",
                                "$": "420"
                            },
                            {
                                "D": "NW",
                                "G": "29",
                                "H": "82.8",
                                "P": "1009",
                                "S": "15",
                                "T": "10.5",
                                "V": "65000",
                                "W": "11",
                                "Pt": "R",
                                "Dp": "7.7",
                                "$": "480"
                            },
                            {
                                "D": "NNW",
                                "G": "29",
                                "H": "71.1",
                                "P": "1009",
                                "S": "11",
                                "T": "11.2",
                                "V": "75000",
                                "W": "8",
                                "Pt": "R",
                                "Dp": "6.2",
                                "$": "540"
                            },
                            {
                                "D": "N",
                                "G": "22",
                                "H": "66.9",
                                "P": "1011",
                                "S": "8",
                                "T": "11.9",
                                "V": "75000",
                                "W": "8",
                                "Pt": "R",
                                "Dp": "6.0",
                                "$": "600"
                            },
                            {
                                "D": "NNW",
                                "G": "18",
                                "H": "64.0",
                                "P": "1011",
                                "S": "9",
                                "T": "13.0",
                                "V": "60000",
                                "W": "8",
                                "Pt": "R",
                                "Dp": "6.4",
                                "$": "660"
                            },
                            {
                                "D": "NW",
                                "G": "22",
                                "H": "58.4",
                                "P": "1011",
                                "S": "10",
                                "T": "14.4",
                                "V": "55000",
                                "W": "8",
                                "Pt": "R",
                                "Dp": "6.4",
                                "$": "720"
                            },
                            {
                                "D": "NW",
                                "G": "28",
                                "H": "54.2",
                                "P": "1012",
                                "S": "16",
                                "T": "14.9",
                                "V": "75000",
                                "W": "8",
                                "Pt": "R",
                                "Dp": "5.8",
                                "$": "780"
                            },
                            {
                                "D": "NNW",
                                "G": "26",
                                "H": "48.4",
                                "P": "1012",
                                "S": "13",
                                "T": "16.1",
                                "V": "65000",
                                "W": "7",
                                "Pt": "R",
                                "Dp": "5.3",
                                "$": "840"
                            },
                            {
                                "D": "NW",
                                "G": "22",
                                "H": "53.0",
                                "P": "1013",
                                "S": "13",
                                "T": "14.9",
                                "V": "60000",
                                "W": "8",
                                "Pt": "R",
                                "Dp": "5.5",
                                "$": "900"
                            },
                            {
                                "D": "NNW",
                                "G": "21",
                                "H": "52.6",
                                "P": "1013",
                                "S": "7",
                                "T": "14.9",
                                "V": "75000",
                                "W": "8",
                                "Pt": "R",
                                "Dp": "5.4",
                                "$": "960"
                            }
                        ]
                    }
                ]
            }
        }
    }
}