{
    "SiteRep": {
        "Wx": {
            "Param": [
                {
                    "name": "G",
                    "units": "mph",
                    "$": "Wind Gust"
                },
                {
                    "name": "T",
                    "units": "C",
                    "$": "Temperature"
                },
                {
                    "name": "V",
                    "units": "m",
                    "$": "Visibility"
                },
                {
                    "name": "D",
                    "units": "compass",
                    "$": "Wind Direction"
                },
                {
                    "name": "S",
                    "units": "mph",
                    "$": "Wind Speed"
                },
                {
                    "name": "W",
                    "units": "",
                    "$": "Weather Type"
                },
                {
                    "name": "P",
                    "units": "hpa",
                    "$": "Pressure"
                },
                {
                    "name": "Pt",
                    "units": "Pa/s",
                    "$": "Pressure Tendency"
                },
                {
                    "name": "Dp",
                    "units": "C",
                    "$": "Dew Point"
                },
                {
                    "name": "H",
                    "units": "%",
                    "$": "Screen Relative Humidity"
                }
            ]
        },
        "DV": {
            "dataDate": "2023-11-09T16:00:00Z",
            "type": "Obs",
            "Location": {
                "i": "3772",
                "lat": "51.479",
                "lon": "-0.449",
                "name": "HEATHROW",
                "country": "ENGLAND",
                "continent": "EUROPE",
                "elevation": "25.0",
                "Period": [
                    {
                        "type": "Day",
                        "value": "2023-11-08Z",
                        "Rep": [
                            {
                                "D": "W",
                                "G": "15",
                                "H": "75.9",
                                "P": "1002",
                                "S": "9",
                                "T": "11.7",
                                "V": "35000",
                                "W": "11",
                                "Pt": "R",
                                "Dp": "7.6",
                                "$": "960"
                            },
                            {
                                "D": "WNW",
                                "G": "11",
                                "H": "77.3",
                                "P": "1002",
                                "S": "7",
                                "T": "10.8",
                                "V": "29000",
                                "W": "8",
                                "Pt": "R",
                                "Dp": "7.0",
                                "$": "1020"
                            },
                            {
                                "D": "W",
                                "G": "11",
                                "H": "82.6",
                                "P": "1002",
                                "S": "5",
                                "T": "9.6",
                                "V": "26000",
                                "W": "8",
                                "Pt": "R",
                                "Dp": "6.8",
                                "$": "1080"
                            },
                            {
                                "D": "W",
                                "G": "9",
                                "H": "82.0",
                                "P": "1002",
                                "S": "5",
                                "T": "9.4",
                                "V": "23000",
                                "W": "8",
                                "Pt": "R",
                                "Dp": "6.5",
                                "$": "1140"
                            },
                            {
                                "D": "W",
                                "G": "10",
                                "H": "86.1",
                                "P": "1002",
                                "S": "3",
                                "T": "8.8",
                                "V": "20000",
                                "W": "8",
                                "Pt": "R",
                                "Dp": "6.6",
                                "$": "1200"
                            },
                            {
                                "D": "W",
                                "G": "9",
                                "H": "88.4",
                                "P": "1002",
                                "S": "6",
                                "T": "8.3",
                                "V": "19000",
                                "W": "8",
                                "Pt": "R",
                                "Dp": "6.5",
                                "$": "1260"
                            },
                            {
                                "D": "WSW",
                                "G": "13",
                                "H": "86.4",
                                "P": "1002",
                                "S": "7",
                                "T": "7.3",
                                "V": "18000",
                                "W": "8",
                                "Pt": "R",
                                "Dp": "5.2",
                                "$": "1320"
                            },
                            {
                                "D": "WSW",
                                "G": "16",
                                "H": "88.3",
                                "P": "1002",
                                "S": "8",
                                "T": "6.7",
                                "V": "17000",
                                "W": "2",
                                "Pt": "R",
                                "Dp": "4.9",
                                "$": "1380"
                            }
                        ]
                    },
                    {
                        "type": "Day",
                        "value": "2023-11-09Z",
                        "Rep": [
                            {
                                "D": "SW",
                                "G": "11",
                                "H": "92.0",
                                "P": "1002",
                                "S": "6",
                                "T": "6.0",
                                "V": "15000",
                                "W": "8",
                                "Pt": "F",
                                "Dp": "4.8",
                                "$": "0"
                            },
                            {
                                "D": "S",
                                "G": "11",
                                "H": "92.6",
                                "P": "1002",
                                "S": "6",
                                "T": "5.8",
                                "V": "15000",
                                "W": "7",
                                "Pt": "F",
                                "Dp": "4.7",
                                "$": "60"
                            },
                            {
                                "D": "S",
                                "G": "9",
                                "H": "91.3",
                                "P": "1001",
                                "S": "3",
                                "T": "5.4",
                                "V": "16000",
                                "W": "8",
                                "Pt": "F",
                                "Dp": "4.1",
                                "$": "120"
                            },
                            {
                                "D": "S",
                                "G": "9",
                                "H": "89.5",
                                "P": "1001",
                                "S": "7",
                                "T": "6.6",
                                "V": "18000",
                                "W": "8",
                                "Pt": "F",
                                "Dp": "5.0",
                                "$": "180"
                            },
                            {
                                "D": "S",
                                "G": "11",
                                "H": "85.3",
                                "P": "1000",
                                "S": "6",
                                "T": "7.6",
                                "V": "20000",
                                "W": "8",
                                "Pt": "F",
                                "Dp": "5.3",
                                "$": "240"
                            },
                            {
                                "D": "S",
                                "G": "15",
                                "H": "87.8",
                                "P": "999",
                                "S": "8",
                                "T": "7.4",
                                "V": "19000",
                                "W": "8",
                                "Pt": "F",
                                "Dp": "5.5",
                                "$": "300"
                            },
                            {
                                "D": "SSW",
                                "G": "17",
                                "H": "89.0",
                                "P": "998",
                                "S": "13",
                                "T": "8.3",
                                "V": "29000",
                                "W": "7",
                                "Pt": "F",
                                "Dp": "6.6",
                                "$": "360"
                            },
                            {
                                "D": "SSW",
                                "G": "17",
                                "H": "90.8",
                                "P": "998",
                                "S": "9",
                                "T": "7.8",
                                "V": "27000",
                                "W": "2",
                                "Pt": "F",
                                "Dp": "6.4",
                                "$": "420"
                            },
                            {
                                "D": "SSW",
                                "G": "15",
                                "H": "88.4",
                                "P": "998",
                                "S": "10",
                                "T": "8.4",
                                "V": "30000",
                                "W": "8",
                                "Pt": "F",
                                "Dp": "6.6",
                                "$": "480"
                            },
                            {
                                "D": "SSW",
                                "G": "18",
                                "H": "88.5",
                                "P": "998",
                                "S": "10",
                                "T": "8.6",
                                "V": "30000",
                                "W": "8",
                                "Pt": "F",
                                "Dp": "6.8",
                                "$": "540"
                            },
                            {
                                "D": "SSW",
                                "G": "18",
                                "H": "83.4",
                                "P": "997",
                                "S": "10",
                                "T": "10.8",
                                "V": "35000",
                                "W": "8",
                                "Pt": "F",
                                "Dp": "8.1",
                                "$": "600"
                            },
                            {
                                "D": "WSW",
                                "G": "24",
                                "H": "75.7",
                                "P": "997",
                                "S": "16",
                                "T": "10.2",
                                "V": "35000",
                                "W": "7",
                                "Pt": "F",
                                "Dp": "6.1",
                                "$": "660"
                            },
                            {
                                "D": "SW",
                                "G": "25",
                                "H": "75.2",
                                "P": "996",
                                "S": "14",
                                "T": "10.3",
                                "V": "40000",
                                "W": "8",
                                "Pt": "F",
                                "Dp": "6.1",
                                "$": "720"
                            },
                            {
                                "D": "SW",
                                "G": "25",
                                "H": "64.3",
                                "P": "996",
                                "S": "16",
                                "T": "11.4",
                                "V": "40000",
                                "W": "1",
                                "Pt": "F",
                                "Dp": "4.9",
                                "$": "780"
                            },
                            {
                                "D": "SW",
                                "G": "23",
                                "H": "62.7",
                                "P": "995",
                                "S": "16",
                                "T": "12.0",
                                "V": "35000",
                                "W": "8",
                                "Pt": "F",
                                "Dp": "5.1",
                                "$": "840"
                            },
                            {
                                "D": "SSW",
                                "G": "28",
                                "H": "76.7",
                                "P": "995",
                                "S": "9",
                                "T": "9.7",
                                "V": "45000",
                                "W": "1",
                                "Pt": "F",
                                "Dp": "5.8",
                                "$": "900"
                            },
                            {
                                "D": "S",
                                "G": "15",
                                "H": "79.4",
                                "P": "994",
                                "S": "8",
                                "T": "9.3",
                                "V": "35000",
                                "W": "3",
                                "Pt": "F",
                                "Dp": "5.9",
                                "$": "960"
                            }
                        ]
                    }
                ]
            }
        }
    }
}