{
    "SiteRep": {
        "Wx": {
            "Param": [
                {
                    "name": "G",
                    "units": "mph",
                    "$": "Wind Gust"
                },
                {
                    "name": "T",
                    "units": "C",
                    "$": "Temperature"
                },
                {
                    "name": "V",
                    "units": "m",
                    "$": "Visibility"
                },
                {
                    "name": "D",
                    "units": "compass",
                    "$": "Wind Direction"
                },
                {
                    "name": "S",
                    "units": "mph",
                    "$": "Wind Speed"
                },
                {
                    "name": "W",
                    "units": "",
                    "$": "Weather Type"
                },
                {
                    "name": "P",
                    "units": "hpa",
                    "$": "Pressure"
                },
                {
                    "name": "Pt",
                    "units": "Pa/s",
                    "$": "Pressure Tendency"
                },
                {
                    "name": "Dp",
                    "units": "C",
                    "$": "Dew Point"
                },
                {
                    "name": "H",
                    "units": "%",
                    "$": "Screen Relative Humidity"
                }
            ]
        },
        "DV": {
            "dataDate": "2024-02-05T16:00:00Z",
            "type": "Obs",
            "Location": {
                "i": "3772",
                "lat": "51.479",
                "lon": "-0.449",
                "name": "HEATHROW",
                "country": "ENGLAND",
                "continent": "EUROPE",
                "elevation": "25.0",
                "Period": [
                    {
                        "type": "Day",
                        "value": "2024-02-04Z",
                        "Rep": [
                            {
                                "D": "WSW",
                                "G": "28",
                                "H": "82.9",
                                "P": "1023",
                                "S": "17",
                                "T": "12.9",
                                "V": "65000",
                                "W": "8",
                                "Pt": "F",
                                "Dp": "10.1",
                                "$": "960"
                            },
                            {
                                "D": "WSW",
                                "G": "32",
                                "H": "76.3",
                                "P": "1024",
                                "S": "16",
                                "T": "12.8",
                                "V": "35000",
                                "W": "8",
                                "Pt": "F",
                                "Dp": "8.8",
                                "$": "1020"
                            },
                            {
                                "D": "WSW",
                                "G": "31",
                                "H": "77.4",
                                "P": "1024",
                                "S": "19",
                                "T": "12.3",
                                "V": "25000",
                                "W": "8",
                                "Pt": "F",
                                "Dp": "8.5",
                                "$": "1080"
                            },
                            {
                                "D": "WSW",
                                "G": "29",
                                "H": "79.4",
                                "P": "1024",
                                "S": "22",
                                "T": "11.7",
                                "V": "20000",
                                "W": "2",
                                "Pt": "R",
                                "Dp": "8.3",
                                "$": "1140"
                            },
                            {
                                "D": "WSW",
                                "G": "31",
                                "H": "82.1",
                                "P": "1024",
                                "S": "21",
                                "T": "11.0",
                                "V": "17000",
                                "W": "0",
                                "Pt": "F",
                                "Dp": "8.1",
                                "$": "1200"
                            },
                            {
                                "D": "WSW",
                                "G": "34",
                                "H": "81.5",
                                "P": "1024",
                                "S": "21",
                                "T": "10.9",
                                "V": "18000",
                                "W": "0",
                                "Pt": "S",
                                "Dp": "7.9",
                                "$": "1260"
                            },
                            {
                                "D": "WSW",
                                "G": "29",
                                "H": "80.9",
                                "P": "1024",
                                "S": "23",
                                "T": "10.8",
                                "V": "18000",
                                "W": "7",
                                "Pt": "S",
                                "Dp": "7.7",
                                "$": "1320"
                            },
                            {
                                "D": "WSW",
                                "G": "32",
                                "H": "79.2",
                                "P": "1024",
                                "S": "23",
                                "T": "10.5",
                                "V": "19000",
                                "W": "8",
                                "Pt": "S",
                                "Dp": "7.1",
                                "$": "1380"
                            }
                        ]
                    },
                    {
                        "type": "Day",
                        "value": "2024-02-05Z",
                        "Rep": [
                            {
                                "D": "WSW",
                                "G": "34",
                                "H": "79.6",
                                "P": "1024",
                                "S": "23",
                                "T": "10.1",
                                "V": "21000",
                                "W": "7",
                                "Pt": "R",
                                "Dp": "6.8",
                                "$": "0"
                            },
                            {
                                "D": "W",
                                "G": "36",
                                "H": "78.6",
                                "P": "1024",
                                "S": "22",
                                "T": "10.1",
                                "V": "20000",
                                "W": "8",
                                "Pt": "R",
                                "Dp": "6.6",
                                "$": "60"
                            },
                            {
                                "D": "WSW",
                                "G": "33",
                                "H": "79.7",
                                "P": "1024",
                                "S": "23",
                                "T": "9.9",
                                "V": "21000",
                                "W": "8",
                                "Pt": "R",
                                "Dp": "6.6",
                                "$": "120"
                            },
                            {
                                "D": "WSW",
                                "G": "36",
                                "H": "79.2",
                                "P": "1023",
                                "S": "19",
                                "T": "9.9",
                                "V": "21000",
                                "W": "8",
                                "Pt": "F",
                                "Dp": "6.5",
                                "$": "180"
                            },
                            {
                                "D": "WSW",
                                "G": "28",
                                "H": "80.7",
                                "P": "1023",
                                "S": "17",
                                "T": "9.7",
                                "V": "22000",
                                "W": "8",
                                "Pt": "F",
                                "Dp": "6.6",
                                "$": "240"
                            },
                            {
                                "D": "WSW",
                                "G": "28",
                                "H": "80.1",
                                "P": "1023",
                                "S": "17",
                                "T": "9.3",
                                "V": "25000",
                                "W": "8",
                                "Pt": "F",
                                "Dp": "6.1",
                                "$": "300"
                            },
                            {
                                "D": "WSW",
                                "G": "30",
                                "H": "79.1",
                                "P": "1022",
                                "S": "19",
                                "T": "9.4",
                                "V": "25000",
                                "W": "8",
                                "Pt": "F",
                                "Dp": "6.0",
                                "$": "360"
                            },
                            {
                                "D": "WSW",
                                "G": "31",
                                "H": "79.6",
                                "P": "1022",
                                "S": "17",
                                "T": "9.3",
                                "V": "24000",
                                "W": "8",
                                "Pt": "F",
                                "Dp": "6.0",
                                "$": "420"
                            },
                            {
                                "D": "SW",
                                "G": "29",
                                "H": "78.5",
                                "P": "1022",
                                "S": "17",
                                "T": "9.3",
                                "V": "24000",
                                "W": "8",
                                "Pt": "F",
                                "Dp": "5.8",
                                "$": "480"
                            },
                            {
                                "D": "WSW",
                                "G": "28",
                                "H": "76.9",
                                "P": "1022",
                                "S": "19",
                                "T": "9.3",
                                "V": "25000",
                                "W": "8",
                                "Pt": "F",
                                "Dp": "5.5",
                                "$": "540"
                            },
                            {
                                "D": "WSW",
                                "G": "30",
                                "H": "74.8",
                                "P": "1022",
                                "S": "18",
                                "T": "10.1",
                                "V": "26000",
                                "W": "8",
                                "Pt": "F",
                                "Dp": "5.9",
                                "$": "600"
                            },
                            {
                                "D": "SW",
                                "G": "34",
                                "H": "75.4",
                                "P": "1021",
                                "S": "19",
                                "T": "10.1",
                                "V": "40000",
                                "W": "8",
                                "Pt": "F",
                                "Dp": "6.0",
                                "$": "660"
                            },
                            {
                                "D": "SW",
                                "G": "33",
                                "H": "73.4",
                                "P": "1020",
                                "S": "23",
                                "T": "10.6",
                                "V": "75000",
                                "W": "8",
                                "Pt": "F",
                                "Dp": "6.1",
                                "$": "720"
                            },
                            {
                                "D": "SW",
                                "G": "30",
                                "H": "75.1",
                                "P": "1020",
                                "S": "17",
                                "T": "10.9",
                                "V": "75000",
                                "W": "8",
                                "Pt": "F",
                                "Dp": "6.7",
                                "$": "780"
                            },
                            {
                                "D": "WSW",
                                "G": "34",
                                "H": "73.0",
                                "P": "1019",
                                "S": "21",
                                "T": "11.1",
                                "V": "75000",
                                "W": "8",
                                "Pt": "F",
                                "Dp": "6.5",
                                "$": "840"
                            },
                            {
                                "D": "SW",
                                "G": "29",
                                "H": "75.1",
                                "P": "1018",
                                "S": "18",
                                "T": "11.2",
                                "V": "75000",
                                "W": "8",
                                "Pt": "F",
                                "Dp": "7.0",
                                "$": "900"
                            },
                            {
                                "D": "WSW",
                                "G": "30",
                                "H": "72.0",
                                "P": "1018",
                                "S": "18",
                                "T": "11.2",
                                "V": "40000",
                                "W": "8",
                                "Pt": "F",
                                "Dp": "6.4",
                                "$": "960"
                            }
                        ]
                    }
                ]
            }
        }
    }
}