{
    "SiteRep": {
        "Wx": {
            "Param": [
                {
                    "name": "G",
                    "units": "mph",
                    "$": "Wind Gust"
                },
                {
                    "name": "T",
                    "units": "C",
                    "$": "Temperature"
                },
                {
                    "name": "V",
                    "units": "m",
                    "$": "Visibility"
                },
                {
                    "name": "D",
                    "units": "compass",
                    "$": "Wind Direction"
                },
                {
                    "name": "S",
                    "units": "mph",
                    "$": "Wind Speed"
                },
                {
                    "name": "W",
                    "units": "",
                    "$": "Weather Type"
                },
                {
                    "name": "P",
                    "units": "hpa",
                    "$": "Pressure"
                },
                {
                    "name": "Pt",
                    "units": "Pa/s",
                    "$": "Pressure Tendency"
                },
                {
                    "name": "Dp",
                    "units": "C",
                    "$": "Dew Point"
                },
                {
                    "name": "H",
                    "units": "%",
                    "$": "Screen Relative Humidity"
                }
            ]
        },
        "DV": {
            "dataDate": "2024-04-27T16:00:00Z",
            "type": "Obs",
            "Location": {
                "i": "3772",
                "lat": "51.479",
                "lon": "-0.449",
                "name": "HEATHROW",
                "country": "ENGLAND",
                "continent": "EUROPE",
                "elevation": "25.0",
                "Period": [
                    {
                        "type": "Day",
                        "value": "2024-04-26Z",
                        "Rep": [
                            {
                                "D": "E",
                                "G": "15",
                                "H": "46.9",
                                "P": "1003",
                                "S": "6",
                                "T": "12.5",
                                "V": "45000",
                                "W": "8",
                                "Pt": "F",
                                "Dp": "1.5",
                                "$": "960"
                            },
                            {
                                "D": "ESE",
                                "G": "15",
                                "H": "51.4",
                                "P": "1003",
                                "S": "8",
                                "T": "11.9",
                                "V": "50000",
                                "W": "8",
                                "Pt": "F",
                                "Dp": "2.2",
                                "$": "1020"
                            },
                            {
                                "D": "SE",
                                "G": "15",
                                "H": "53.9",
                                "P": "1003",
                                "S": "9",
                                "T": "11.5",
                                "V": "55000",
                                "W": "8",
                                "Pt": "F",
                                "Dp": "2.5",
                                "$": "1080"
                            },
                            {
                                "D": "ESE",
                                "G": "16",
                                "H": "60.0",
                                "P": "1003",
                                "S": "11",
                                "T": "10.3",
                                "V": "50000",
                                "W": "8",
                                "Pt": "S",
                                "Dp": "2.9",
                                "$": "1140"
                            },
                            {
                                "D": "E",
                                "G": "15",
                                "H": "60.3",
                                "P": "1003",
                                "S": "8",
                                "T": "9.7",
                                "V": "50000",
                                "W": "8",
                                "Pt": "R",
                                "Dp": "2.4",
                                "$": "1200"
                            },
                            {
                                "D": "E",
                                "G": "17",
                                "H": "57.2",
                                "P": "1003",
                                "S": "11",
                                "T": "9.5",
                                "V": "65000",
                                "W": "8",
                                "Pt": "R",
                                "Dp": "1.5",
                                "$": "1260"
                            },
                            {
                                "D": "E",
                                "G": "17",
                                "H": "52.8",
                                "P": "1003",
                                "S": "10",
                                "T": "9.3",
                                "V": "75000",
                                "W": "8",
                                "Pt": "R",
                                "Dp": "0.2",
                                "$": "1320"
                            },
                            {
                                "D": "ENE",
                                "G": "16",
                                "H": "60.1",
                                "P": "1004",
                                "S": "9",
                                "T": "9.0",
                                "V": "50000",
                                "W": "8",
                                "Pt": "R",
                                "Dp": "1.7",
                                "$": "1380"
                            }
                        ]
                    },
                    {
                        "type": "Day",
                        "value": "2024-04-27Z",
                        "Rep": [
                            {
                                "D": "ENE",
                                "G": "16",
                                "H": "68.2",
                                "P": "1004",
                                "S": "8",
                                "T": "8.6",
                                "V": "45000",
                                "W": "12",
                                "Pt": "R",
                                "Dp": "3.1",
                                "$": "0"
                            },
                            {
                                "D": "ENE",
                                "G": "19",
                                "H": "66.1",
                                "P": "1003",
                                "S": "8",
                                "T": "7.9",
                                "V": "65000",
                                "W": "12",
                                "Pt": "R",
                                "Dp": "2.0",
                                "$": "60"
                            },
                            {
                                "D": "NNE",
                                "G": "16",
                                "H": "85.1",
                                "P": "1003",
                                "S": "8",
                                "T": "6.7",
                                "V": "10000",
                                "W": "12",
                                "Pt": "F",
                                "Dp": "4.4",
                                "$": "120"
                            },
                            {
                                "D": "NE",
                                "G": "16",
                                "H": "87.7",
                                "P": "1003",
                                "S": "8",
                                "T": "6.5",
                                "V": "17000",
                                "W": "12",
                                "Pt": "F",
                                "Dp": "4.6",
                                "$": "180"
                            },
                            {
                                "D": "NE",
                                "G": "16",
                                "H": "89.5",
                                "P": "1003",
                                "S": "8",
                                "T": "6.1",
                                "V": "12000",
                                "W": "12",
                                "Pt": "F",
                                "Dp": "4.5",
                                "$": "240"
                            },
                            {
                                "D": "NE",
                                "G": "18",
                                "H": "91.9",
                                "P": "1003",
                                "S": "8",
                                "T": "5.9",
                                "V": "30000",
                                "W": "12",
                                "Pt": "F",
                                "Dp": "4.7",
                                "$": "300"
                            },
                            {
                                "D": "NE",
                                "G": "17",
                                "H": "91.4",
                                "P": "1003",
                                "S": "8",
                                "T": "6.1",
                                "V": "16000",
                                "W": "12",
                                "Pt": "F",
                                "Dp": "4.8",
                                "$": "360"
                            },
                            {
                                "D": "NE",
                                "G": "15",
                                "H": "90.7",
                                "P": "1003",
                                "S": "9",
                                "T": "6.4",
                                "V": "40000",
                                "W": "8",
                                "Pt": "F",
                                "Dp": "5.0",
                                "$": "420"
                            },
                            {
                                "D": "NE",
                                "G": "19",
                                "H": "88.3",
                                "P": "1003",
                                "S": "10",
                                "T": "6.7",
                                "V": "45000",
                                "W": "8",
                                "Pt": "R",
                                "Dp": "4.9",
                                "$": "480"
                            },
                            {
                                "D": "NE",
                                "G": "17",
                                "H": "87.7",
                                "P": "1003",
                                "S": "8",
                                "T": "7.2",
                                "V": "50000",
                                "W": "8",
                                "Pt": "R",
                                "Dp": "5.3",
                                "$": "540"
                            },
                            {
                                "D": "NE",
                                "G": "13",
                                "H": "86.6",
                                "P": "1003",
                                "S": "7",
                                "T": "7.9",
                                "V": "50000",
                                "W": "8",
                                "Pt": "R",
                                "Dp": "5.8",
                                "$": "600"
                            },
                            {
                                "D": "ENE",
                                "G": "14",
                                "H": "85.9",
                                "P": "1003",
                                "S": "8",
                                "T": "8.2",
                                "V": "40000",
                                "W": "8",
                                "Pt": "R",
                                "Dp": "6.0",
                                "$": "660"
                            },
                            {
                                "D": "NE",
                                "G": "15",
                                "H": "84.3",
                                "P": "1003",
                                "S": "8",
                                "T": "9.0",
                                "V": "35000",
                                "W": "8",
                                "Pt": "R",
                                "Dp": "6.5",
                                "$": "720"
                            },
                            {
                                "D": "ENE",
                                "G": "14",
                                "H": "83.3",
                                "P": "1003",
                                "S": "9",
                                "T": "9.8",
                                "V": "30000",
                                "W": "8",
                                "Pt": "F",
                                "Dp": "7.1",
                                "$": "780"
                            },
                            {
                                "D": "ENE",
                                "G": "17",
                                "H": "77.4",
                                "P": "1003",
                                "S": "9",
                                "T": "11.3",
                                "V": "30000",
                                "W": "8",
                                "Pt": "F",
                                "Dp": "7.5",
                                "$": "840"
                            },
                            {
                                "D": "NE",
                                "G": "15",
                                "H": "72.4",
                                "P": "1002",
                                "S": "8",
                                "T": "11.7",
                                "V": "35000",
                                "W": "7",
                                "Pt": "F",
                                "Dp": "6.9",
                                "$": "900"
                            },
                            {
                                "D": "NE",
                                "G": "15",
                                "H": "72.3",
                                "P": "1002",
                                "S": "8",
                                "T": "11.6",
                                "V": "35000",
                                "W": "8",
                                "Pt": "F",
                                "Dp": "6.8",
                                "$": "960"
                            }
                        ]
                    }
                ]
            }
        }
    }
}